fpType,relIndex,absIndex,fpName,pos,neg,smarts
openbabel,0,8,Un8,TRUE,,"[CX3]=N([#6,#1])[#6,#1]"
openbabel,1,21,Un21,TRUE,,"[#6,#1]C([#6,#1])(N([#6,#1])[#6,#1])([S][#6])"
openbabel,2,33,Un33,TRUE,,c[OH]
openbabel,3,34,Un34,TRUE,,[OH]cc[OH]
openbabel,4,36,Un36,TRUE,,[#6]O[#6]
openbabel,5,39,Un39,TRUE,,cOc
openbabel,6,40,Un40,TRUE,,[#6]S[#6]
openbabel,7,48,Un48,TRUE,,[R]
substructure,8,58,Un58,TRUE,,[CX4]([#6])([#6])([#6])[#6]
substructure,9,65,Un65,TRUE,,[IX1][CX4]
substructure,10,66,Un66,TRUE,,"[OX2H][CX4;!$(C([OX2H])[O,S,#7,#15])]"
substructure,11,67,Un67,TRUE,,"[OX2H][CX4H2;!$(C([OX2H])[O,S,#7,#15])]"
substructure,12,68,Un68,TRUE,,"[OX2H][CX4H;!$(C([OX2H])[O,S,#7,#15])]"
substructure,13,69,Un69,TRUE,,"[OX2H][CX4D4;!$(C([OX2H])[O,S,#7,#15])]"
substructure,14,70,Un70,TRUE,,"[OX2]([CX4;!$(C([OX2])[O,S,#7,#15,F,Cl,Br,I])])[CX4;!$(C([OX2])[O,S,#7,#15])]"
substructure,15,72,Un72,TRUE,,"[OX2](c)[CX4;!$(C([OX2])[O,S,#7,#15,F,Cl,Br,I])]"
substructure,16,77,Un77,TRUE,,"[NX3+0,NX4+;!$([N]~[!#6]);!$([N]*~[#7,#8,#15,#16])]"
substructure,17,78,Un78,TRUE,,"[NX3H2+0,NX4H3+;!$([N][!C]);!$([N]*~[#7,#8,#15,#16])]"
substructure,18,79,Un79,TRUE,,"[NX3H1+0,NX4H2+;!$([N][!C]);!$([N]*~[#7,#8,#15,#16])]"
substructure,19,81,Un81,TRUE,,"[NX4H0+;!$([N][!C]);!$([N]*~[#7,#8,#15,#16])]"
substructure,20,82,Un82,TRUE,,"[NX3H2+0,NX4H3+]c"
substructure,21,83,Un83,TRUE,,"[NX3H1+0,NX4H2+;!$([N][!c]);!$([N]*~[#7,#8,#15,#16])]"
substructure,22,91,Un91,TRUE,,"[SX2]([CX4;!$(C([SX2])[O,S,#7,#15,F,Cl,Br,I])])[CX4;!$(C([SX2])[O,S,#7,#15])]"
substructure,23,92,Un92,TRUE,,"[SX2](c)[CX4;!$(C([SX2])[O,S,#7,#15])]"
substructure,24,95,Un95,TRUE,,"[OX2H][CX4;!$(C([OX2H])[O,S,#7,#15])][CX4;!$(C([OX2H])[O,S,#7,#15])][OX2H]"
substructure,25,103,Un103,TRUE,,[#6][CX3](=[OX1])[#6]
substructure,26,117,Un117,TRUE,,"[NX3v3,SX2,OX2;!$(*C=[#7,#8,#15,#16])][CX4;!$(C([N,S,O])([N,S,O])[!#6])][FX1,ClX1,BrX1,IX1,NX3v3,SX2,OX2;!$(*C=[#7,#8,#15,#16])]"
substructure,27,120,Un120,TRUE,,"[NX3v3,SX2,OX2;$(**=[#7,#8,#15,#16])][CX4;!$(C([N,S,O])([N,S,O])[!#6])][FX1,ClX1,BrX1,IX1,NX3v3,SX2,OX2;!$(*C=[#7,#8,#15,#16])]"
substructure,28,138,Un138,TRUE,,"[CX3;$([R0][#6]),$([H1R0])](=[OX1])[$([OX2H]),$([OX1-])]"
substructure,29,139,Un139,TRUE,,"[CX3;$([R0][#6]),$([H1R0])](=[OX1])[OX2][#6;!$(C=[O,N,S])]"
substructure,30,140,Un140,TRUE,,"[#6][#6X3R](=[OX1])[#8X2][#6;!$(C=[O,N,S])]"
substructure,31,141,Un141,TRUE,,"[CX3;$([H0][#6]),$([H1])](=[OX1])[#8X2][CX3;$([H0][#6]),$([H1])](=[OX1])"
substructure,32,144,Un144,TRUE,,"[CX3;$([R0][#6]),$([H1R0])](=[OX1])[SX2][#6;!$(C=[O,N,S])]"
substructure,33,152,Un152,TRUE,,"[CX3;$([R0][#6]),$([H1R0])](=[OX1])[#7X3;$([H2]),$([H1][#6;!$(C=[O,N,S])]),$([#7]([#6;!$(C=[O,N,S])])[#6;!$(C=[O,N,S])])]"
substructure,34,153,Un153,TRUE,,"[CX3;$([R0][#6]),$([H1R0])](=[OX1])[NX3H2]"
substructure,35,155,Un155,TRUE,,"[CX3;$([R0][#6]),$([H1R0])](=[OX1])[#7X3H0]([#6;!$(C=[O,N,S])])[#6;!$(C=[O,N,S])]"
substructure,36,156,Un156,TRUE,,"[#6R][#6X3R](=[OX1])[#7X3;$([H1][#6;!$(C=[O,N,S])]),$([H0]([#6;!$(C=[O,N,S])])[#6;!$(C=[O,N,S])])]"
substructure,37,158,Un158,TRUE,,"[#6X3;$([H0][#6]),$([H1])](=[OX1])[#7X3H0]([!#6])[#6X3;$([H0][#6]),$([H1])](=[OX1])"
substructure,38,164,Un164,TRUE,,"[CX3;$([H0][#6]),$([H1])](=[OX1])[#7X3;$([H1]),$([H0][#6;!$(C=[O,N,S])])][$([OX2H]),$([OX1-])]"
substructure,39,173,Un173,TRUE,,"[#6R][#6X3R](=,:[#7X2;$([H1]),$([H0][#6;!$(C=[O,N,S])])])[SX2][#6;!$(C=[O,N,S])]"
substructure,40,177,Un177,TRUE,,"[#6R][#6X3R](=,:[#7X2;$([H1]),$([H0][#6;!$(C=[O,N,S])])])[FX1,ClX1,BrX1,IX1]"
substructure,41,179,Un179,TRUE,,"[NX3,NX4+;!$([N]~[!#6]);!$([N]*~[#7,#8,#15,#16])][C][CX3](=[OX1])[OX2H,OX1-]"
substructure,42,180,Un180,TRUE,,"[OX2H][C][CX3](=[OX1])[OX2H,OX1-]"
substructure,43,181,Un181,TRUE,,"[NX3;$([N][CX3](=[OX1])[C][NX3,NX4+])][C][CX3](=[OX1])[NX3;$([N][C][CX3](=[OX1])[NX3,OX2,OX1-])]"
substructure,44,182,Un182,TRUE,,"[NX3;$([N][CX3](=[OX1])[C][NX3,NX4+])][C][CX3](=[OX1])[OX2H,OX1-]"
substructure,45,183,Un183,TRUE,,"[NX3,NX4+;!$([N]~[!#6]);!$([N]*~[#7,#8,#15,#16])][C][CX3](=[OX1])[NX3;$([N][C][CX3](=[OX1])[NX3,OX2,OX1-])]"
substructure,46,189,Un189,TRUE,,"[#6X3](=[OX1])[#6X3]=,:[#6X3][#7,#8,#16,F,Cl,Br,I]"
substructure,47,190,Un190,TRUE,,"[#6X3](=[OX1])[#6X3]=,:[#6X3][$([OX2H]),$([OX1-])]"
substructure,48,193,Un193,TRUE,,"[#6X3](=[OX1])[#6X3]=,:[#6X3][FX1,ClX1,BrX1,IX1]"
substructure,49,197,Un197,TRUE,,[!#6][#6X3](=[!#6])[!#6]
substructure,50,204,Un204,TRUE,,"[#7X2;!$([#7][!#6])]=,:[#6X3]([#16X2&!$([#16][!#6]),SX1-])[#7X3;!$([#7][!#6])]"
substructure,51,205,Un205,TRUE,,"[N;v3X3,v4X4+][CX3](=[N;v3X2,v4X3+])[N;v3X3,v4X4+]"
substructure,52,219,Un219,TRUE,,[NX2]=[CX2]=[SX1]
substructure,53,225,Un225,TRUE,,[Cl][c]
substructure,54,226,Un226,TRUE,,[F][c]
substructure,55,227,Un227,TRUE,,[Br][c]
substructure,56,231,Un231,TRUE,,[c]=[OX1]
substructure,57,232,Un232,TRUE,,[c]=[SX1]
substructure,58,233,Un233,TRUE,,[nX3H1+0]
substructure,59,234,Un234,TRUE,,[nX3H0+0]
substructure,60,236,Un236,TRUE,,[o]
substructure,61,237,Un237,TRUE,,[sX2]
substructure,62,243,Un243,TRUE,,[NX2](=[OX1])[!#7;!#8]
substructure,63,261,Un261,TRUE,,"[SX4](=[OX1])(=[OX1])([#7X3;$([H2]),$([H1][#6;!$(C=[O,N,S])]),$([#7]([#6;!$(C=[O,N,S])])[#6;!$(C=[O,N,S])])])[#7X3;$([H2]),$([H1][#6;!$(C=[O,N,S])]),$([#7]([#6;!$(C=[O,N,S])])[#6;!$(C=[O,N,S])])]"
substructure,64,264,Un264,TRUE,,"[SX4;$([H1]),$([H0][#6])](=[OX1])(=[OX1])[$([OX2H]),$([OX1-])]"
substructure,65,265,Un265,TRUE,,"[SX4;$([H1]),$([H0][#6])](=[OX1])(=[OX1])[#7X3;$([H2]),$([H1][#6;!$(C=[O,N,S])]),$([#7]([#6;!$(C=[O,N,S])])[#6;!$(C=[O,N,S])])]"
substructure,66,266,Un266,TRUE,,"[SX4;$([H1]),$([H0][#6])](=[OX1])(=[OX1])[OX2][#6;!$(C=[O,N,S])]"
substructure,67,267,Un267,TRUE,,"[SX4;$([H1]),$([H0][#6])](=[OX1])(=[OX1])[FX1,ClX1,BrX1,IX1]"
substructure,68,268,Un268,TRUE,,"[SX4;$([H1]),$([H0][#6])](=[!#6])(=[!#6])[!#6]"
substructure,69,278,Un278,TRUE,,"[SX2;$([H1]),$([H0][#6])][!#6]"
substructure,70,279,Un279,TRUE,,"[PX3;$([H3]),$([H2][#6]),$([H1]([#6])[#6]),$([H0]([#6])([#6])[#6])]"
substructure,71,285,Un285,TRUE,,"[PX4;$([H1]),$([H0][#6])](=[OX1])([OX2][#6;!$(C=[O,N,S])])[OX2][#6;!$(C=[O,N,S])]"
substructure,72,289,Un289,TRUE,,"[PX4;$([H1]),$([H0][#6])](=[!#6])([!#6])[!#6]"
substructure,73,291,Un291,TRUE,,"[PX4D4](=[OX1])([$([OX2H]),$([OX1-])])([$([OX2H]),$([OX1-])])[OX2][#6;!$(C=[O,N,S])]"
substructure,74,293,Un293,TRUE,,"[PX4D4](=[OX1])([OX2][#6;!$(C=[O,N,S])])([OX2][#6;!$(C=[O,N,S])])[OX2][#6;!$(C=[O,N,S])]"
substructure,75,300,Un300,TRUE,,[PX4D4](=[!#6])([!#6])([!#6])[!#6]
substructure,76,328,Un328,TRUE,,a
substructure,77,332,Un332,TRUE,,[D4R;$(*(@*)(@*)(@*)@*)]
substructure,78,334,Un334,TRUE,,[R;$(*(@*)(@*)@*);!$([D4R;$(*(@*)(@*)(@*)@*)]);!$([R;$(*(@*)(@*)@*);!$([R2;$(*(@*)(@*)(@*)@*)])]@[R;$(*(@*)(@*)@*);!$([R2;$(*(@*)(@*)(@*)@*)])])]
substructure,79,335,Un335,TRUE,,"[OX2;$([r5]1@C@C@C(O)@C1),$([r6]1@C@C@C(O)@C(O)@C1)]"
substructure,80,337,Un337,TRUE,,"[OX2;$([r5]1@C(!@[OX2,NX3,SX2,FX1,ClX1,BrX1,IX1])@C@C(O)@C1),$([r6]1@C(!@[OX2,NX3,SX2,FX1,ClX1,BrX1,IX1])@C@C(O)@C(O)@C1)]"
substructure,81,338,Un338,TRUE,,"[OX2;$([r5]1@C(!@[OX2H1])@C@C@C1),$([r6]1@C(!@[OX2H1])@C@C@C@C1)]"
substructure,82,341,Un341,TRUE,,"*=*[*]=,#,:[*]"
substructure,83,345,Un345,TRUE,,"[$(*=O),$([#16,#14,#5]),$([#7]([#6]=[OX1]))][#8X2][$(*=O),$([#16,#14,#5]),$([#7]([#6]=[OX1]))]"
substructure,84,355,Un355,TRUE,,"[$([#7X2,OX1,SX1]=,:**=,:*[!H0;!$([a;!n])]),$([#7X3,OX2,SX2;!H0]*=**=*),$([#7X3,OX2,SX2;!H0]*=,:**:n)]"
maccs,85,384,Un384,TRUE,,[#7]~[#6](~[#8])~[#8] ( NC(O)O)
maccs,86,386,Un386,TRUE,,[#7]~[#6](~[#7])~[#7] ( NC(N)N)
maccs,87,387,Un387,TRUE,,[#6]=;@[#6](@*)@* ( C$=C($A)$A)
maccs,88,388,Un388,TRUE,,[I] ( I)
maccs,89,391,Un391,TRUE,,[#6]~[!#6;!#1](~[#6])(~[#6])~* ( CQ(C)(C)A)
maccs,90,397,Un397,TRUE,,[#16R] ( S Heterocycle)
maccs,91,398,Un398,TRUE,,[#7]~[#6](~[#8])~[#7] ( NC(O)N)
maccs,92,404,Un404,TRUE,,[!C;!c;!#1;!H0]~*~[!C;!c;!#1;!H0] ( QHAQH)
maccs,93,408,Un408,TRUE,,[#16]~*~[#7] ( SAN)
maccs,94,409,Un409,TRUE,,[#8]~[!#6;!#1](~[#8])(~[#8]) ( OQ(O)O)
maccs,95,411,Un411,TRUE,,[#6]=[#6](~[#6])~[#6] ( C=C(C)C)
maccs,96,413,Un413,TRUE,,[#7]~[#7] ( NN)
maccs,97,414,Un414,TRUE,,[!#6;!#1;!H0]~*~*~*~[!#6;!#1;!H0] ( QHAAAQH)
maccs,98,415,Un415,TRUE,,[!#6;!#1;!H0]~*~*~[!#6;!#1;!H0] ( QHAAQH)
maccs,99,418,Un418,TRUE,,[#8R] ( O Heterocycle)
maccs,100,423,Un423,TRUE,,[R]!@[R] ( A$!A$A)
maccs,101,425,Un425,TRUE,,[#16]!@*@* ( A$A!S)
maccs,102,430,Un430,TRUE,,[!#6;!#1]~[!#6;!#1;!H0] ( QQH)
maccs,103,434,Un434,TRUE,,[#16]=* ( S=A)
maccs,104,435,Un435,TRUE,,[CH3]~*~[CH3] ( CH3ACH3)
maccs,105,438,Un438,TRUE,,[#7]~*~[#7] ( NAN)
maccs,106,440,Un440,TRUE,,[#7]~*~*~[#7] ( NAAN)
maccs,107,441,Un441,TRUE,,[#7]~*~*~*~[#7] ( NAAAN)
maccs,108,443,Un443,TRUE,,[CH2](~*)~[!#6;!#1;!H0] ( ACH2QH)
maccs,109,445,Un445,TRUE,,[NH2] ( NH2)
maccs,110,447,Un447,TRUE,,"[C;H2,H3][!#6;!#1][C;H2,H3] ( CH2QCH2)"
maccs,111,448,Un448,TRUE,,"[F,Cl,Br,I]!@*@* ( X!A$A)"
maccs,112,450,Un450,TRUE,,[#8]~*~*~*~[#8] ( OAAAO)
maccs,113,451,Un451,TRUE,,[#6H2](~*~*~[!#6!#1!H0])~* ( QHAACH2A)
maccs,114,452,Un452,TRUE,,[#6H2](~*~*~*~[!#6!#1!H0])~* ( QHAAACH2A)
maccs,115,456,Un456,TRUE,,[#7]~*~*~[#8] ( NAAO)
maccs,116,458,Un458,TRUE,,[#8]~*~*~*~[#7] ( NAAAO)
maccs,117,461,Un461,TRUE,,[#7]~[CH2]~* ( ACH2N)
maccs,118,462,Un462,TRUE,,[R]1@*@*@*@*@*@*@*@1 ( 8M Ring)
maccs,119,463,Un463,TRUE,,[!#6;!#1]~[#8] ( QO)
maccs,120,464,Un464,TRUE,,Cl ( CL)
maccs,121,465,Un465,TRUE,,[!#6;!#1;!H0]~*~[CH2]~* ( QHACH2A)
maccs,122,466,Un466,TRUE,,[R!x2](@*)(@*)@* ( A$A($A)$A)
maccs,123,467,Un467,TRUE,,[!#6;!#1]~*(~[!#6;!#1])~[!#6;!#1] ( QA(Q)Q)
maccs,124,468,Un468,TRUE,,"[F,Cl,Br,I]~*(~*)~* ( XA(A)A)"
maccs,125,469,Un469,TRUE,,[CH3]~*~*~*~[CH2]~* ( CH3AAACH2A)
maccs,126,470,Un470,TRUE,,[#8]~[CH2]~* ( ACH2O)
maccs,127,473,Un473,TRUE,,*(~*)(~*)(~*)~* ( AA(A)(A)A)
maccs,128,475,Un475,TRUE,,[CH3]~[CH2]~* ( CH3CH2A)
maccs,129,476,Un476,TRUE,,[CH3]~*~[CH2]~* ( CH3ACH2A)
maccs,130,477,Un477,TRUE,,[#6H3]~*~*~[#6H2]~* ( CH3AACH2A)
maccs,131,478,Un478,TRUE,,[#7]~*~[#8] ( NAO)
maccs,132,479,Un479,TRUE,,[#6H2]([#6H2]*)* >= 2
maccs,133,481,Un481,TRUE,,[!#6;R] >= 2
maccs,134,482,Un482,TRUE,,[#7;R] ( N Heterocycle)
maccs,135,483,Un483,TRUE,,[#7](~*)(~*)~* ( AN(A)A)
maccs,136,484,Un484,TRUE,,[#8]~[#6]~[#8] ( OCO)
maccs,137,485,Un485,TRUE,,[!#6;!#1]~[!#6;!#1] ( QQ)
maccs,138,488,Un488,TRUE,,[#8]!@[R]@* >= 2
maccs,139,489,Un489,TRUE,,[#6H2](~*~*~*~[#6H2]~*)~* ( ACH2AAACH2A)
maccs,140,490,Un490,TRUE,,[#6H2](~*~*~[#6H2]~*)~* ( ACH2AACH2A)
maccs,141,493,Un493,TRUE,,[#8]~*~[CH2]~* ( OACH2A)
maccs,142,495,Un495,TRUE,,"[F,Cl,Br,I] ( X (HALOGEN))"
maccs,143,496,Un496,TRUE,,[#7]!:*:* ( Nnot%A%A)
maccs,144,497,Un497,TRUE,,[#8]=* >= 2
maccs,145,499,Un499,TRUE,,[!#6;!#1]~[CH2]~* >= 2
maccs,146,502,Un502,TRUE,,[CH3] >= 3
maccs,147,506,Un506,TRUE,,[R]1@*@*@*@*@*@1 >= 2
maccs,148,510,Un510,TRUE,,"[C;H3,H4] >= 2"
maccs,149,512,Un512,TRUE,,[#7;!H0] ( NH)
maccs,150,513,Un513,TRUE,,[#8]~[#6](~[#6])~[#6] ( OC(C)C)
maccs,151,514,Un514,TRUE,,[!#6;!#1]~[CH2]~* ( QCH2A)
maccs,152,519,Un519,TRUE,,[#6]-[#7] ( C-N)
cactvs,153,673,Un673,TRUE,, >= 1 saturated or aromatic nitrogen-containing ring size 5
cactvs,154,676,Un676,TRUE,, >= 1 unsaturated non-aromatic nitrogen-containing ring size 5
cactvs,155,678,Un678,TRUE,, >= 2 any ring size 5
cactvs,156,680,Un680,TRUE,, >= 2 saturated or aromatic nitrogen-containing ring size 5
cactvs,157,684,Un684,TRUE,, >= 2 unsaturated non-aromatic heteroatom-containing ring size 5
cactvs,158,694,Un694,TRUE,, >= 4 saturated or aromatic nitrogen-containing ring size 5
cactvs,159,709,Un709,TRUE,, >= 1 saturated or aromatic heteroatom-containing ring size 6
cactvs,160,712,Un712,TRUE,, >= 1 unsaturated non-aromatic heteroatom-containing ring size 6
cactvs,161,714,Un714,TRUE,, >= 2 saturated or aromatic carbon-only ring size 6
cactvs,162,716,Un716,TRUE,, >= 2 saturated or aromatic heteroatom-containing ring size 6
cactvs,163,720,Un720,TRUE,, >= 3 any ring size 6
cactvs,164,721,Un721,TRUE,, >= 3 saturated or aromatic carbon-only ring size 6
cactvs,165,723,Un723,TRUE,, >= 3 saturated or aromatic heteroatom-containing ring size 6
cactvs,166,727,Un727,TRUE,, >= 4 any ring size 6
cactvs,167,728,Un728,TRUE,, >= 4 saturated or aromatic carbon-only ring size 6
cactvs,168,729,Un729,TRUE,, >= 4 saturated or aromatic nitrogen-containing ring size 6
cactvs,169,734,Un734,TRUE,, >= 5 any ring size 6
cactvs,170,741,Un741,TRUE,, >= 1 any ring size 7
cactvs,171,781,Un781,TRUE,, >= 1 unsaturated non-aromatic nitrogen-containing ring size 10
cactvs,172,784,Un784,TRUE,, >= 1 hetero-aromatic ring
cactvs,173,785,Un785,TRUE,, >= 2 aromatic rings
cactvs,174,786,Un786,TRUE,, >= 2 hetero-aromatic rings
cactvs,175,787,Un787,TRUE,, >= 3 aromatic rings
cactvs,176,788,Un788,TRUE,, >= 3 hetero-aromatic rings
cactvs,177,789,Un789,TRUE,, >= 4 aromatic rings
cactvs,178,790,Un790,TRUE,, >= 4 hetero-aromatic rings
cactvs,179,814,Un814,TRUE,,[#6]~[#8] ( C-O)
cactvs,180,820,Un820,TRUE,,[#6]~[#15] ( C-P)
cactvs,181,821,Un821,TRUE,,[#6]~[#16] ( C-S)
cactvs,182,832,Un832,TRUE,,[#7]~[#15] ( N-P)
cactvs,183,842,Un842,TRUE,,[#8]~[#15] ( O-P)
cactvs,184,859,Un859,TRUE,,[#6](~[Br])(:[n]) (C(~Br)(:N))
cactvs,185,879,Un879,TRUE,,[#6](~[#6])(~[#7]) (C(~C)(~N))
cactvs,186,881,Un881,TRUE,,[#6](~[#6])(~[#16]) (C(~C)(~S))
cactvs,187,887,Un887,TRUE,,[#6](~[#6])(:n)(:n) (C(~C)(:N)(:N))
cactvs,188,891,Un891,TRUE,,[#6](~[F])(~[F]) (C(~F)(~F))
cactvs,189,895,Un895,TRUE,,[#6&!H0](~[#8])(~[#8]) (C(~H)(~O)(~O))
cactvs,190,896,Un896,TRUE,,[#6&!H0](~[#16]) (C(~H)(~S))
cactvs,191,901,Un901,TRUE,,[#6&!H0](:n) (C(~H)(:N))
cactvs,192,902,Un902,TRUE,,[#6H3] (C(~H)(~H)(~H))
cactvs,193,906,Un906,TRUE,,[#6](~[#7])(:c)(:n) (C(~N)(:C)(:N))
cactvs,194,913,Un913,TRUE,,[#6](:c)(:c)(:c) (C(:C)(:C)(:C))
cactvs,195,914,Un914,TRUE,,[#6](:c)(:c)(:n) (C(:C)(:C)(:N))
cactvs,196,916,Un916,TRUE,,[#6](:c)(:n)(:n) (C(:C)(:N)(:N))
cactvs,197,917,Un917,TRUE,,[#6](:n)(:n) (C(:N)(:N))
cactvs,198,938,Un938,TRUE,,[#15](~[#6])(~[#6]) (P(~C)(~C))
cactvs,199,939,Un939,TRUE,,[#15](~[#8])(~[#8]) (P(~O)(~O))
cactvs,200,949,Un949,TRUE,,"[#6]=,:[#16] (C=S)"
cactvs,201,960,Un960,TRUE,,"[#6](-,:[#6])(-,:[#6])(=,:[#8]) (C(-C)(-C)(=O))"
cactvs,202,976,Un976,TRUE,,"[#6&!H0](=,:[#8]) (C(-H)(=O))"
cactvs,203,990,Un990,TRUE,,"[#8]-,:[#6]-,:[#6]=,:[#8] (O-C-C=O)"
cactvs,204,996,Un996,TRUE,,"[#8]=,:[#16]-,:[#6]-,:[#7] (O=S-C-N)"
cactvs,205,999,Un999,TRUE,,[#16]:[#6]:[#6]:[#6] (S:C:C:C)
cactvs,206,1002,Un1002,TRUE,,[#16]:[#6]:[#6]:[#7] (S:C:C:N)
cactvs,207,1003,Un1003,TRUE,,"[#16]-,:[#6]=,:[#7]-,:[#6] (S-C=N-C)"
cactvs,208,1005,Un1005,TRUE,,"[#7]-,:[#7]-,:[#6]:[#6] (N-N-C:C)"
cactvs,209,1006,Un1006,TRUE,,"[#16]-,:[#6]=,:[#7&!H0] (S-C=N-[#1])"
cactvs,210,1014,Un1014,TRUE,,"[#7]-,:[#6]:[#7]:[#7] (N-C:N:N)"
cactvs,211,1017,Un1017,TRUE,,"[#7]-,:[#6]-,:[#16]-,:[#6] (N-C-S-C)"
cactvs,212,1022,Un1022,TRUE,,"[#8]=,:[#6]-,:[#6]:[#7] (O=C-C:N)"
cactvs,213,1028,Un1028,TRUE,,"[#6]-,:[#16]-,:[#6]:[#6] (C-S-C:C)"
cactvs,214,1031,Un1031,TRUE,,"[Cl]-,:[#6]:[#6&!H0] (Cl-C:C-[#1])"
cactvs,215,1035,Un1035,TRUE,,"[#6]-,:[#6]-,:[#16]-,:[#6] (C-C-S-C)"
cactvs,216,1036,Un1036,TRUE,,"[#16]=,:[#6]-,:[#7]-,:[#6] (S=C-N-C)"
cactvs,217,1037,Un1037,TRUE,,"[Br]-,:[#6]:[#6]-,:[#6] (Br-C:C-C)"
cactvs,218,1039,Un1039,TRUE,,"[#16]=,:[#6]-,:[#7&!H0] (S=C-N-[#1])"
cactvs,219,1041,Un1041,TRUE,,[#16]:[#6]:[#6&!H0] (S:C:C-[#1])
cactvs,220,1050,Un1050,TRUE,,"[#6]-,:[#7]-,:[#7&!H0] (C-N-N-[#1])"
cactvs,221,1051,Un1051,TRUE,,"[#7]:[#6]:[#6]-,:[#6] (N:C:C-C)"
cactvs,222,1054,Un1054,TRUE,,"[Cl]-,:[#6]:[#6]-,:[Cl] (Cl-C:C-Cl)"
cactvs,223,1056,Un1056,TRUE,,"[#7&!H0]-,:[#6&!H0] ([#1]-N-C-[#1])"
cactvs,224,1059,Un1059,TRUE,,"[#16]-,:[#6]:[#6]-,:[#6] (S-C:C-C)"
cactvs,225,1060,Un1060,TRUE,,"[#16]-,:[#6]:[#6&!H0] (S-C:C-[#1])"
cactvs,226,1064,Un1064,TRUE,,"[#8]=,:[#6]-,:[#6]-,:[#7] (O=C-C-N)"
cactvs,227,1072,Un1072,TRUE,,"[#8]-,:[#6]:[#6]-,:[#8] (O-C:C-O)"
cactvs,228,1075,Un1075,TRUE,,"[#7]-,:[#6]:[#6]-,:[#7] (N-C:C-N)"
cactvs,229,1078,Un1078,TRUE,,"[Cl]-,:[#6]-,:[#6]-,:[#6] (Cl-C-C-C)"
cactvs,230,1089,Un1089,TRUE,,"[Cl]-,:[#6]-,:[#6]=,:[#8] (Cl-C-C=O)"
cactvs,231,1090,Un1090,TRUE,,"[Br]-,:[#6]-,:[#6]=,:[#8] (Br-C-C=O)"
cactvs,232,1101,Un1101,TRUE,,"[#8]-,:[#6]-,:[#6]=,:[#6] (O-C-C=C)"
cactvs,233,1104,Un1104,TRUE,,"[#7]=,:[#6]-,:[#6]:[#6&!H0] (N=C-C:C-[#1])"
cactvs,234,1105,Un1105,TRUE,,"c:c-,:[#7]-,:c:c (C:C-N-C:C)"
cactvs,235,1109,Un1109,TRUE,,"[#8]=,:[#6]-,:[#6]-,:[#6]-,:[#8] (O=C-C-C-O)"
cactvs,236,1113,Un1113,TRUE,,"[#6]-,:[#6]:[#6]-,:[#7]-,:[#6] (C-C:C-N-C)"
cactvs,237,1116,Un1116,TRUE,,"[#8]=,:[#6]-,:[#6]-,:[#6]=,:[#8] (O=C-C-C=O)"
cactvs,238,1119,Un1119,TRUE,,"[Cl]-,:[#6]-,:[#6]-,:[#6]-,:[#6] (Cl-C-C-C-C)"
cactvs,239,1128,Un1128,TRUE,,"[#7]-,:[#6]:[#6]:[#6]-,:[#6] (N-C:C:C-C)"
cactvs,240,1129,Un1129,TRUE,,"[#7]-,:[#6]:[#6]:[#6]-,:[#7] (N-C:C:C-N)"
cactvs,241,1132,Un1132,TRUE,,"[#6]-,:[#8]-,:[#6]-,:[#6]:c (C-O-C-C:C)"
cactvs,242,1135,Un1135,TRUE,,"[#7]-,:[#6]-,:[#6]-,:[#6]:c (N-C-C-C:C)"
cactvs,243,1137,Un1137,TRUE,,"[Cl]-,:[#6]-,:[#6]-,:[#7]-,:[#6] (Cl-C-C-N-C)"
cactvs,244,1140,Un1140,TRUE,,"[#7]-,:[#6]-,:[#8]-,:[#6]-,:[#6] (N-C-O-C-C)"
cactvs,245,1141,Un1141,TRUE,,"[#6]-,:[#7]-,:[#6]-,:[#6]-,:[#6] (C-N-C-C-C)"
cactvs,246,1142,Un1142,TRUE,,"[#6]-,:[#6]-,:[#8]-,:[#6]-,:[#6] (C-C-O-C-C)"
cactvs,247,1148,Un1148,TRUE,,"c:c-,:[#8]-,:[#6]-,:[#6] (C:C-O-C-C)"
cactvs,248,1150,Un1150,TRUE,,"[#8]=,:[#6]-,:[#8]-,:[#6]:c (O=C-O-C:C)"
cactvs,249,1151,Un1151,TRUE,,"[#8]=,:[#6]-,:[#6]:[#6]-,:[#6] (O=C-C:C-C)"
cactvs,250,1153,Un1153,TRUE,,"[#8]=,:[#6]-,:[#6]:[#6]-,:[#8] (O=C-C:C-O)"
cactvs,251,1157,Un1157,TRUE,,"[#16]-,:[#6]:c:c-,:[#7] (S-C:C:C-N)"
cactvs,252,1159,Un1159,TRUE,,"[#8]-,:[#6]:[#6]-,:[#8&!H0] (O-C:C-O-[#1])"
cactvs,253,1167,Un1167,TRUE,,"[#8]-,:[#6]-,:[#6]-,:[#6]-,:[#8] (O-C-C-C-O)"
cactvs,254,1168,Un1168,TRUE,,"[#6]=,:[#6]-,:[#6]-,:[#6]-,:[#6] (C=C-C-C-C)"
cactvs,255,1175,Un1175,TRUE,,"[#8]=,:[#6]-,:[#7]-,:[#6]-,:[#7] (O=C-N-C-N)"
cactvs,256,1176,Un1176,TRUE,,"[#8]=,:[#7]-,:[#6]:[#6]-,:[#7] (O=N-C:C-N)"
cactvs,257,1178,Un1178,TRUE,,"[#8]=,:[#6]-,:[#7]-,:[#6]=,:[#8] (O=C-N-C=O)"
cactvs,258,1179,Un1179,TRUE,,"[#8]-,:[#6]:[#6]:[#6]-,:[#6] (O-C:C:C-C)"
cactvs,259,1186,Un1186,TRUE,,"[#6]-,:[#6]-,:[#16]-,:[#6]-,:[#6] (C-C-S-C-C)"
cactvs,260,1190,Un1190,TRUE,,"[#8]-,:[#6]-,:[#6]-,:[#8]-,:[#6] (O-C-C-O-C)"
cactvs,261,1191,Un1191,TRUE,,"[#8]-,:[#6]-,:[#6]-,:[#8&!H0] (O-C-C-O-[#1])"
cactvs,262,1201,Un1201,TRUE,,"[#8]=,:[#6]-,:[#6]=,:[#6]-,:[#7] (O=C-C=C-N)"
cactvs,263,1203,Un1203,TRUE,,"[Br]-,:[#6]-,:[#6]-,:[#6]:c (Br-C-C-C:C)"
cactvs,264,1208,Un1208,TRUE,,"[#8]-,:[#6]-,:[#6]-,:[#6]-,:[#6]-,:[#6] (O-C-C-C-C-C)"
cactvs,265,1209,Un1209,TRUE,,"[#8]-,:[#6]-,:[#6]-,:[#6]-,:[#6]-,:[#8] (O-C-C-C-C-O)"
cactvs,266,1210,Un1210,TRUE,,"[#8]-,:[#6]-,:[#6]-,:[#6]-,:[#6]-,:[#7] (O-C-C-C-C-N)"
cactvs,267,1211,Un1211,TRUE,,"[#7]-,:[#6]-,:[#6]-,:[#6]-,:[#6]-,:[#6] (N-C-C-C-C-C)"
cactvs,268,1213,Un1213,TRUE,,"[#8]=,:[#6]-,:[#6]-,:[#6]-,:[#6]-,:[#7] (O=C-C-C-C-N)"
cactvs,269,1214,Un1214,TRUE,,"[#8]=,:[#6]-,:[#6]-,:[#6]-,:[#6]-,:[#8] (O=C-C-C-C-O)"
cactvs,270,1215,Un1215,TRUE,,"[#8]=,:[#6]-,:[#6]-,:[#6]-,:[#6]=,:[#8] (O=C-C-C-C=O)"
cactvs,271,1216,Un1216,TRUE,,"[#6]-,:[#6]-,:[#6]-,:[#6]-,:[#6]-,:[#6]-,:[#6] (C-C-C-C-C-C-C)"
cactvs,272,1222,Un1222,TRUE,,"[#8]=,:[#6]-,:[#6]-,:[#6]-,:[#6]-,:[#6]=,:[#8] (O=C-C-C-C-C=O)"
cactvs,273,1223,Un1223,TRUE,,"[#8]=,:[#6]-,:[#6]-,:[#6]-,:[#6]-,:[#6]-,:[#7] (O=C-C-C-C-C-N)"
cactvs,274,1224,Un1224,TRUE,,"[#6]-,:[#6]-,:[#6]-,:[#6]-,:[#6]-,:[#6]-,:[#6]-,:[#6] (C-C-C-C-C-C-C-C)"
cactvs,275,1225,Un1225,TRUE,,"[#6]-,:[#6]-,:[#6]-,:[#6]-,:[#6]-,:[#6](-,:[#6])-,:[#6] (C-C-C-C-C-C(C)-C)"
cactvs,276,1226,Un1226,TRUE,,"[#8]-,:[#6]-,:[#6]-,:[#6]-,:[#6]-,:[#6]-,:[#6]-,:[#6] (O-C-C-C-C-C-C-C)"
cactvs,277,1227,Un1227,TRUE,,"[#8]-,:[#6]-,:[#6]-,:[#6]-,:[#6]-,:[#6](-,:[#6])-,:[#6] (O-C-C-C-C-C(C)-C)"
cactvs,278,1228,Un1228,TRUE,,"[#8]-,:[#6]-,:[#6]-,:[#6]-,:[#6]-,:[#6]-,:[#8]-,:[#6] (O-C-C-C-C-C-O-C)"
cactvs,279,1230,Un1230,TRUE,,"[#8]-,:[#6]-,:[#6]-,:[#6]-,:[#6]-,:[#6]-,:[#7]-,:[#6] (O-C-C-C-C-C-N-C)"
cactvs,280,1231,Un1231,TRUE,,"[#8]-,:[#6]-,:[#6]-,:[#6]-,:[#6]-,:[#6](-,:[#7])-,:[#6] (O-C-C-C-C-C(N)-C)"
cactvs,281,1232,Un1232,TRUE,,"[#8]=,:[#6]-,:[#6]-,:[#6]-,:[#6]-,:[#6]-,:[#6]-,:[#6] (O=C-C-C-C-C-C-C)"
cactvs,282,1233,Un1233,TRUE,,"[#8]=,:[#6]-,:[#6]-,:[#6]-,:[#6]-,:[#6](-,:[#8])-,:[#6] (O=C-C-C-C-C(O)-C)"
cactvs,283,1240,Un1240,TRUE,,"[#6]-,:[#6](-,:[#6])-,:[#6](-,:[#6])-,:[#6] (C-C(C)-C(C)-C)"
cactvs,284,1242,Un1242,TRUE,,[#6]c1ccc([#8])cc1 (Cc1ccc(O)cc1)
cactvs,285,1244,Un1244,TRUE,,[#6]c1ccc([#7])cc1 (Cc1ccc(N)cc1)
cactvs,286,1251,Un1251,TRUE,,[#8]c1ccc(Br)cc1 (Oc1ccc(Br)cc1)
cactvs,287,1258,Un1258,TRUE,,[#7]c1ccc(Br)cc1 (Nc1ccc(Br)cc1)
cactvs,288,1262,Un1262,TRUE,,[#6]c1cc([#6])ccc1 (Cc1cc(C)ccc1)
cactvs,289,1264,Un1264,TRUE,,[#6]c1cc([#16])ccc1 (Cc1cc(S)ccc1)
cactvs,290,1265,Un1265,TRUE,,[#6]c1cc([#7])ccc1 (Cc1cc(N)ccc1)
cactvs,291,1266,Un1266,TRUE,,[#6]c1cc(Cl)ccc1 (Cc1cc(Cl)ccc1)
cactvs,292,1268,Un1268,TRUE,,[#8]c1cc([#8])ccc1 (Oc1cc(O)ccc1)
cactvs,293,1269,Un1269,TRUE,,[#8]c1cc([#16])ccc1 (Oc1cc(S)ccc1)
cactvs,294,1273,Un1273,TRUE,,[#16]c1cc([#16])ccc1 (Sc1cc(S)ccc1)
cactvs,295,1275,Un1275,TRUE,,[#16]c1cc(Cl)ccc1 (Sc1cc(Cl)ccc1)
cactvs,296,1276,Un1276,TRUE,,[#16]c1cc(Br)ccc1 (Sc1cc(Br)ccc1)
cactvs,297,1279,Un1279,TRUE,,[#7]c1cc(Br)ccc1 (Nc1cc(Br)ccc1)
cactvs,298,1280,Un1280,TRUE,,Clc1cc(Cl)ccc1 (Clc1cc(Cl)ccc1)
cactvs,299,1281,Un1281,TRUE,,Clc1cc(Br)ccc1 (Clc1cc(Br)ccc1)
cactvs,300,1282,Un1282,TRUE,,Brc1cc(Br)ccc1 (Brc1cc(Br)ccc1)
cactvs,301,1286,Un1286,TRUE,,[#6]c1c([#7])cccc1 (Cc1c(N)cccc1)
cactvs,302,1297,Un1297,TRUE,,[#16]c1c(Br)cccc1 (Sc1c(Br)cccc1)
cactvs,303,1298,Un1298,TRUE,,[#7]c1c([#7])cccc1 (Nc1c(N)cccc1)
cactvs,304,1299,Un1299,TRUE,,[#7]c1c(Cl)cccc1 (Nc1c(Cl)cccc1)
cactvs,305,1304,Un1304,TRUE,,[#6][#6]1[#6][#6][#6]([#6])[#6][#6]1 (CC1CCC(C)CC1)
cactvs,306,1325,Un1325,TRUE,,[#6][#6]1[#6][#6]([#6])[#6][#6][#6]1 (CC1CC(C)CCC1)
cactvs,307,1346,Un1346,TRUE,,[#6][#6]1[#6]([#6])[#6][#6][#6][#6]1 (CC1C(C)CCCC1)
cactvs,308,1347,Un1347,TRUE,,[#6][#6]1[#6]([#8])[#6][#6][#6][#6]1 (CC1C(O)CCCC1)
cactvs,309,1370,Un1370,TRUE,,[#6][#6]1[#6][#6]([#7])[#6][#6]1 (CC1CC(N)CC1)
cactvs,310,1373,Un1373,TRUE,,[#8][#6]1[#6][#6]([#8])[#6][#6]1 (OC1CC(O)CC1)
cactvs,311,1388,Un1388,TRUE,,[#6][#6]1[#6]([#6])[#6][#6][#6]1 (CC1C(C)CCC1)
cactvs,312,1389,Un1389,TRUE,,[#6][#6]1[#6]([#8])[#6][#6][#6]1 (CC1C(O)CCC1)
cactvs,313,1394,Un1394,TRUE,,[#8][#6]1[#6]([#8])[#6][#6][#6]1 (OC1C(O)CCC1)
kroth,314,1410,Un1410,TRUE,,[!#1][CH]([!#1])[CH]([!#1])[!#1]
kroth,315,1415,Un1415,TRUE,,[!#1][CH]([!#1])[CH2][CH2][CH3]
kroth,316,1422,Un1422,TRUE,,[!#1][CH]([!#1])[CH3]
kroth,317,1426,Un1426,TRUE,,[!#1][CH]([!#1])C([!#1])([!#1])[!#1]
kroth,318,1427,Un1427,TRUE,,[!#1][CH]([!#1])C([!#1])([CH3])[CH3]
kroth,319,1428,Un1428,TRUE,,[!#1][CH]([!#1])C(=O)[!#1]
kroth,320,1433,Un1433,TRUE,,[!#1][CH]([!#1])C(=O)[OH]
kroth,321,1434,Un1434,TRUE,,[!#1][CH]([!#1])C(=O)c1[cH][cH][cH][cH][cH]1
kroth,322,1441,Un1441,TRUE,,[!#1][CH]([!#1])c1[cH][cH][cH][cH][cH]1
kroth,323,1442,Un1442,TRUE,,[!#1][CH]([!#1])c1[cH][cH][cH][cH]c1[!#1]
kroth,324,1445,Un1445,TRUE,,[!#1][CH]([!#1])c1[cH][cH][cH][cH]c1Cl
kroth,325,1448,Un1448,TRUE,,[!#1][CH]([!#1])c1[cH][cH][cH]c([cH]1)[N+](=O)[O-]
kroth,326,1450,Un1450,TRUE,,[!#1][CH]([!#1])c1[cH][cH][cH]n[cH]1
kroth,327,1453,Un1453,TRUE,,[!#1][CH]([!#1])c1[cH][cH]c([!#1])[cH][cH]1
kroth,328,1460,Un1460,TRUE,,[!#1][CH]([!#1])c1[cH][cH]c([OH])[cH][cH]1
kroth,329,1461,Un1461,TRUE,,[!#1][CH]([!#1])c1[cH][cH]c(Br)[cH][cH]1
kroth,330,1462,Un1462,TRUE,,[!#1][CH]([!#1])c1[cH][cH]c(Cl)[cH][cH]1
kroth,331,1463,Un1463,TRUE,,[!#1][CH]([!#1])c1[cH][cH]c(Cl)[cH]c1Cl
kroth,332,1465,Un1465,TRUE,,[!#1][CH]([!#1])c1[cH][cH]c2O[CH2]Oc2[cH]1
kroth,333,1482,Un1482,TRUE,,[!#1][CH]([CH]([CH3])[CH3])C(=O)[OH]
kroth,334,1484,Un1484,TRUE,,[!#1][CH]([CH2][CH2]C(=O)[OH])C(=O)[OH]
kroth,335,1485,Un1485,TRUE,,[!#1][CH]([CH2][CH2]S[CH3])C(=O)[OH]
kroth,336,1496,Un1496,TRUE,,[!#1][CH]([CH2]C(=O)[NH2])C(=O)[OH]
kroth,337,1498,Un1498,TRUE,,[!#1][CH]([CH2]C(=O)[OH])C(=O)[OH]
kroth,338,1500,Un1500,TRUE,,[!#1][CH]([CH3])[CH3]
kroth,339,1507,Un1507,TRUE,,[!#1][CH]([CH3])C(=O)[OH]
kroth,340,1512,Un1512,TRUE,,[!#1][CH]([NH]C(=O)[!#1])C(=O)[OH]
kroth,341,1518,Un1518,TRUE,,[!#1][CH]([NH2])[CH2]C(=O)[OH]
kroth,342,1519,Un1519,TRUE,,[!#1][CH]([NH2])C(=O)[OH]
kroth,343,1522,Un1522,TRUE,,[!#1][CH]([OH])[CH2][NH2]
kroth,344,1523,Un1523,TRUE,,[!#1][CH]([OH])[CH2][OH]
kroth,345,1527,Un1527,TRUE,,[!#1][CH]([OH])c1[cH][cH][cH][cH][cH]1
kroth,346,1544,Un1544,TRUE,,[!#1][CH]=[CH]C(=O)[OH]
kroth,347,1556,Un1556,TRUE,,[!#1][CH]=C1C(=O)[NH]C(=O)[NH]C1=O
kroth,348,1612,Un1612,TRUE,,[!#1][CH]1[CH2][CH]2[CH2][CH2][CH]([CH2]1)N2[CH3]
kroth,349,1634,Un1634,TRUE,,[!#1][CH]1[CH2][CH2][NH][CH2][CH2]1
kroth,350,1669,Un1669,TRUE,,[!#1][CH]1[CH2]O1
kroth,351,1672,Un1672,TRUE,,[!#1][CH]1[CH2]Oc2[cH][cH][cH][cH]c2O1
kroth,352,1688,Un1688,TRUE,,[!#1][CH]1c2[cH][cH][cH][cH]c2-c3[cH][cH][cH][cH]c13
kroth,353,1689,Un1689,TRUE,,[!#1][CH]1c2[cH][cH][cH][cH]c2Oc3[cH][cH][cH][cH]c13
kroth,354,1696,Un1696,TRUE,,[!#1][CH]1O[CH]([CH]([!#1])[CH]1[!#1])n2[cH][cH]c(=O)[nH]c2=O
kroth,355,1697,Un1697,TRUE,,[!#1][CH]1O[CH]([CH]([!#1])[CH]1[!#1])n2[cH]nc3c([!#1])n[cH]nc23
kroth,356,1698,Un1698,TRUE,,[!#1][CH]1O[CH]([CH2][OH])[CH]([OH])[CH]([OH])[CH]1[OH]
kroth,357,1699,Un1699,TRUE,,[!#1][CH]1O[CH]([CH2][OH])[CH]([OH])[CH]1[OH]
kroth,358,1700,Un1700,TRUE,,[!#1][CH]1O[CH]([CH3])[CH]([OH])[CH]([OH])[CH]1[OH]
kroth,359,1706,Un1706,TRUE,,[!#1][CH2][CH]([!#1])[!#1]
kroth,360,1711,Un1711,TRUE,,[!#1][CH2][CH]([!#1])C(=O)[NH][!#1]
kroth,361,1712,Un1712,TRUE,,[!#1][CH2][CH]([!#1])C(=O)[OH]
kroth,362,1713,Un1713,TRUE,,[!#1][CH2][CH]([!#1])C(=O)O[CH2][CH3]
kroth,363,1715,Un1715,TRUE,,[!#1][CH2][CH]([CH3])[CH3]
kroth,364,1717,Un1717,TRUE,,[!#1][CH2][CH]([CH3])[NH]C(=O)[!#1]
kroth,365,1718,Un1718,TRUE,,[!#1][CH2][CH]([CH3])[NH2]
kroth,366,1719,Un1719,TRUE,,[!#1][CH2][CH]([CH3])[OH]
kroth,367,1722,Un1722,TRUE,,[!#1][CH2][CH]([NH]C(=O)[!#1])C(=O)[NH][!#1]
kroth,368,1723,Un1723,TRUE,,[!#1][CH2][CH]([NH]C(=O)[!#1])C(=O)[OH]
kroth,369,1724,Un1724,TRUE,,[!#1][CH2][CH]([NH]C(=O)[!#1])C(=O)O[CH2][CH3]
kroth,370,1725,Un1725,TRUE,,[!#1][CH2][CH]([NH]C(=O)[!#1])C(=O)O[CH3]
kroth,371,1728,Un1728,TRUE,,[!#1][CH2][CH]([NH]C(=O)[CH3])C(=O)[OH]
kroth,372,1734,Un1734,TRUE,,[!#1][CH2][CH]([OH])[CH2][!#1]
kroth,373,1736,Un1736,TRUE,,[!#1][CH2][CH]([OH])[CH2][OH]
kroth,374,1744,Un1744,TRUE,,[!#1][CH2][CH]([OH])[CH2]O[!#1]
kroth,375,1747,Un1747,TRUE,,[!#1][CH2][CH]=[CH2]
kroth,376,1752,Un1752,TRUE,,[!#1][CH2][CH2][CH2][!#1]
kroth,377,1755,Un1755,TRUE,,[!#1][CH2][CH2][CH2][CH2][CH2][!#1]
kroth,378,1757,Un1757,TRUE,,[!#1][CH2][CH2][CH2][CH2][CH2][CH2][CH2][CH3]
kroth,379,1758,Un1758,TRUE,,[!#1][CH2][CH2][CH2][CH2][CH2][CH3]
kroth,380,1761,Un1761,TRUE,,[!#1][CH2][CH2][CH2][CH2][CH2]C(=O)N([!#1])[CH2][!#1]
kroth,381,1763,Un1763,TRUE,,[!#1][CH2][CH2][CH2][CH2][NH]C(=O)[!#1]
kroth,382,1765,Un1765,TRUE,,[!#1][CH2][CH2][CH2][CH2][OH]
kroth,383,1766,Un1766,TRUE,,[!#1][CH2][CH2][CH2][CH2]C(=O)[OH]
kroth,384,1767,Un1767,TRUE,,[!#1][CH2][CH2][CH2][CH2]C(=O)O[CH3]
kroth,385,1768,Un1768,TRUE,,[!#1][CH2][CH2][CH2][CH2]N([!#1])C(=O)[!#1]
kroth,386,1773,Un1773,TRUE,,[!#1][CH2][CH2][CH2][NH]S(=O)(=O)[!#1]
kroth,387,1774,Un1774,TRUE,,[!#1][CH2][CH2][CH2][NH2]
kroth,388,1777,Un1777,TRUE,,[!#1][CH2][CH2][CH2]C(=O)[NH][!#1]
kroth,389,1778,Un1778,TRUE,,[!#1][CH2][CH2][CH2]C(=O)[OH]
kroth,390,1779,Un1779,TRUE,,[!#1][CH2][CH2][CH2]C(=O)O[CH3]
kroth,391,1780,Un1780,TRUE,,[!#1][CH2][CH2][CH2]Cl
kroth,392,1787,Un1787,TRUE,,[!#1][CH2][CH2][CH2]S(=O)(=O)[OH]
kroth,393,1790,Un1790,TRUE,,[!#1][CH2][CH2][CH3]
kroth,394,1791,Un1791,TRUE,,[!#1][CH2][CH2][NH][!#1]
kroth,395,1797,Un1797,TRUE,,[!#1][CH2][CH2][NH]C(=O)[CH]=[CH][!#1]
kroth,396,1801,Un1801,TRUE,,[!#1][CH2][CH2][NH]C(=O)[CH3]
kroth,397,1802,Un1802,TRUE,,[!#1][CH2][CH2][NH]C(=O)[NH][!#1]
kroth,398,1804,Un1804,TRUE,,[!#1][CH2][CH2][NH]S(=O)(=O)[!#1]
kroth,399,1805,Un1805,TRUE,,[!#1][CH2][CH2][NH2]
kroth,400,1806,Un1806,TRUE,,[!#1][CH2][CH2][OH]
kroth,401,1810,Un1810,TRUE,,[!#1][CH2][CH2]C(=O)[CH3]
kroth,402,1816,Un1816,TRUE,,[!#1][CH2][CH2]C(=O)[NH2]
kroth,403,1817,Un1817,TRUE,,[!#1][CH2][CH2]C(=O)[OH]
kroth,404,1820,Un1820,TRUE,,[!#1][CH2][CH2]C(=O)O[CH3]
kroth,405,1821,Un1821,TRUE,,[!#1][CH2][CH2]c1[cH][cH][cH][cH][cH]1
kroth,406,1822,Un1822,TRUE,,[!#1][CH2][CH2]c1[cH][cH]c(O[!#1])c(O[!#1])[cH]1
kroth,407,1826,Un1826,TRUE,,[!#1][CH2][CH2]N([!#1])[CH2][CH2][NH][!#1]
kroth,408,1847,Un1847,TRUE,,[!#1][CH2][CH2]N([CH2][CH2]O[!#1])C(=O)[!#1]
kroth,409,1857,Un1857,TRUE,,[!#1][CH2][CH2]OC(=O)[CH3]
kroth,410,1865,Un1865,TRUE,,[!#1][CH2][CH2]S(=O)[!#1]
kroth,411,1866,Un1866,TRUE,,[!#1][CH2][CH2]S[!#1]
kroth,412,1868,Un1868,TRUE,,[!#1][CH2][CH2]S[CH2][CH2][!#1]
kroth,413,1878,Un1878,TRUE,,[!#1][CH2][NH][CH]([CH3])[CH3]
kroth,414,1885,Un1885,TRUE,,[!#1][CH2][NH]C([CH3])([CH3])[CH3]
kroth,415,1888,Un1888,TRUE,,[!#1][CH2][NH]C(=O)[!#1]
kroth,416,1891,Un1891,TRUE,,[!#1][CH2][NH]C(=O)[CH2][!#1]
kroth,417,1894,Un1894,TRUE,,[!#1][CH2][NH]C(=O)[CH2]O[!#1]
kroth,418,1898,Un1898,TRUE,,[!#1][CH2][NH]C(=S)[NH][!#1]
kroth,419,1905,Un1905,TRUE,,[!#1][CH2]C([CH3])([CH3])[CH3]
kroth,420,1913,Un1913,TRUE,,[!#1][CH2]C(=O)[CH3]
kroth,421,1914,Un1914,TRUE,,[!#1][CH2]C(=O)[NH][!#1]
kroth,422,1916,Un1916,TRUE,,[!#1][CH2]C(=O)[NH][CH]([!#1])C(=O)[NH][!#1]
kroth,423,1921,Un1921,TRUE,,[!#1][CH2]C(=O)[NH][CH2][CH2][OH]
kroth,424,1922,Un1922,TRUE,,[!#1][CH2]C(=O)[NH][CH2][CH2]S(=O)(=O)[OH]
kroth,425,1925,Un1925,TRUE,,[!#1][CH2]C(=O)[NH][NH2]
kroth,426,1926,Un1926,TRUE,,[!#1][CH2]C(=O)[NH][OH]
kroth,427,1928,Un1928,TRUE,,[!#1][CH2]C(=O)[NH]N=[CH][!#1]
kroth,428,1956,Un1956,TRUE,,[!#1][CH2]C(=O)[OH]
kroth,429,1958,Un1958,TRUE,,[!#1][CH2]C(=O)c1[cH][cH][cH][cH][cH]1
kroth,430,1959,Un1959,TRUE,,[!#1][CH2]C(=O)c1[cH][cH]c([!#1])[cH][cH]1
kroth,431,1965,Un1965,TRUE,,[!#1][CH2]C(=O)O[!#1]
kroth,432,1968,Un1968,TRUE,,[!#1][CH2]C(=O)O[CH2][CH3]
kroth,433,1969,Un1969,TRUE,,[!#1][CH2]C(=O)O[CH2]C(=O)[!#1]
kroth,434,1970,Un1970,TRUE,,[!#1][CH2]C(=O)O[CH3]
kroth,435,1974,Un1974,TRUE,,[!#1][CH2]c1[cH][cH][cH][cH][cH]1
kroth,436,1977,Un1977,TRUE,,[!#1][CH2]c1[cH][cH][cH][cH]c1Cl
kroth,437,1978,Un1978,TRUE,,[!#1][CH2]c1[cH][cH][cH][cH]c1F
kroth,438,1979,Un1979,TRUE,,[!#1][CH2]c1[cH][cH][cH]c([CH3])[cH]1
kroth,439,1980,Un1980,TRUE,,[!#1][CH2]c1[cH][cH][cH]c([OH])[cH]1
kroth,440,1982,Un1982,TRUE,,[!#1][CH2]c1[cH][cH][cH]c(Cl)[cH]1
kroth,441,1984,Un1984,TRUE,,[!#1][CH2]c1[cH][cH][cH]c(F)[cH]1
kroth,442,1986,Un1986,TRUE,,[!#1][CH2]c1[cH][cH][cH]c2[cH][cH][cH][cH]c12
kroth,443,1987,Un1987,TRUE,,[!#1][CH2]c1[cH][cH][cH]n[cH]1
kroth,444,1989,Un1989,TRUE,,[!#1][CH2]c1[cH][cH][cH]s1
kroth,445,1990,Un1990,TRUE,,[!#1][CH2]c1[cH][cH]c([!#1])[cH][cH]1
kroth,446,1991,Un1991,TRUE,,[!#1][CH2]c1[cH][cH]c([cH][cH]1)[N+](=O)[O-]
kroth,447,1993,Un1993,TRUE,,[!#1][CH2]c1[cH][cH]c([CH3])[cH][cH]1
kroth,448,1994,Un1994,TRUE,,[!#1][CH2]c1[cH][cH]c(Br)[cH][cH]1
kroth,449,1996,Un1996,TRUE,,[!#1][CH2]c1[cH][cH]c(Cl)[cH][cH]1
kroth,450,1997,Un1997,TRUE,,[!#1][CH2]c1[cH][cH]c(Cl)[cH]c1Cl
kroth,451,1998,Un1998,TRUE,,[!#1][CH2]c1[cH][cH]c(F)[cH][cH]1
kroth,452,2000,Un2000,TRUE,,[!#1][CH2]c1[cH][cH]c(O[!#1])[cH][cH]1
kroth,453,2001,Un2001,TRUE,,[!#1][CH2]c1[cH][cH]c(O[!#1])c(O[!#1])[cH]1
kroth,454,2005,Un2005,TRUE,,[!#1][CH2]c1[cH][cH]o[cH]1
kroth,455,2011,Un2011,TRUE,,[!#1][CH2]c1nc2[cH][cH][cH][cH]c2[nH]1
kroth,456,2014,Un2014,TRUE,,[!#1][CH2]N([!#1])[CH2][CH2][OH]
kroth,457,2019,Un2019,TRUE,,[!#1][CH2]N([!#1])C(=O)[CH2][CH2]C(=O)[!#1]
kroth,458,2028,Un2028,TRUE,,[!#1][CH2]N([CH2][!#1])[CH2][!#1]
kroth,459,2037,Un2037,TRUE,,[!#1][CH2]N([CH3])[CH3]
kroth,460,2046,Un2046,TRUE,,[!#1][CH2]N1[CH2][CH2][CH]([!#1])[CH2][CH2]1
kroth,461,2047,Un2047,TRUE,,[!#1][CH2]N1[CH2][CH2][CH2][CH2][CH2]1
kroth,462,2053,Un2053,TRUE,,[!#1][CH2]N1C(=O)c2[cH][cH][cH][cH]c2C1=O
kroth,463,2059,Un2059,TRUE,,[!#1][CH2]O[CH2][CH3]
kroth,464,2061,Un2061,TRUE,,[!#1][CH2]OC([!#1])([!#1])[!#1]
kroth,465,2062,Un2062,TRUE,,[!#1][CH2]OC(=O)[!#1]
kroth,466,2066,Un2066,TRUE,,[!#1][CH2]OC(=O)[CH3]
kroth,467,2078,Un2078,TRUE,,[!#1][N]([CH3])([CH3])[CH3]
kroth,468,2085,Un2085,TRUE,,[!#1][NH][!#1]
kroth,469,2086,Un2086,TRUE,,[!#1][NH][CH]([!#1])[!#1]
kroth,470,2091,Un2091,TRUE,,[!#1][NH][CH]([!#1])[CH3]
kroth,471,2098,Un2098,TRUE,,[!#1][NH][CH]([CH2][CH]([CH3])[CH3])C(=O)[!#1]
kroth,472,2099,Un2099,TRUE,,[!#1][NH][CH]([CH2][CH]([CH3])[CH3])C(=O)[OH]
kroth,473,2106,Un2106,TRUE,,[!#1][NH][CH]([CH2]c1[cH][cH][cH][cH][cH]1)C(=O)[OH]
kroth,474,2108,Un2108,TRUE,,[!#1][NH][CH]([CH2]c1[cH][nH]c2[cH][cH][cH][cH]c12)C(=O)[!#1]
kroth,475,2109,Un2109,TRUE,,[!#1][NH][CH]([CH2]c1[cH][nH]c2[cH][cH][cH][cH]c12)C(=O)[OH]
kroth,476,2114,Un2114,TRUE,,[!#1][NH][CH]([CH3])[CH3]
kroth,477,2115,Un2115,TRUE,,[!#1][NH][CH]([CH3])C(=O)[!#1]
kroth,478,2116,Un2116,TRUE,,[!#1][NH][CH]([CH3])c1[cH][cH][cH][cH][cH]1
kroth,479,2160,Un2160,TRUE,,[!#1][NH][CH]1[CH2][CH2][CH2][CH2][CH2]1
kroth,480,2161,Un2161,TRUE,,[!#1][NH][CH]1[CH2][CH2][CH2][CH2]1
kroth,481,2162,Un2162,TRUE,,[!#1][NH][CH]1[CH2][CH2]1
kroth,482,2167,Un2167,TRUE,,[!#1][NH][CH2][CH]([CH3])[CH3]
kroth,483,2169,Un2169,TRUE,,[!#1][NH][CH2][CH]([OH])[CH2]O[!#1]
kroth,484,2170,Un2170,TRUE,,[!#1][NH][CH2][CH]=[CH2]
kroth,485,2176,Un2176,TRUE,,[!#1][NH][CH2][CH2][CH2][CH3]
kroth,486,2177,Un2177,TRUE,,[!#1][NH][CH2][CH2][CH2][NH2]
kroth,487,2178,Un2178,TRUE,,[!#1][NH][CH2][CH2][CH2][OH]
kroth,488,2179,Un2179,TRUE,,[!#1][NH][CH2][CH2][CH2]C(=O)[OH]
kroth,489,2180,Un2180,TRUE,,[!#1][NH][CH2][CH2][CH2]O[CH3]
kroth,490,2183,Un2183,TRUE,,[!#1][NH][CH2][CH2][NH2]
kroth,491,2186,Un2186,TRUE,,[!#1][NH][CH2][CH2]C(=O)[!#1]
kroth,492,2187,Un2187,TRUE,,[!#1][NH][CH2][CH2]C(=O)[OH]
kroth,493,2188,Un2188,TRUE,,[!#1][NH][CH2][CH2]c1[cH][cH][cH][cH][cH]1
kroth,494,2190,Un2190,TRUE,,[!#1][NH][CH2][CH2]c1[cH][cH]c(O[!#1])c(O[!#1])[cH]1
kroth,495,2191,Un2191,TRUE,,[!#1][NH][CH2][CH2]c1[cH][nH]c2[cH][cH][cH][cH]c12
kroth,496,2193,Un2193,TRUE,,[!#1][NH][CH2][CH2]N([CH2][CH3])[CH2][CH3]
kroth,497,2196,Un2196,TRUE,,[!#1][NH][CH2][CH3]
kroth,498,2198,Un2198,TRUE,,[!#1][NH][CH2]C(=O)[!#1]
kroth,499,2199,Un2199,TRUE,,[!#1][NH][CH2]C(=O)[NH][!#1]
kroth,500,2205,Un2205,TRUE,,[!#1][NH][CH2]C(=O)[OH]
kroth,501,2208,Un2208,TRUE,,[!#1][NH][CH2]C(=O)O[CH2][CH3]
kroth,502,2209,Un2209,TRUE,,[!#1][NH][CH2]C(=O)O[CH3]
kroth,503,2210,Un2210,TRUE,,[!#1][NH][CH2]c1[cH][cH][cH][cH][cH]1
kroth,504,2214,Un2214,TRUE,,[!#1][NH][CH2]c1[cH][cH]c(Cl)[cH][cH]1
kroth,505,2218,Un2218,TRUE,,[!#1][NH][CH3]
kroth,506,2247,Un2247,TRUE,,[!#1][NH]C(=O)[!#1]
kroth,507,2249,Un2249,TRUE,,[!#1][NH]C(=O)[CH]([!#1])[CH]([CH3])[CH3]
kroth,508,2268,Un2268,TRUE,,[!#1][NH]C(=O)[CH2][CH2][CH2][CH3]
kroth,509,2274,Un2274,TRUE,,[!#1][NH]C(=O)[CH2][CH2][CH3]
kroth,510,2282,Un2282,TRUE,,[!#1][NH]C(=O)[CH2][CH3]
kroth,511,2288,Un2288,TRUE,,[!#1][NH]C(=O)[CH2]C(=O)[CH3]
kroth,512,2290,Un2290,TRUE,,[!#1][NH]C(=O)[CH2]Cl
kroth,513,2295,Un2295,TRUE,,[!#1][NH]C(=O)[CH2]S[!#1]
kroth,514,2299,Un2299,TRUE,,[!#1][NH]C(=O)[NH][!#1]
kroth,515,2314,Un2314,TRUE,,[!#1][NH]C(=O)[NH]S(=O)(=O)[!#1]
kroth,516,2316,Un2316,TRUE,,[!#1][NH]C(=O)[NH2]
kroth,517,2320,Un2320,TRUE,,[!#1][NH]C(=O)C([CH3])([CH3])[CH3]
kroth,518,2332,Un2332,TRUE,,[!#1][NH]C(=O)O[!#1]
kroth,519,2339,Un2339,TRUE,,[!#1][NH]C(=O)O[CH2][CH3]
kroth,520,2340,Un2340,TRUE,,[!#1][NH]C(=O)O[CH3]
kroth,521,2345,Un2345,TRUE,,[!#1][NH]C(=S)[NH][!#1]
kroth,522,2371,Un2371,TRUE,,[!#1][NH]C(=S)[NH2]
kroth,523,2374,Un2374,TRUE,,[!#1][NH]C1([CH2][CH]2[CH2][CH]3[CH2][CH]([CH2]2)[CH2]1)[CH2]3
kroth,524,2380,Un2380,TRUE,,[!#1][NH]c1[cH][cH][cH][cH][cH]1
kroth,525,2383,Un2383,TRUE,,[!#1][NH]c1[cH][cH][cH][cH]c1[CH3]
kroth,526,2384,Un2384,TRUE,,[!#1][NH]c1[cH][cH][cH][cH]c1[N+](=O)[O-]
kroth,527,2392,Un2392,TRUE,,[!#1][NH]c1[cH][cH][cH][cH]c1C(=O)[OH]
kroth,528,2394,Un2394,TRUE,,[!#1][NH]c1[cH][cH][cH][cH]c1Cl
kroth,529,2397,Un2397,TRUE,,[!#1][NH]c1[cH][cH][cH][cH]c1O[!#1]
kroth,530,2399,Un2399,TRUE,,[!#1][NH]c1[cH][cH][cH][cH]n1
kroth,531,2400,Un2400,TRUE,,[!#1][NH]c1[cH][cH][cH]c([!#1])[cH]1
kroth,532,2402,Un2402,TRUE,,[!#1][NH]c1[cH][cH][cH]c([cH]1)[N+](=O)[O-]
kroth,533,2406,Un2406,TRUE,,[!#1][NH]c1[cH][cH][cH]c([cH]1)C(F)(F)F
kroth,534,2407,Un2407,TRUE,,[!#1][NH]c1[cH][cH][cH]c([CH3])[cH]1
kroth,535,2411,Un2411,TRUE,,[!#1][NH]c1[cH][cH][cH]c(Br)[cH]1
kroth,536,2412,Un2412,TRUE,,[!#1][NH]c1[cH][cH][cH]c(Cl)[cH]1
kroth,537,2413,Un2413,TRUE,,[!#1][NH]c1[cH][cH][cH]c(Cl)c1[CH3]
kroth,538,2415,Un2415,TRUE,,[!#1][NH]c1[cH][cH][cH]c(F)[cH]1
kroth,539,2417,Un2417,TRUE,,[!#1][NH]c1[cH][cH][cH]c2[cH][cH][cH][cH]c12
kroth,540,2423,Un2423,TRUE,,[!#1][NH]c1[cH][cH]c([!#1])[cH]c1[N+](=O)[O-]
kroth,541,2428,Un2428,TRUE,,[!#1][NH]c1[cH][cH]c([cH][cH]1)[N+](=O)[O-]
kroth,542,2430,Un2430,TRUE,,[!#1][NH]c1[cH][cH]c([cH][cH]1)C(=O)[CH3]
kroth,543,2438,Un2438,TRUE,,[!#1][NH]c1[cH][cH]c([CH3])[cH][cH]1
kroth,544,2442,Un2442,TRUE,,[!#1][NH]c1[cH][cH]c([CH3])c([CH3])[cH]1
kroth,545,2446,Un2446,TRUE,,[!#1][NH]c1[cH][cH]c([OH])[cH][cH]1
kroth,546,2447,Un2447,TRUE,,[!#1][NH]c1[cH][cH]c(Br)[cH][cH]1
kroth,547,2456,Un2456,TRUE,,[!#1][NH]c1[cH][cH]c(Cl)c(Cl)[cH]1
kroth,548,2457,Un2457,TRUE,,[!#1][NH]c1[cH][cH]c(F)[cH][cH]1
kroth,549,2466,Un2466,TRUE,,[!#1][NH]c1[cH][cH]c2[cH][cH][cH][cH]c2[cH]1
kroth,550,2472,Un2472,TRUE,,[!#1][NH]c1[cH][cH]c2O[CH2]Oc2[cH]1
kroth,551,2474,Un2474,TRUE,,[!#1][NH]c1[cH][cH]n[cH][cH]1
kroth,552,2482,Un2482,TRUE,,[!#1][NH]c1[cH]c([CH3])[cH][cH]c1[CH3]
kroth,553,2497,Un2497,TRUE,,[!#1][NH]c1c([CH3])[cH][cH][cH]c1[CH3]
kroth,554,2507,Un2507,TRUE,,[!#1][NH]c1n[cH][cH]s1
kroth,555,2525,Un2525,TRUE,,[!#1][NH]c1nc2[cH][cH][cH][cH]c2s1
kroth,556,2533,Un2533,TRUE,,[!#1][NH]N=[CH][!#1]
kroth,557,2549,Un2549,TRUE,,[!#1][NH]S(=O)(=O)[CH3]
kroth,558,2552,Un2552,TRUE,,[!#1][NH]S(=O)[!#1]
kroth,559,2564,Un2564,TRUE,,[!#1]C([!#1])([!#1])[CH3]
kroth,560,2566,Un2566,TRUE,,[!#1]C([!#1])([!#1])c1[cH][cH][cH][cH][cH]1
kroth,561,2570,Un2570,TRUE,,[!#1]C([!#1])([OH])c1[cH][cH][cH][cH][cH]1
kroth,562,2577,Un2577,TRUE,,[!#1]C([CH3])([CH3])[CH2][CH3]
kroth,563,2578,Un2578,TRUE,,[!#1]C([CH3])([CH3])[CH2][OH]
kroth,564,2606,Un2606,TRUE,,[!#1]C(=O)[CH](c1[cH][cH][cH][cH][cH]1)c2[cH][cH][cH][cH][cH]2
kroth,565,2611,Un2611,TRUE,,[!#1]C(=O)[CH]1[CH2][CH2][CH2][CH2][CH2]1
kroth,566,2612,Un2612,TRUE,,[!#1]C(=O)[CH]1[CH2][CH2]1
kroth,567,2623,Un2623,TRUE,,[!#1]C(=O)[CH2][CH2][CH2][CH2][CH2][CH2][CH3]
kroth,568,2625,Un2625,TRUE,,[!#1]C(=O)[CH2][CH2][CH2][CH2][CH2][CH3]
kroth,569,2626,Un2626,TRUE,,[!#1]C(=O)[CH2][CH2][CH2][CH2][CH3]
kroth,570,2627,Un2627,TRUE,,[!#1]C(=O)[CH2][CH2][CH2][CH2]C(=O)[!#1]
kroth,571,2631,Un2631,TRUE,,[!#1]C(=O)[CH2][CH2][CH2]C(=O)[OH]
kroth,572,2633,Un2633,TRUE,,[!#1]C(=O)[CH2][CH2][CH3]
kroth,573,2637,Un2637,TRUE,,[!#1]C(=O)[CH2][CH2]C(=O)[OH]
kroth,574,2640,Un2640,TRUE,,[!#1]C(=O)[CH2][CH2]c1[cH][cH][cH][cH][cH]1
kroth,575,2653,Un2653,TRUE,,[!#1]C(=O)[CH2]C(=O)[!#1]
kroth,576,2655,Un2655,TRUE,,[!#1]C(=O)[CH2]C(=O)O[CH2][CH3]
kroth,577,2680,Un2680,TRUE,,[!#1]C(=O)[NH][CH]([CH3])[CH3]
kroth,578,2695,Un2695,TRUE,,[!#1]C(=O)[NH][CH2][CH2][CH3]
kroth,579,2697,Un2697,TRUE,,[!#1]C(=O)[NH][CH2][CH2][OH]
kroth,580,2702,Un2702,TRUE,,[!#1]C(=O)[NH][CH2][CH3]
kroth,581,2707,Un2707,TRUE,,[!#1]C(=O)[NH][CH3]
kroth,582,2717,Un2717,TRUE,,[!#1]C(=O)[NH][NH2]
kroth,583,2721,Un2721,TRUE,,[!#1]C(=O)[NH]C([CH3])([CH3])[CH3]
kroth,584,2723,Un2723,TRUE,,[!#1]C(=O)[NH]c1[cH][cH][cH][cH][cH]1
kroth,585,2726,Un2726,TRUE,,[!#1]C(=O)[NH]c1[cH][cH]c([cH][cH]1)S(=O)(=O)[!#1]
kroth,586,2727,Un2727,TRUE,,[!#1]C(=O)[NH]c1[cH][cH]c(Cl)[cH][cH]1
kroth,587,2746,Un2746,TRUE,,[!#1]C(=O)[NH]N=[CH]c1[cH][cH]c([!#1])[cH][cH]1
kroth,588,2835,Un2835,TRUE,,[!#1]C(=O)c1[cH][cH][cH][cH]c1[!#1]
kroth,589,2836,Un2836,TRUE,,[!#1]C(=O)c1[cH][cH][cH][cH]c1[CH3]
kroth,590,2838,Un2838,TRUE,,[!#1]C(=O)c1[cH][cH][cH][cH]c1[OH]
kroth,591,2839,Un2839,TRUE,,[!#1]C(=O)c1[cH][cH][cH][cH]c1Br
kroth,592,2840,Un2840,TRUE,,[!#1]C(=O)c1[cH][cH][cH][cH]c1C(=O)[!#1]
kroth,593,2841,Un2841,TRUE,,[!#1]C(=O)c1[cH][cH][cH][cH]c1C(=O)[OH]
kroth,594,2842,Un2842,TRUE,,[!#1]C(=O)c1[cH][cH][cH][cH]c1Cl
kroth,595,2843,Un2843,TRUE,,[!#1]C(=O)c1[cH][cH][cH][cH]c1F
kroth,596,2845,Un2845,TRUE,,[!#1]C(=O)c1[cH][cH][cH][cH]n1
kroth,597,2847,Un2847,TRUE,,[!#1]C(=O)c1[cH][cH][cH]c([cH]1)[N+](=O)[O-]
kroth,598,2849,Un2849,TRUE,,[!#1]C(=O)c1[cH][cH][cH]c([cH]1)S(=O)(=O)[!#1]
kroth,599,2852,Un2852,TRUE,,[!#1]C(=O)c1[cH][cH][cH]c(Cl)[cH]1
kroth,600,2853,Un2853,TRUE,,[!#1]C(=O)c1[cH][cH][cH]c(F)[cH]1
kroth,601,2861,Un2861,TRUE,,[!#1]C(=O)c1[cH][cH]c([!#1])c([cH]1)[N+](=O)[O-]
kroth,602,2862,Un2862,TRUE,,[!#1]C(=O)c1[cH][cH]c([cH][cH]1)[N+](=O)[O-]
kroth,603,2863,Un2863,TRUE,,[!#1]C(=O)c1[cH][cH]c([cH][cH]1)C([CH3])([CH3])[CH3]
kroth,604,2866,Un2866,TRUE,,[!#1]C(=O)c1[cH][cH]c([cH][cH]1)S(=O)(=O)[!#1]
kroth,605,2871,Un2871,TRUE,,[!#1]C(=O)c1[cH][cH]c([OH])[cH][cH]1
kroth,606,2872,Un2872,TRUE,,[!#1]C(=O)c1[cH][cH]c(Br)[cH][cH]1
kroth,607,2876,Un2876,TRUE,,[!#1]C(=O)c1[cH][cH]c(Cl)[cH]c1Cl
kroth,608,2878,Un2878,TRUE,,[!#1]C(=O)c1[cH][cH]c(Cl)c(Cl)[cH]1
kroth,609,2884,Un2884,TRUE,,[!#1]C(=O)c1[cH][cH]n[cH][cH]1
kroth,610,2891,Un2891,TRUE,,[!#1]C(=O)c1[cH]c2[cH][cH][cH][cH]c2oc1=O
kroth,611,2898,Un2898,TRUE,,[!#1]C(=O)c1c(F)[cH][cH][cH]c1F
kroth,612,2912,Un2912,TRUE,,[!#1]C(=O)N1[CH2][CH2][CH2][CH2]1
kroth,613,2921,Un2921,TRUE,,[!#1]C(=O)O[CH2][CH2][CH2][CH3]
kroth,614,2943,Un2943,TRUE,,[!#1]C(F)(F)C(F)(F)F
kroth,615,2972,Un2972,TRUE,,[!#1]c1[cH][cH][cH][cH][cH]1
kroth,616,2975,Un2975,TRUE,,[!#1]c1[cH][cH][cH][cH]c1[CH2][CH3]
kroth,617,2978,Un2978,TRUE,,[!#1]c1[cH][cH][cH][cH]c1[NH2]
kroth,618,2979,Un2979,TRUE,,[!#1]c1[cH][cH][cH][cH]c1[OH]
kroth,619,2981,Un2981,TRUE,,[!#1]c1[cH][cH][cH][cH]c1C#N
kroth,620,2983,Un2983,TRUE,,[!#1]c1[cH][cH][cH][cH]c1C(=O)[OH]
kroth,621,2985,Un2985,TRUE,,[!#1]c1[cH][cH][cH][cH]c1C(F)(F)F
kroth,622,2986,Un2986,TRUE,,[!#1]c1[cH][cH][cH][cH]c1c2[cH][cH][cH][cH][cH]2
kroth,623,2993,Un2993,TRUE,,[!#1]c1[cH][cH][cH][cH]c1I
kroth,624,3005,Un3005,TRUE,,[!#1]c1[cH][cH][cH]c([cH]1)[N+](=O)[O-]
kroth,625,3007,Un3007,TRUE,,[!#1]c1[cH][cH][cH]c([cH]1)C(=O)[OH]
kroth,626,3018,Un3018,TRUE,,[!#1]c1[cH][cH][cH]c([CH3])c1[CH3]
kroth,627,3019,Un3019,TRUE,,[!#1]c1[cH][cH][cH]c([CH3])n1
kroth,628,3020,Un3020,TRUE,,[!#1]c1[cH][cH][cH]c([N+](=O)[O-])c1[!#1]
kroth,629,3021,Un3021,TRUE,,[!#1]c1[cH][cH][cH]c([NH2])[cH]1
kroth,630,3022,Un3022,TRUE,,[!#1]c1[cH][cH][cH]c([OH])[cH]1
kroth,631,3026,Un3026,TRUE,,[!#1]c1[cH][cH][cH]c(Cl)c1Cl
kroth,632,3029,Un3029,TRUE,,[!#1]c1[cH][cH][cH]c(O[CH3])[cH]1
kroth,633,3031,Un3031,TRUE,,[!#1]c1[cH][cH][cH]c2[cH][cH][cH]c([!#1])c12
kroth,634,3032,Un3032,TRUE,,[!#1]c1[cH][cH][cH]c2[cH][cH][cH]nc12
kroth,635,3034,Un3034,TRUE,,[!#1]c1[cH][cH][cH]c2c([!#1])[cH][cH][cH]c12
kroth,636,3053,Un3053,TRUE,,[!#1]c1[cH][cH]c([!#1])c([!#1])[cH]1
kroth,637,3057,Un3057,TRUE,,[!#1]c1[cH][cH]c([!#1])c([cH]1)C(=O)[OH]
kroth,638,3061,Un3061,TRUE,,[!#1]c1[cH][cH]c([!#1])c([OH])[cH]1
kroth,639,3062,Un3062,TRUE,,[!#1]c1[cH][cH]c([!#1])c(Cl)[cH]1
kroth,640,3065,Un3065,TRUE,,[!#1]c1[cH][cH]c([!#1])c2n[cH][cH][cH]c12
kroth,641,3070,Un3070,TRUE,,[!#1]c1[cH][cH]c([!#1])o1
kroth,642,3071,Un3071,TRUE,,[!#1]c1[cH][cH]c([!#1])s1
kroth,643,3085,Un3085,TRUE,,[!#1]c1[cH][cH]c([cH][cH]1)C(=O)[OH]
kroth,644,3092,Un3092,TRUE,,[!#1]c1[cH][cH]c([cH][cH]1)c2[cH][cH][cH][cH][cH]2
kroth,645,3118,Un3118,TRUE,,[!#1]c1[cH][cH]c([cH][cH]1)N2[CH2][CH2]O[CH2][CH2]2
kroth,646,3132,Un3132,TRUE,,[!#1]c1[cH][cH]c([cH][cH]1)S(=O)(=O)[!#1]
kroth,647,3133,Un3133,TRUE,,[!#1]c1[cH][cH]c([cH][cH]1)S(=O)(=O)[NH2]
kroth,648,3134,Un3134,TRUE,,[!#1]c1[cH][cH]c([cH][cH]1)S(=O)(=O)[OH]
kroth,649,3140,Un3140,TRUE,,[!#1]c1[cH][cH]c([CH]=O)[cH][cH]1
kroth,650,3141,Un3141,TRUE,,[!#1]c1[cH][cH]c([cH]c1[!#1])[N+](=O)[O-]
kroth,651,3142,Un3142,TRUE,,[!#1]c1[cH][cH]c([cH]c1[!#1])C(=O)[OH]
kroth,652,3149,Un3149,TRUE,,[!#1]c1[cH][cH]c([cH]c1[N+](=O)[O-])[N+](=O)[O-]
kroth,653,3154,Un3154,TRUE,,[!#1]c1[cH][cH]c([cH]c1Cl)[N+](=O)[O-]
kroth,654,3169,Un3169,TRUE,,[!#1]c1[cH][cH]c([CH3])c(Cl)[cH]1
kroth,655,3172,Un3172,TRUE,,[!#1]c1[cH][cH]c([CH3])o1
kroth,656,3177,Un3177,TRUE,,[!#1]c1[cH][cH]c([OH])[cH][cH]1
kroth,657,3180,Un3180,TRUE,,[!#1]c1[cH][cH]c([OH])c([cH]1)C(=O)[OH]
kroth,658,3181,Un3181,TRUE,,[!#1]c1[cH][cH]c([OH])c([OH])[cH]1
kroth,659,3184,Un3184,TRUE,,[!#1]c1[cH][cH]c(Br)[cH]c1[!#1]
kroth,660,3186,Un3186,TRUE,,[!#1]c1[cH][cH]c(Br)[cH]n1
kroth,661,3192,Un3192,TRUE,,[!#1]c1[cH][cH]c(C(=O)[OH])c([!#1])[cH]1
kroth,662,3195,Un3195,TRUE,,[!#1]c1[cH][cH]c(Cl)[cH]c1[!#1]
kroth,663,3196,Un3196,TRUE,,[!#1]c1[cH][cH]c(Cl)[cH]c1[CH3]
kroth,664,3197,Un3197,TRUE,,[!#1]c1[cH][cH]c(Cl)[cH]c1[N+](=O)[O-]
kroth,665,3200,Un3200,TRUE,,[!#1]c1[cH][cH]c(Cl)[cH]n1
kroth,666,3201,Un3201,TRUE,,[!#1]c1[cH][cH]c(Cl)c([!#1])[cH]1
kroth,667,3202,Un3202,TRUE,,[!#1]c1[cH][cH]c(Cl)c([cH]1)[N+](=O)[O-]
kroth,668,3204,Un3204,TRUE,,[!#1]c1[cH][cH]c(Cl)c(Cl)[cH]1
kroth,669,3209,Un3209,TRUE,,[!#1]c1[cH][cH]c(F)c(F)[cH]1
kroth,670,3228,Un3228,TRUE,,[!#1]c1[cH][cH]c(o1)c2[cH][cH]c([!#1])[cH][cH]2
kroth,671,3243,Un3243,TRUE,,[!#1]c1[cH][cH]c2[cH]c([!#1])c(=O)oc2[cH]1
kroth,672,3255,Un3255,TRUE,,[!#1]c1[cH][cH]c2c([!#1])[cH]c(=O)oc2[cH]1
kroth,673,3264,Un3264,TRUE,,[!#1]c1[cH][cH]c2c([CH3])[cH]c(=O)oc2[cH]1
kroth,674,3282,Un3282,TRUE,,[!#1]c1[cH][cH]c2n[cH][cH][cH]c2[cH]1
kroth,675,3313,Un3313,TRUE,,[!#1]c1[cH][cH]n([!#1])n1
kroth,676,3324,Un3324,TRUE,,[!#1]c1[cH][cH]s[cH]1
kroth,677,3328,Un3328,TRUE,,[!#1]c1[cH][nH]c2[cH][cH][cH][cH]c12
kroth,678,3331,Un3331,TRUE,,[!#1]c1[cH][nH]c2[cH][cH]c(O[CH3])[cH]c12
kroth,679,3340,Un3340,TRUE,,[!#1]c1[cH]c([!#1])c([!#1])c([!#1])[cH]1
kroth,680,3344,Un3344,TRUE,,[!#1]c1[cH]c([!#1])c([!#1])c(=O)o1
kroth,681,3348,Un3348,TRUE,,[!#1]c1[cH]c([!#1])c2[cH][cH][cH][cH]c2n1
kroth,682,3355,Un3355,TRUE,,[!#1]c1[cH]c([!#1])nc([!#1])n1
kroth,683,3364,Un3364,TRUE,,[!#1]c1[cH]c([cH][cH]c1Cl)C(F)(F)F
kroth,684,3373,Un3373,TRUE,,[!#1]c1[cH]c([CH3])[cH]c([CH3])[cH]1
kroth,685,3384,Un3384,TRUE,,[!#1]c1[cH]c(=O)[nH]c([!#1])n1
kroth,686,3393,Un3393,TRUE,,[!#1]c1[cH]c(Cl)[cH][cH]c1[OH]
kroth,687,3395,Un3395,TRUE,,[!#1]c1[cH]c(Cl)[cH]c(Cl)[cH]1
kroth,688,3401,Un3401,TRUE,,[!#1]c1[cH]c(nc2[cH][cH][cH][cH]c12)c3[cH][cH][cH][cH][cH]3
kroth,689,3411,Un3411,TRUE,,[!#1]c1[cH]c2[cH][cH][cH][cH]c2[cH]c1[OH]
kroth,690,3413,Un3413,TRUE,,[!#1]c1[cH]c2[cH][cH][cH][cH]c2[nH]1
kroth,691,3414,Un3414,TRUE,,[!#1]c1[cH]c2[cH][cH][cH][cH]c2nc1[!#1]
kroth,692,3415,Un3415,TRUE,,[!#1]c1[cH]c2[cH][cH][cH][cH]c2o1
kroth,693,3427,Un3427,TRUE,,[!#1]c1[cH]n[cH]c(Br)[cH]1
kroth,694,3428,Un3428,TRUE,,[!#1]c1[cH]n[nH]c1[!#1]
kroth,695,3443,Un3443,TRUE,,[!#1]c1[cH]sc([NH2])n1
kroth,696,3447,Un3447,TRUE,,[!#1]c1[nH]c2[cH][cH]c([!#1])[cH]c2c1[!#1]
kroth,697,3451,Un3451,TRUE,,[!#1]C1=[CH][CH2][CH2][CH2][CH2]1
kroth,698,3462,Un3462,TRUE,,[!#1]C1=C([!#1])C(=O)[CH2]C([!#1])([CH3])[CH2]1
kroth,699,3463,Un3463,TRUE,,[!#1]C1=C([!#1])C(=O)c2[cH][cH][cH][cH]c2C1=O
kroth,700,3468,Un3468,TRUE,,[!#1]C1=N[CH2][CH2][NH]1
kroth,701,3477,Un3477,TRUE,,[!#1]c1c([!#1])c2[cH][cH][cH][cH]c2oc1=O
kroth,702,3481,Un3481,TRUE,,[!#1]c1c([!#1])c2[cH]c([!#1])c([!#1])[cH]c2n1[!#1]
kroth,703,3492,Un3492,TRUE,,[!#1]c1c([CH3])[cH]c([CH3])[cH]c1[CH3]
kroth,704,3495,Un3495,TRUE,,[!#1]c1c([CH3])[nH]c2[cH][cH][cH][cH]c12
kroth,705,3499,Un3499,TRUE,,[!#1]c1c([CH3])nn([!#1])c1[CH3]
kroth,706,3502,Un3502,TRUE,,[!#1]c1c([OH])[cH][cH]c2[cH][cH][cH][cH]c12
kroth,707,3510,Un3510,TRUE,,[!#1]c1c(Cl)[cH]c(Cl)[cH]c1Cl
kroth,708,3511,Un3511,TRUE,,[!#1]c1c(F)[cH][cH][cH]c1F
kroth,709,3531,Un3531,TRUE,,[!#1]c1n[cH][cH][cH]c1[CH3]
kroth,710,3535,Un3535,TRUE,,[!#1]c1n[cH][cH]n1[!#1]
kroth,711,3536,Un3536,TRUE,,[!#1]c1n[cH][cH]nc1[!#1]
kroth,712,3539,Un3539,TRUE,,[!#1]c1n[cH][cH]s1
kroth,713,3544,Un3544,TRUE,,[!#1]c1n[cH]n[nH]1
kroth,714,3545,Un3545,TRUE,,[!#1]c1n[cH]nc([!#1])c1[!#1]
kroth,715,3547,Un3547,TRUE,,[!#1]c1n[cH]nc2n[cH][nH]c12
kroth,716,3550,Un3550,TRUE,,[!#1]c1n[nH]c([!#1])c1[!#1]
kroth,717,3560,Un3560,TRUE,,[!#1]c1nc([!#1])c2[cH][cH][cH][cH]c2n1
kroth,718,3578,Un3578,TRUE,,[!#1]c1nc([CH3])[cH]c([CH3])n1
kroth,719,3590,Un3590,TRUE,,[!#1]c1nc(nc(n1)N2[CH2][CH2]O[CH2][CH2]2)N3[CH2][CH2]O[CH2][CH2]3
kroth,720,3592,Un3592,TRUE,,[!#1]c1nc2[cH][cH][cH][cH]c2[nH]1
kroth,721,3595,Un3595,TRUE,,[!#1]c1nc2[cH][cH][cH][cH]c2c(=O)[nH]1
kroth,722,3601,Un3601,TRUE,,[!#1]c1nc2[cH][cH][cH][cH]c2o1
kroth,723,3612,Un3612,TRUE,,[!#1]c1nc2n([!#1])c(=O)[nH]c(=O)c2n1[!#1]
kroth,724,3613,Un3613,TRUE,,[!#1]c1nc2n([!#1])c(=O)n([!#1])c(=O)c2n1[!#1]
kroth,725,3632,Un3632,TRUE,,[!#1]c1nnc([NH2])s1
kroth,726,3636,Un3636,TRUE,,[!#1]c1nnnn1[!#1]
kroth,727,3643,Un3643,TRUE,,[!#1]c1oc2[cH][cH]c([!#1])[cH]c2c1[!#1]
kroth,728,3652,Un3652,TRUE,,[!#1]c1sc([CH3])c([CH3])c1[!#1]
kroth,729,3654,Un3654,TRUE,,[!#1]c1sc2[cH][cH][cH][cH]c2c1[!#1]
kroth,730,3670,Un3670,TRUE,,[!#1]N([!#1])[!#1]
kroth,731,3671,Un3671,TRUE,,[!#1]N([!#1])[CH2]c1[cH][cH][cH][cH][cH]1
kroth,732,3673,Un3673,TRUE,,[!#1]N([!#1])C(=O)[!#1]
kroth,733,3674,Un3674,TRUE,,[!#1]N([!#1])C(=O)O[CH2][CH3]
kroth,734,3681,Un3681,TRUE,,[!#1]N([CH]([CH3])[CH3])[CH]([CH3])[CH3]
kroth,735,3684,Un3684,TRUE,,[!#1]N([CH2][CH2][CH2][CH3])[CH2][CH2][CH2][CH3]
kroth,736,3691,Un3691,TRUE,,[!#1]N([CH2][CH2][OH])[CH2][CH2][OH]
kroth,737,3712,Un3712,TRUE,,[!#1]N([CH3])[CH2]C(=O)[OH]
kroth,738,3714,Un3714,TRUE,,[!#1]N([CH3])[CH3]
kroth,739,3716,Un3716,TRUE,,[!#1]N([CH3])C(=O)[!#1]
kroth,740,3717,Un3717,TRUE,,[!#1]N([CH3])C(=O)[CH3]
kroth,741,3718,Un3718,TRUE,,[!#1]N([CH3])c1[cH][cH][cH][cH][cH]1
kroth,742,3745,Un3745,TRUE,,[!#1]N=[CH]c1[cH][cH]c([!#1])o1
kroth,743,3794,Un3794,TRUE,,[!#1]n1[cH][cH][cH]n1
kroth,744,3799,Un3799,TRUE,,[!#1]n1[cH][cH]c(=O)[nH]c1=O
kroth,745,3801,Un3801,TRUE,,[!#1]n1[cH][cH]n[cH]1
kroth,746,3816,Un3816,TRUE,,[!#1]N1[CH2][CH2][CH]([CH3])[CH2][CH2]1
kroth,747,3818,Un3818,TRUE,,[!#1]N1[CH2][CH2][CH2][CH]1C(=O)[OH]
kroth,748,3820,Un3820,TRUE,,[!#1]N1[CH2][CH2][CH2][CH2][CH2][CH2]1
kroth,749,3823,Un3823,TRUE,,[!#1]N1[CH2][CH2][CH2]C1=O
kroth,750,3842,Un3842,TRUE,,[!#1]N1[CH2][CH2]N([CH2][CH2]1)c2[cH][cH][cH][cH][cH]2
kroth,751,3843,Un3843,TRUE,,[!#1]N1[CH2][CH2]N([CH2][CH2]1)c2[cH][cH][cH][cH]c2[!#1]
kroth,752,3844,Un3844,TRUE,,[!#1]N1[CH2][CH2]N([CH2][CH2]1)c2[cH][cH][cH][cH]c2O[CH3]
kroth,753,3851,Un3851,TRUE,,[!#1]N1[CH2][CH2]N([CH2][CH2]1)S(=O)(=O)[!#1]
kroth,754,3852,Un3852,TRUE,,[!#1]N1[CH2][CH2]N([CH3])[CH2][CH2]1
kroth,755,3879,Un3879,TRUE,,[!#1]N1C(=O)[CH2][CH2]C1=O
kroth,756,3941,Un3941,TRUE,,[!#1]n1nc([CH3])[cH]c1[CH3]
kroth,757,3965,Un3965,TRUE,,[!#1]O[CH]([CH3])C(=O)[OH]
kroth,758,3969,Un3969,TRUE,,[!#1]O[CH](F)F
kroth,759,3973,Un3973,TRUE,,[!#1]O[CH2][CH]([CH3])[CH3]
kroth,760,3974,Un3974,TRUE,,[!#1]O[CH2][CH]([OH])[CH2][NH][CH]([CH3])[CH3]
kroth,761,3984,Un3984,TRUE,,[!#1]O[CH2][CH]=[CH2]
kroth,762,3988,Un3988,TRUE,,[!#1]O[CH2][CH2][CH2][CH2][CH2][CH3]
kroth,763,3993,Un3993,TRUE,,[!#1]O[CH2][CH2][NH]C(=O)[!#1]
kroth,764,3994,Un3994,TRUE,,[!#1]O[CH2][CH2][NH2]
kroth,765,3995,Un3995,TRUE,,[!#1]O[CH2][CH2][OH]
kroth,766,3999,Un3999,TRUE,,[!#1]O[CH2][CH2]N([CH2][CH3])[CH2][CH3]
kroth,767,4059,Un4059,TRUE,,[!#1]O[CH2]C(=O)[OH]
kroth,768,4068,Un4068,TRUE,,[!#1]O[CH2]C(=O)O[!#1]
kroth,769,4073,Un4073,TRUE,,[!#1]O[CH2]C(F)(F)F
kroth,770,4083,Un4083,TRUE,,[!#1]OC(=O)[CH]=[CH][!#1]
kroth,771,4084,Un4084,TRUE,,[!#1]OC(=O)[CH]=[CH]c1[cH][cH][cH][cH][cH]1
kroth,772,4086,Un4086,TRUE,,[!#1]OC(=O)[CH2][CH2][CH3]
kroth,773,4088,Un4088,TRUE,,[!#1]OC(=O)[CH2][CH3]
kroth,774,4091,Un4091,TRUE,,[!#1]OC(=O)[NH][CH3]
kroth,775,4093,Un4093,TRUE,,[!#1]OC(=O)[NH2]
kroth,776,4094,Un4094,TRUE,,[!#1]OC(=O)C(=[CH2])[CH3]
kroth,777,4115,Un4115,TRUE,,[!#1]Oc1[cH][cH][cH]c([CH3])[cH]1
kroth,778,4116,Un4116,TRUE,,[!#1]Oc1[cH][cH][cH]c2[cH][cH][cH][cH]c12
kroth,779,4120,Un4120,TRUE,,[!#1]Oc1[cH][cH]c([!#1])[cH]c1[!#1]
kroth,780,4125,Un4125,TRUE,,[!#1]Oc1[cH][cH]c([cH][cH]1)[N+](=O)[O-]
kroth,781,4130,Un4130,TRUE,,[!#1]Oc1[cH][cH]c([cH][cH]1)C(=O)[OH]
kroth,782,4137,Un4137,TRUE,,[!#1]Oc1[cH][cH]c([cH][cH]1)S(=O)(=O)[!#1]
kroth,783,4145,Un4145,TRUE,,[!#1]Oc1[cH][cH]c([cH]c1O[!#1])C(=O)[!#1]
kroth,784,4147,Un4147,TRUE,,[!#1]Oc1[cH][cH]c([CH2]C(=O)[!#1])[cH][cH]1
kroth,785,4149,Un4149,TRUE,,[!#1]Oc1[cH][cH]c([CH3])[cH][cH]1
kroth,786,4154,Un4154,TRUE,,[!#1]Oc1[cH][cH]c([NH2])[cH][cH]1
kroth,787,4155,Un4155,TRUE,,[!#1]Oc1[cH][cH]c([OH])[cH][cH]1
kroth,788,4159,Un4159,TRUE,,[!#1]Oc1[cH][cH]c(Cl)[cH]c1Cl
kroth,789,4160,Un4160,TRUE,,[!#1]Oc1[cH][cH]c(O[!#1])[cH][cH]1
kroth,790,4161,Un4161,TRUE,,[!#1]Oc1[cH][cH]c2[cH][cH][cH][cH]c2[cH]1
kroth,791,4165,Un4165,TRUE,,[!#1]Oc1[cH][cH]c2c(=O)c([!#1])[cH]oc2[cH]1
kroth,792,4179,Un4179,TRUE,,[!#1]OP(=O)([OH])O[!#1]
kroth,793,4187,Un4187,TRUE,,[!#1]P(=O)(O[CH3])O[CH3]
kroth,794,4197,Un4197,TRUE,,[!#1]S(=O)(=O)[CH2][CH3]
kroth,795,4207,Un4207,TRUE,,[!#1]S(=O)(=O)[NH][CH]([CH3])[CH3]
kroth,796,4218,Un4218,TRUE,,[!#1]S(=O)(=O)[NH][CH3]
kroth,797,4223,Un4223,TRUE,,[!#1]S(=O)(=O)[NH2]
kroth,798,4243,Un4243,TRUE,,[!#1]S(=O)(=O)c1[cH][cH]c(Br)[cH][cH]1
kroth,799,4255,Un4255,TRUE,,[!#1]S(=O)(=O)N([CH2][CH3])[CH2][CH3]
kroth,800,4256,Un4256,TRUE,,[!#1]S(=O)(=O)N([CH3])[CH3]
kroth,801,4257,Un4257,TRUE,,[!#1]S(=O)(=O)N1[CH2][CH2][CH2][CH2][CH2]1
kroth,802,4263,Un4263,TRUE,,[!#1]S[!#1]
kroth,803,4264,Un4264,TRUE,,[!#1]S[CH]([!#1])[!#1]
kroth,804,4270,Un4270,TRUE,,[!#1]S[CH2][CH2][NH2]
kroth,805,4271,Un4271,TRUE,,[!#1]S[CH2][CH2][OH]
kroth,806,4282,Un4282,TRUE,,[!#1]S[CH2]C(=O)[OH]
kroth,807,4287,Un4287,TRUE,,[!#1]SC(=[NH])[NH2]
kroth,808,4295,Un4295,TRUE,,[!#1]S(c1nc2[cH][cH][cH][cH]c2s1) ( [!#1]Sc1nc2[cH][cH][cH][cH]c2s1)
kroth,809,4298,Un4298,TRUE,,[O-][N+](=O)c1cc(C=O)cc(c1)[N+](=O)[O-]
kroth,810,4313,Un4313,TRUE,,[O-][N+](=O)c1ccc(C=O)cc1
kroth,811,4321,Un4321,TRUE,,[O-][N+](=O)c1ccc(Cl)cc1
kroth,812,4323,Un4323,TRUE,,[O-][N+](=O)c1ccc(NC=O)cc1
kroth,813,4328,Un4328,TRUE,,[O-][N+](=O)c1cccc(Br)c1
kroth,814,4329,Un4329,TRUE,,[O-][N+](=O)c1cccc(C=N)c1
kroth,815,4331,Un4331,TRUE,,[O-][N+](=O)c1cccc(C=O)c1
kroth,816,4333,Un4333,TRUE,,[O-][N+](=O)c1cccc(c1)[N+](=O)[O-]
kroth,817,4334,Un4334,TRUE,,[O-][N+](=O)c1cccc(c1)C(F)(F)F
kroth,818,4335,Un4335,TRUE,,[O-][N+](=O)c1cccc(c1)S(=O)=O
kroth,819,4336,Un4336,TRUE,,[O-][N+](=O)c1cccc(Cl)c1
kroth,820,4345,Un4345,TRUE,,[O-][N+](=O)c1ccccc1C=O
kroth,821,4349,Un4349,TRUE,,[O-][N+](=O)c1ccccc1S(=O)=O
kroth,822,4357,Un4357,TRUE,,[OH]
kroth,823,4358,Un4358,TRUE,,Br
kroth,824,4369,Un4369,TRUE,,Brc1ccc(C=O)o1
kroth,825,4375,Un4375,TRUE,,Brc1cccc(C=O)c1
kroth,826,4377,Un4377,TRUE,,Brc1ccccc1
kroth,827,4380,Un4380,TRUE,,Brc1cccnc1
kroth,828,4387,Un4387,TRUE,,C(c1ccccc1)c2ccccc2
kroth,829,4392,Un4392,TRUE,,C[N+](=O)[O-]
kroth,830,4395,Un4395,TRUE,,C=C(C#N)C#N
kroth,831,4396,Un4396,TRUE,,C=C(NC=O)C=O
kroth,832,4409,Un4409,TRUE,,C=C1SC(=O)NC1=O
kroth,833,4418,Un4418,TRUE,,C=CC=O
kroth,834,4423,Un4423,TRUE,,C=NCCCCCCN=C
kroth,835,4433,Un4433,TRUE,,C=O
kroth,836,4451,Un4451,TRUE,,C1c2ccccc2-c3ccccc13
kroth,837,4457,Un4457,TRUE,,C1CC(CCN1)c2ccccc2
kroth,838,4460,Un4460,TRUE,,c1cc(n[nH]1)c2ccccc2
kroth,839,4489,Un4489,TRUE,,C1Cc2ccccc2CN1
kroth,840,4491,Un4491,TRUE,,c1cc2ccccc2n1c3ccccc3
kroth,841,4492,Un4492,TRUE,,C1Cc2ccccc2Nc3ccccc13
kroth,842,4495,Un4495,TRUE,,c1cc2cccnc2s1
kroth,843,4510,Un4510,TRUE,,c1ccc(cc1)c2ccc3ccccc3n2
kroth,844,4519,Un4519,TRUE,,c1ccc(cc1)c2nc3ccccc3[nH]2
kroth,845,4521,Un4521,TRUE,,c1ccc(cc1)c2nc3ccccc3o2
kroth,846,4527,Un4527,TRUE,,c1ccc(cc1)n2nc3ccccc3n2
kroth,847,4528,Un4528,TRUE,,C1CCC=CC1
kroth,848,4540,Un4540,TRUE,,C1CCc2c(C1)sc3ncncc23
kroth,849,4541,Un4541,TRUE,,C1CCC2C(NCCC2C1)c3ccccc3
kroth,850,4553,Un4553,TRUE,,c1ccc2ncncc2c1
kroth,851,4555,Un4555,TRUE,,c1ccc2nsnc2c1
kroth,852,4558,Un4558,TRUE,,C1CCCCC1
kroth,853,4564,Un4564,TRUE,,C1CCNC1
kroth,854,4567,Un4567,TRUE,,c1ccoc1
kroth,855,4569,Un4569,TRUE,,c1ccsc1
kroth,856,4571,Un4571,TRUE,,C1CN(CCN1)c2ccccc2
kroth,857,4572,Un4572,TRUE,,C1CN(CCN1)c2ccccn2
kroth,858,4573,Un4573,TRUE,,C1CN(CCO1)c2ccccc2
kroth,859,4576,Un4576,TRUE,,c1cn(nc1c2ccccc2)c3ccccc3
kroth,860,4588,Un4588,TRUE,,c1cncnc1
kroth,861,4591,Un4591,TRUE,,c1cnon1
kroth,862,4593,Un4593,TRUE,,C1COC(C1)n2cnc3cncnc23
kroth,863,4611,Un4611,TRUE,,c1nc(cs1)c2ccccc2
kroth,864,4613,Un4613,TRUE,,c1nc[nH]n1
kroth,865,4616,Un4616,TRUE,,c1nc2ccccc2s1
kroth,866,4625,Un4625,TRUE,,c1nncn1c2ccccc2
kroth,867,4627,Un4627,TRUE,,c1nncs1
kroth,868,4629,Un4629,TRUE,,c1nnnn1c2ccccc2
kroth,869,4631,Un4631,TRUE,,CBr
kroth,870,4687,Un4687,TRUE,,CC(=O)c1ccc(Cl)cc1
kroth,871,4691,Un4691,TRUE,,CC(=O)c1ccccc1
kroth,872,4693,Un4693,TRUE,,CC(=O)c1ccccc1O
kroth,873,4703,Un4703,TRUE,,CC(=O)N
kroth,874,4710,Un4710,TRUE,,CC(=O)NCC(=O)N
kroth,875,4736,Un4736,TRUE,,CC(=O)O
kroth,876,4739,Un4739,TRUE,,CC(=O)OCC=O
kroth,877,4742,Un4742,TRUE,,CC(Br)C(=O)N
kroth,878,4747,Un4747,TRUE,,CC(C)(C)C=O
kroth,879,4756,Un4756,TRUE,,CC(C)(C)c1cccc(c1O)C(C)(C)C
kroth,880,4759,Un4759,TRUE,,CC(C)(C)CC=C
kroth,881,4768,Un4768,TRUE,,CC(C)(C)O
kroth,882,4770,Un4770,TRUE,,CC(C)(C)S
kroth,883,4774,Un4774,TRUE,,CC(C)(CCC=O)C=O
kroth,884,4781,Un4781,TRUE,,CC(C)C(NC=O)C(=O)O
kroth,885,4788,Un4788,TRUE,,CC(C)C1CCC(C)CC1O
kroth,886,4795,Un4795,TRUE,,CC(C)CC(=O)O
kroth,887,4797,Un4797,TRUE,,CC(C)CC(C)O
kroth,888,4798,Un4798,TRUE,,CC(C)CC=O
kroth,889,4800,Un4800,TRUE,,CC(C)CCC(=O)O
kroth,890,4801,Un4801,TRUE,,CC(C)CCC=O
kroth,891,4802,Un4802,TRUE,,CC(C)CCCC(C)C
kroth,892,4803,Un4803,TRUE,,CC(C)CCO
kroth,893,4806,Un4806,TRUE,,CC(C)CNC=O
kroth,894,4807,Un4807,TRUE,,CC(C)CO
kroth,895,4808,Un4808,TRUE,,CC(C)COC=O
kroth,896,4810,Un4810,TRUE,,CC(C)N
kroth,897,4813,Un4813,TRUE,,CC(C)NCC(=O)N
kroth,898,4814,Un4814,TRUE,,CC(C)NCC(O)CO
kroth,899,4816,Un4816,TRUE,,CC(C)O
kroth,900,4817,Un4817,TRUE,,CC(C)OC(=O)N
kroth,901,4818,Un4818,TRUE,,CC(C)OC=O
kroth,902,4822,Un4822,TRUE,,CC(N)C(=O)O
kroth,903,4823,Un4823,TRUE,,CC(N)c1ccccc1
kroth,904,4824,Un4824,TRUE,,CC(NC(=O)CO)C(=O)O
kroth,905,4825,Un4825,TRUE,,CC(NC(=O)OC(C)(C)C)C(=O)O
kroth,906,4836,Un4836,TRUE,,CC(O)C(O)C(O)CO
kroth,907,4837,Un4837,TRUE,,CC(O)c1ccc(cc1)[N+](=O)[O-]
kroth,908,4838,Un4838,TRUE,,CC(O)c1ccccc1
kroth,909,4843,Un4843,TRUE,,CC(O)CN(C)C
kroth,910,4848,Un4848,TRUE,,CC=C
kroth,911,4849,Un4849,TRUE,,CC=CC(=O)C
kroth,912,4863,Un4863,TRUE,,CC=O
kroth,913,4877,Un4877,TRUE,,CC1(C)CCCC(C)(C)N1
kroth,914,4882,Un4882,TRUE,,CC1(O)CCCCC1
kroth,915,4886,Un4886,TRUE,,Cc1[nH]c2ccccc2c1C
kroth,916,4887,Un4887,TRUE,,CC1=CC(NC(=O)N1)c2ccccc2
kroth,917,4898,Un4898,TRUE,,Cc1c[nH]c2ccccc12
kroth,918,4902,Un4902,TRUE,,Cc1cc(=O)n(c2ccccc2)n1C
kroth,919,4904,Un4904,TRUE,,Cc1cc(=O)oc2ccccc12
kroth,920,4909,Un4909,TRUE,,Cc1cc(C)[nH]n1
kroth,921,4928,Un4928,TRUE,,Cc1cc(O)cc(O)c1
kroth,922,4933,Un4933,TRUE,,Cc1ccc(Br)cc1
kroth,923,4934,Un4934,TRUE,,Cc1ccc(Br)s1
kroth,924,4938,Un4938,TRUE,,Cc1ccc(C)n1c2ccccc2
kroth,925,4944,Un4944,TRUE,,Cc1ccc(cc1)[N+](=O)[O-]
kroth,926,4945,Un4945,TRUE,,Cc1ccc(cc1)C(=O)O
kroth,927,4946,Un4946,TRUE,,Cc1ccc(cc1)C(F)(F)F
kroth,928,4950,Un4950,TRUE,,Cc1ccc(cc1)S(=O)(=O)N
kroth,929,4951,Un4951,TRUE,,Cc1ccc(cc1)S(=O)=O
kroth,930,4954,Un4954,TRUE,,Cc1ccc(Cl)cc1
kroth,931,4956,Un4956,TRUE,,Cc1ccc(F)cc1
kroth,932,4961,Un4961,TRUE,,Cc1ccc(NC=O)cc1
kroth,933,4962,Un4962,TRUE,,Cc1ccc(O)c(C)c1
kroth,934,4967,Un4967,TRUE,,Cc1ccc(O)c(O)c1
kroth,935,4971,Un4971,TRUE,,Cc1ccc(o1)[N+](=O)[O-]
kroth,936,4977,Un4977,TRUE,,Cc1ccc2ccccc2n1
kroth,937,4979,Un4979,TRUE,,Cc1ccc2ncsc2c1
kroth,938,4981,Un4981,TRUE,,Cc1cccc(Br)c1
kroth,939,4988,Un4988,TRUE,,Cc1cccc(c1)[N+](=O)[O-]
kroth,940,4990,Un4990,TRUE,,Cc1cccc(c1)C(=O)O
kroth,941,4999,Un4999,TRUE,,Cc1cccc(O)c1
kroth,942,5004,Un5004,TRUE,,Cc1ccccc1C
kroth,943,5007,Un5007,TRUE,,Cc1ccccc1Cl
kroth,944,5008,Un5008,TRUE,,Cc1ccccc1F
kroth,945,5013,Un5013,TRUE,,Cc1ccccc1NS(=O)=O
kroth,946,5014,Un5014,TRUE,,Cc1ccccc1O
kroth,947,5015,Un5015,TRUE,,Cc1ccccc1S(=O)(=O)O
kroth,948,5028,Un5028,TRUE,,Cc1ccsc1C
kroth,949,5033,Un5033,TRUE,,Cc1cscn1
kroth,950,5038,Un5038,TRUE,,Cc1nc2ccccc2s1
kroth,951,5047,Un5047,TRUE,,Cc1scc(C=O)c1C
kroth,952,5051,Un5051,TRUE,,CCC(=O)C
kroth,953,5055,Un5055,TRUE,,CCC(=O)N
kroth,954,5057,Un5057,TRUE,,CCC(=O)NC(C)C
kroth,955,5066,Un5066,TRUE,,CCC(C)(C)CC(=O)C
kroth,956,5067,Un5067,TRUE,,CCC(C)C
kroth,957,5070,Un5070,TRUE,,CCC(C)NC=O
kroth,958,5075,Un5075,TRUE,,CCC(N)C(=O)O
kroth,959,5076,Un5076,TRUE,,CCC=C(C)C
kroth,960,5088,Un5088,TRUE,,CCc1ccc(O)c(O)c1
kroth,961,5090,Un5090,TRUE,,CCc1ccccc1
kroth,962,5091,Un5091,TRUE,,CCC1CCCCN1
kroth,963,5096,Un5096,TRUE,,CCc1nc2ccccc2cc1C
kroth,964,5098,Un5098,TRUE,,CCc1nnc(N)s1
kroth,965,5107,Un5107,TRUE,,CCCC(O)CO
kroth,966,5109,Un5109,TRUE,,CCCC=O
kroth,967,5111,Un5111,TRUE,,CCCc1ccc(O)cc1
kroth,968,5114,Un5114,TRUE,,CCCCC
kroth,969,5115,Un5115,TRUE,,CCCCC(=O)N
kroth,970,5116,Un5116,TRUE,,CCCCC(=O)O
kroth,971,5118,Un5118,TRUE,,CCCCc1ccccc1
kroth,972,5120,Un5120,TRUE,,CCCCCC
kroth,973,5125,Un5125,TRUE,,CCCCCC(C)NC=O
kroth,974,5129,Un5129,TRUE,,CCCCCCC=O
kroth,975,5130,Un5130,TRUE,,CCCCCCCC
kroth,976,5135,Un5135,TRUE,,CCCCCCO
kroth,977,5137,Un5137,TRUE,,CCCCCN
kroth,978,5138,Un5138,TRUE,,CCCCCO
kroth,979,5139,Un5139,TRUE,,CCCCCOC=O
kroth,980,5140,Un5140,TRUE,,CCCCl
kroth,981,5145,Un5145,TRUE,,CCCCO
kroth,982,5147,Un5147,TRUE,,CCCCS
kroth,983,5148,Un5148,TRUE,,CCCN
kroth,984,5150,Un5150,TRUE,,CCCNC=O
kroth,985,5151,Un5151,TRUE,,CCCNS(=O)=O
kroth,986,5157,Un5157,TRUE,,CCl
kroth,987,5158,Un5158,TRUE,,CCN
kroth,988,5160,Un5160,TRUE,,CCN(C)CC
kroth,989,5164,Un5164,TRUE,,CCN(CC)C=O
kroth,990,5165,Un5165,TRUE,,CCN(CC)CC
kroth,991,5166,Un5166,TRUE,,CCN(CC)CC(=O)N
kroth,992,5171,Un5171,TRUE,,CCN(CC)CCN
kroth,993,5172,Un5172,TRUE,,CCN(CC)CCNC=O
kroth,994,5175,Un5175,TRUE,,CCN(CCO)C=O
kroth,995,5180,Un5180,TRUE,,CCN1CCOCC1
kroth,996,5183,Un5183,TRUE,,CCNC(=O)C
kroth,997,5185,Un5185,TRUE,,CCNC(=O)CC
kroth,998,5190,Un5190,TRUE,,CCNCC
kroth,999,5193,Un5193,TRUE,,CCNCC=O
kroth,1000,5195,Un5195,TRUE,,CCNS(=O)=O
kroth,1001,5196,Un5196,TRUE,,CCO
kroth,1002,5197,Un5197,TRUE,,CCOC
kroth,1003,5198,Un5198,TRUE,,CCOC(=O)C
kroth,1004,5203,Un5203,TRUE,,CCOC(=O)CC
kroth,1005,5206,Un5206,TRUE,,CCOC(=O)CC=O
kroth,1006,5209,Un5209,TRUE,,CCOC(=O)CNC=O
kroth,1007,5210,Un5210,TRUE,,CCOC(=O)CS
kroth,1008,5211,Un5211,TRUE,,CCOC(=O)N
kroth,1009,5217,Un5217,TRUE,,CCS
kroth,1010,5224,Un5224,TRUE,,CCSC
kroth,1011,5226,Un5226,TRUE,,CCSC(C)C
kroth,1012,5228,Un5228,TRUE,,CCSCC
kroth,1013,5242,Un5242,TRUE,,ClC(Cl)Cl
kroth,1014,5243,Un5243,TRUE,,Clc1c(C=O)sc2ccccc12
kroth,1015,5244,Un5244,TRUE,,Clc1cc(Cl)cc(C=O)c1
kroth,1016,5257,Un5257,TRUE,,Clc1ccc(cc1)S(=O)=O
kroth,1017,5260,Un5260,TRUE,,Clc1ccc(Cl)c(Cl)c1
kroth,1018,5265,Un5265,TRUE,,Clc1ccc(NC=O)cc1
kroth,1019,5272,Un5272,TRUE,,Clc1cccc(C=O)c1
kroth,1020,5275,Un5275,TRUE,,Clc1cccc(NC=O)c1
kroth,1021,5276,Un5276,TRUE,,Clc1cccc2ccccc12
kroth,1022,5278,Un5278,TRUE,,Clc1ccccc1Br
kroth,1023,5280,Un5280,TRUE,,Clc1ccccc1C=O
kroth,1024,5282,Un5282,TRUE,,Clc1ccccc1NC=O
kroth,1025,5284,Un5284,TRUE,,Clc1cccnc1
kroth,1026,5287,Un5287,TRUE,,Clc1ncncn1
kroth,1027,5289,Un5289,TRUE,,ClCCl
kroth,1028,5302,Un5302,TRUE,,CN(C)CC=O
kroth,1029,5306,Un5306,TRUE,,CN(C)CCCOC=O
kroth,1030,5307,Un5307,TRUE,,CN(C)CCOC=O
kroth,1031,5313,Un5313,TRUE,,CN(CCO)CCO
kroth,1032,5318,Un5318,TRUE,,CN1C(=O)c2ccccc2C1=O
kroth,1033,5323,Un5323,TRUE,,CN1CCCCC1
kroth,1034,5330,Un5330,TRUE,,CN1CCOCC1
kroth,1035,5334,Un5334,TRUE,,CNC
kroth,1036,5339,Un5339,TRUE,,CNC(=O)CCl
kroth,1037,5350,Un5350,TRUE,,CNC=O
kroth,1038,5351,Un5351,TRUE,,CNc1ccccc1
kroth,1039,5354,Un5354,TRUE,,CNCC(C)O
kroth,1040,5364,Un5364,TRUE,,CO
kroth,1041,5372,Un5372,TRUE,,COC(=O)CCC(=O)O
kroth,1042,5375,Un5375,TRUE,,COC(=O)CO
kroth,1043,5379,Un5379,TRUE,,COC=O
kroth,1044,5381,Un5381,TRUE,,COc1cc(C=NNC=O)ccc1O
kroth,1045,5382,Un5382,TRUE,,COc1cc(cc(OC)c1OC)C(=O)N
kroth,1046,5393,Un5393,TRUE,,COc1ccc(cc1)C(=O)N
kroth,1047,5395,Un5395,TRUE,,COc1ccc(Cl)cc1Cl
kroth,1048,5402,Un5402,TRUE,,COc1cccc(Br)c1
kroth,1049,5404,Un5404,TRUE,,COc1cccc(c1)[N+](=O)[O-]
kroth,1050,5412,Un5412,TRUE,,COc1ccccc1N2CCNCC2
kroth,1051,5414,Un5414,TRUE,,COc1ccccc1OC
kroth,1052,5423,Un5423,TRUE,,COCC(C)O
kroth,1053,5426,Un5426,TRUE,,COS(=O)=O
kroth,1054,5428,Un5428,TRUE,,CS(=O)(=O)c1ccccc1
kroth,1055,5452,Un5452,TRUE,,FC(F)(F)c1cccc(c1)S(=O)=O
kroth,1056,5453,Un5453,TRUE,,FC(F)(F)c1cccc(NC=O)c1
kroth,1057,5454,Un5454,TRUE,,FC(F)(F)c1ccccc1
kroth,1058,5458,Un5458,TRUE,,FC(F)(F)S
kroth,1059,5461,Un5461,TRUE,,FC(F)F
kroth,1060,5462,Un5462,TRUE,,Fc1cc(F)c(F)c(F)c1F
kroth,1061,5469,Un5469,TRUE,,Fc1ccc(cc1)N2CCNCC2
kroth,1062,5470,Un5470,TRUE,,Fc1ccc(NC=O)cc1
kroth,1063,5472,Un5472,TRUE,,Fc1cccc(C=O)c1
kroth,1064,5473,Un5473,TRUE,,Fc1cccc(F)c1
kroth,1065,5474,Un5474,TRUE,,Fc1cccc(F)c1C=O
kroth,1066,5476,Un5476,TRUE,,Fc1ccccc1C=N
kroth,1067,5478,Un5478,TRUE,,Fc1ccccc1C=O
kroth,1068,5483,Un5483,TRUE,,Ic1ccc(NC=O)cc1
kroth,1069,5484,Un5484,TRUE,,Ic1cccc(C=O)c1
kroth,1070,5485,Un5485,TRUE,,Ic1ccccc1
kroth,1071,5486,Un5486,TRUE,,Ic1ccccc1C=O
kroth,1072,5491,Un5491,TRUE,,N(=Nc1ccccc1)c2ccccc2
kroth,1073,5496,Un5496,TRUE,,N=C(c1ccccc1)c2ccccc2
kroth,1074,5529,Un5529,TRUE,,N1c2ccccc2S(c3ccccc13) ( N1c2ccccc2Sc3ccccc13)
kroth,1075,5544,Un5544,TRUE,,NC(=O)C(F)(F)F
kroth,1076,5548,Un5548,TRUE,,NC(=O)C=CC(=O)O
kroth,1077,5550,Un5550,TRUE,,NC(=O)C=Cc1ccccc1
kroth,1078,5563,Un5563,TRUE,,NC(=O)c1ccc(cc1)[N+](=O)[O-]
kroth,1079,5567,Un5567,TRUE,,NC(=O)c1ccc(Cl)cc1
kroth,1080,5571,Un5571,TRUE,,NC(=O)c1ccc(N)cc1
kroth,1081,5575,Un5575,TRUE,,NC(=O)c1cccc(c1)[N+](=O)[O-]
kroth,1082,5580,Un5580,TRUE,,NC(=O)c1ccccc1C(=O)O
kroth,1083,5582,Un5582,TRUE,,NC(=O)c1ccccc1F
kroth,1084,5584,Un5584,TRUE,,NC(=O)c1ccco1
kroth,1085,5585,Un5585,TRUE,,NC(=O)c1cccs1
kroth,1086,5590,Un5590,TRUE,,NC(=O)CC=O
kroth,1087,5591,Un5591,TRUE,,NC(=O)CCC(=O)O
kroth,1088,5593,Un5593,TRUE,,NC(=O)CCCC(=O)O
kroth,1089,5601,Un5601,TRUE,,NC(=O)N
kroth,1090,5631,Un5631,TRUE,,NC(=S)NNC=O
kroth,1091,5633,Un5633,TRUE,,NC(CO)CO
kroth,1092,5651,Un5651,TRUE,,Nc1ccc(C=O)cc1
kroth,1093,5654,Un5654,TRUE,,Nc1ccc(cc1)S(=O)(=O)N
kroth,1094,5655,Un5655,TRUE,,Nc1ccc(cc1)S(=O)=O
kroth,1095,5656,Un5656,TRUE,,Nc1ccc(cc1[N+](=O)[O-])[N+](=O)[O-]
kroth,1096,5661,Un5661,TRUE,,Nc1ccc(I)cc1
kroth,1097,5666,Un5666,TRUE,,Nc1cccc(c1)C(F)(F)F
kroth,1098,5667,Un5667,TRUE,,Nc1cccc(Cl)c1
kroth,1099,5670,Un5670,TRUE,,Nc1cccc2ccccc12
kroth,1100,5673,Un5673,TRUE,,Nc1ccccc1[N+](=O)[O-]
kroth,1101,5674,Un5674,TRUE,,Nc1ccccc1C(=O)O
kroth,1102,5689,Un5689,TRUE,,NCC(=O)N
kroth,1103,5692,Un5692,TRUE,,NCC(O)CO
kroth,1104,5694,Un5694,TRUE,,NCC=O
kroth,1105,5695,Un5695,TRUE,,NCc1ccccc1
kroth,1106,5696,Un5696,TRUE,,NCc1ccco1
kroth,1107,5700,Un5700,TRUE,,NCCCC(=O)O
kroth,1108,5701,Un5701,TRUE,,NCCCO
kroth,1109,5702,Un5702,TRUE,,NCCN
kroth,1110,5703,Un5703,TRUE,,NCCO
kroth,1111,5704,Un5704,TRUE,,NCCS
kroth,1112,5720,Un5720,TRUE,,Nn1cnnc1
kroth,1113,5722,Un5722,TRUE,,NNC(=O)CO
kroth,1114,5724,Un5724,TRUE,,NNC(=S)N
kroth,1115,5725,Un5725,TRUE,,NNC=O
kroth,1116,5727,Un5727,TRUE,,NNS(=O)=O
kroth,1117,5731,Un5731,TRUE,,NS(=O)(=O)c1ccc(cc1)c2ccccc2
kroth,1118,5734,Un5734,TRUE,,NS(=O)(=O)c1ccccc1
kroth,1119,5736,Un5736,TRUE,,NS(=O)=O
kroth,1120,5757,Un5757,TRUE,,O=c1[nH]cnc2n(cnc12)C3CCCO3
kroth,1121,5764,Un5764,TRUE,,O=c1c(coc2ccccc12)c3ccccc3
kroth,1122,5769,Un5769,TRUE,,O=C1C=CC(=O)N1c2ccccc2
kroth,1123,5791,Un5791,TRUE,,O=c1cc[nH]c(=O)[nH]1
kroth,1124,5805,Un5805,TRUE,,O=c1cccc[nH]1
kroth,1125,5819,Un5819,TRUE,,O=C1CCCN1
kroth,1126,5820,Un5820,TRUE,,O=C1CCCN1c2ccccc2
kroth,1127,5822,Un5822,TRUE,,O=c1ccn(C2CCCO2)c(=O)[nH]1
kroth,1128,5824,Un5824,TRUE,,O=c1ccnc[nH]1
kroth,1129,5825,Un5825,TRUE,,O=c1ccnc2ccccn12
kroth,1130,5827,Un5827,TRUE,,O=c1cn[nH]c(=O)[nH]1
kroth,1131,5829,Un5829,TRUE,,O=c1cnc2ccccc2[nH]1
kroth,1132,5830,Un5830,TRUE,,O=C1CNc2ccccc2N1
kroth,1133,5832,Un5832,TRUE,,O=C1CSC(=S)N1
kroth,1134,5837,Un5837,TRUE,,O=C1N(C(=O)c2ccccc12)c3ccccc3
kroth,1135,5839,Un5839,TRUE,,O=c1n(cnc2ccccc12)c3ccccc3
kroth,1136,5847,Un5847,TRUE,,O=C1NC(=O)c2cccc3cccc1c23
kroth,1137,5848,Un5848,TRUE,,O=C1NC(=O)c2ccccc12
kroth,1138,5854,Un5854,TRUE,,O=c1nc[nH]c2ccccc12
kroth,1139,5858,Un5858,TRUE,,O=C1Nc2ccccc2C1=O
kroth,1140,5861,Un5861,TRUE,,O=c1nccc[nH]1
kroth,1141,5868,Un5868,TRUE,,O=C1OC(c2ccccc12)(c3ccccc3)c4ccccc4
kroth,1142,5899,Un5899,TRUE,,O=Cc1cccc(c1)S(=O)=O
kroth,1143,5905,Un5905,TRUE,,O=Cc1ccccc1S(=O)=O
kroth,1144,5907,Un5907,TRUE,,O=Cc1cccnc1
kroth,1145,5908,Un5908,TRUE,,O=Cc1ccco1
kroth,1146,5909,Un5909,TRUE,,O=Cc1cccs1
kroth,1147,5914,Un5914,TRUE,,O=Cc1cncs1
kroth,1148,5918,Un5918,TRUE,,O=CCC(NC=O)c1ccccc1
kroth,1149,5928,Un5928,TRUE,,O=CCCc1c[nH]c2ccccc12
kroth,1150,5929,Un5929,TRUE,,O=CCCc1ccccc1
kroth,1151,5933,Un5933,TRUE,,O=CCCCCCCC=O
kroth,1152,5935,Un5935,TRUE,,O=CCCNC(=S)SCC=O
kroth,1153,5949,Un5949,TRUE,,O=CN1CCNCC1
kroth,1154,5950,Un5950,TRUE,,O=CN1CCOCC1
kroth,1155,5960,Un5960,TRUE,,O=CNC1CCCCC1
kroth,1156,5964,Un5964,TRUE,,O=CNCCCCNC=O
kroth,1157,5968,Un5968,TRUE,,O=CNCOC=O
kroth,1158,5994,Un5994,TRUE,,O=S(=O)(c1ccccc1)c2ccccc2
kroth,1159,5997,Un5997,TRUE,,O=S(=O)c1ccc2ccccc2c1
kroth,1160,5999,Un5999,TRUE,,O=S(=O)c1ccccc1
kroth,1161,6001,Un6001,TRUE,,O=S(=O)N1CCCCC1
kroth,1162,6003,Un6003,TRUE,,O=S(=O)N1CCOCC1
kroth,1163,6006,Un6006,TRUE,,O=S(=O)NC1CCCCC1
kroth,1164,6009,Un6009,TRUE,,O=S(=O)Nc1nccs1
kroth,1165,6014,Un6014,TRUE,,O=S1(=O)CCCC1
kroth,1166,6018,Un6018,TRUE,,OC(=O)C=C
kroth,1167,6030,Un6030,TRUE,,OC(=O)c1ccc(C=O)c(C=O)c1
kroth,1168,6033,Un6033,TRUE,,OC(=O)c1ccc(cc1)C(=O)O
kroth,1169,6034,Un6034,TRUE,,OC(=O)c1ccc(cc1)c2ccccc2
kroth,1170,6041,Un6041,TRUE,,OC(=O)c1ccc(O)cc1
kroth,1171,6046,Un6046,TRUE,,OC(=O)c1cccc(Br)c1
kroth,1172,6047,Un6047,TRUE,,OC(=O)c1cccc(c1)[N+](=O)[O-]
kroth,1173,6048,Un6048,TRUE,,OC(=O)c1cccc(c1)C(=O)O
kroth,1174,6054,Un6054,TRUE,,OC(=O)c1ccccc1C(=O)O
kroth,1175,6058,Un6058,TRUE,,OC(=O)c1ccccc1O
kroth,1176,6062,Un6062,TRUE,,OC(=O)c1cnccn1
kroth,1177,6067,Un6067,TRUE,,OC(=O)Cc1ccccc1
kroth,1178,6072,Un6072,TRUE,,OC(=O)CCc1c[nH]c2ccccc12
kroth,1179,6075,Un6075,TRUE,,OC(=O)CCCC=O
kroth,1180,6082,Un6082,TRUE,,OC(=O)CCNC=O
kroth,1181,6086,Un6086,TRUE,,OC(=O)CNC=O
kroth,1182,6087,Un6087,TRUE,,OC(=O)CNCC(=O)O
kroth,1183,6088,Un6088,TRUE,,OC(=O)CNS(=O)=O
kroth,1184,6105,Un6105,TRUE,,OC1C(=O)Nc2ccccc12
kroth,1185,6106,Un6106,TRUE,,Oc1c(Br)cccc1Br
kroth,1186,6116,Un6116,TRUE,,Oc1cc(O)cc(O)c1
kroth,1187,6125,Un6125,TRUE,,Oc1ccc(C=O)cc1
kroth,1188,6133,Un6133,TRUE,,Oc1ccc(cc1)S(=O)=O
kroth,1189,6136,Un6136,TRUE,,Oc1ccc(CCC=O)cc1
kroth,1190,6137,Un6137,TRUE,,Oc1ccc(Cl)cc1
kroth,1191,6140,Un6140,TRUE,,Oc1ccc(Cl)cc1C=O
kroth,1192,6143,Un6143,TRUE,,Oc1ccc(NC=O)cc1
kroth,1193,6159,Un6159,TRUE,,Oc1cccc(NC=O)c1
kroth,1194,6165,Un6165,TRUE,,OC1CCCCC1
kroth,1195,6170,Un6170,TRUE,,Oc1ccccc1C=NNC=O
kroth,1196,6171,Un6171,TRUE,,Oc1ccccc1C=O
kroth,1197,6212,Un6212,TRUE,,OCC(=O)OCC=O
kroth,1198,6228,Un6228,TRUE,,OCCc1ccccc1
kroth,1199,6229,Un6229,TRUE,,OCCCC=O
kroth,1200,6230,Un6230,TRUE,,OCCCl
kroth,1201,6236,Un6236,TRUE,,OCCNS(=O)=O
kroth,1202,6237,Un6237,TRUE,,OCCO
kroth,1203,6238,Un6238,TRUE,,OCCOC=O
kroth,1204,6240,Un6240,TRUE,,OCCS(=O)=O
kroth,1205,6242,Un6242,TRUE,,ON=C
kroth,1206,6244,Un6244,TRUE,,OP(=O)(O)O
kroth,1207,6250,Un6250,TRUE,,OS(=O)=O
kroth,1208,6255,Un6255,TRUE,,S=c1[nH]c2ccccc2s1
kroth,1209,6256,Un6256,TRUE,,S=C1NC=CC(N1)c2ccccc2
kroth,1210,6264,Un6264,TRUE,,SCC=O
kroth,1211,6266,Un6266,TRUE,,SCCC=O
ecfp6,1212,6275,Un6275,TRUE,,ECFP6:-2129264906
ecfp7,1213,6292,Un6292,TRUE,,ECFP6:-2087874551
ecfp8,1214,6324,Un6324,TRUE,,ECFP6:-2000301424
ecfp9,1215,6352,Un6352,TRUE,,ECFP6:-1948933929
ecfp10,1216,6395,Un6395,TRUE,,ECFP6:-1878045537
ecfp11,1217,6418,Un6418,TRUE,,ECFP6:-1830567628
ecfp12,1218,6446,Un6446,TRUE,,ECFP6:-1765892857
ecfp13,1219,6478,Un6478,TRUE,,ECFP6:-1675366598
ecfp14,1220,6484,Un6484,TRUE,,ECFP6:-1659980306
ecfp15,1221,6514,Un6514,TRUE,,ECFP6:-1570124190
ecfp16,1222,6517,Un6517,TRUE,,ECFP6:-1562560787
ecfp17,1223,6534,Un6534,TRUE,,ECFP6:-1536459552
ecfp18,1224,6551,Un6551,TRUE,,ECFP6:-1495635308
ecfp19,1225,6557,Un6557,TRUE,,ECFP6:-1489063853
ecfp20,1226,6599,Un6599,TRUE,,ECFP6:-1395754589
ecfp21,1227,6603,Un6603,TRUE,,ECFP6:-1391505150
ecfp22,1228,6617,Un6617,TRUE,,ECFP6:-1366464498
ecfp23,1229,6640,Un6640,TRUE,,ECFP6:-1301889497
ecfp24,1230,6642,Un6642,TRUE,,ECFP6:-1297648925
ecfp25,1231,6703,Un6703,TRUE,,ECFP6:-1157819681
ecfp26,1232,6720,Un6720,TRUE,,ECFP6:-1122709075
ecfp27,1233,6728,Un6728,TRUE,,ECFP6:-1108206482
ecfp28,1234,6731,Un6731,TRUE,,ECFP6:-1103190781
ecfp29,1235,6742,Un6742,TRUE,,ECFP6:-1088873939
ecfp30,1236,6786,Un6786,TRUE,,ECFP6:-987457678
ecfp31,1237,6961,Un6961,TRUE,,ECFP6:-597732595
ecfp32,1238,6972,Un6972,TRUE,,ECFP6:-573249317
ecfp33,1239,7037,Un7037,TRUE,,ECFP6:-410245795
ecfp34,1240,7071,Un7071,TRUE,,ECFP6:-336138865
ecfp35,1241,7072,Un7072,TRUE,,ECFP6:-332411907
ecfp36,1242,7140,Un7140,TRUE,,ECFP6:-194354518
ecfp37,1243,7199,Un7199,TRUE,,ECFP6:-82877736
ecfp38,1244,7212,Un7212,TRUE,,ECFP6:-48888163
ecfp39,1245,7219,Un7219,TRUE,,ECFP6:-34457619
ecfp40,1246,7238,Un7238,TRUE,,ECFP6:13619651
ecfp41,1247,7250,Un7250,TRUE,,ECFP6:31424298
ecfp42,1248,7296,Un7296,TRUE,,ECFP6:151251816
ecfp43,1249,7302,Un7302,TRUE,,ECFP6:171766927
ecfp44,1250,7322,Un7322,TRUE,,ECFP6:203249653
ecfp45,1251,7340,Un7340,TRUE,,ECFP6:228265354
ecfp46,1252,7365,Un7365,TRUE,,ECFP6:266887770
ecfp47,1253,7424,Un7424,TRUE,,ECFP6:401570022
ecfp48,1254,7543,Un7543,TRUE,,ECFP6:686846582
ecfp49,1255,7657,Un7657,TRUE,,ECFP6:946843300
ecfp50,1256,7701,Un7701,TRUE,,ECFP6:1058938111
ecfp51,1257,7715,Un7715,TRUE,,ECFP6:1085981635
ecfp52,1258,7791,Un7791,TRUE,,ECFP6:1232154435
ecfp53,1259,7892,Un7892,TRUE,,ECFP6:1479434575
ecfp54,1260,7907,Un7907,TRUE,,ECFP6:1518383620
ecfp55,1261,7935,Un7935,TRUE,,ECFP6:1584485140
ecfp56,1262,8027,Un8027,TRUE,,ECFP6:1830314062
ecfp57,1263,8043,Un8043,TRUE,,ECFP6:1865038436
ecfp58,1264,8050,Un8050,TRUE,,ECFP6:1876404817
ecfp59,1265,8051,Un8051,TRUE,,ECFP6:1877262781
ecfp60,1266,8147,Un8147,TRUE,,ECFP6:2074714955
biosmarts,1267,8182,Un8182,TRUE,,"CC(C(C(~O)[O,N])N)O"
biosmarts,1268,8184,Un8184,TRUE,,[OH0]=[CH0](N)[CH1](N)[CH2][OH1]
biosmarts,1269,8185,Un8185,TRUE,,[OH0]=[CH0](N)[CH1]N
biosmarts,1270,8191,Un8191,TRUE,,[#6]~C([CH0]([NH1][CH1](~[#6])[CH0](~[!#1])~O)~[OH0D1])~[!#1]
biosmarts,1271,8192,Un8192,TRUE,,[CH1](~[!#1])[CH1]([CH1]([CH1]([CH1]([CH2]~O)~O)~O)~O)[NH1][CH0](~[CH3D1])~[OH0D1]
biosmarts,1272,8197,Un8197,TRUE,,[CH2]([CH2]~[!#1])[NH0](~[#6])~[#6]
biosmarts,1273,8200,Un8200,TRUE,,[#6]~C([NH1][CH1]([CH2][CH2][CH0](~[!#1])~O)[CH0](~[!#1])~O)~[OH0D1]
biosmarts,1274,8201,Un8201,TRUE,,[#6]~O[PH0](~O)(~[!#1])[SH0]~[#6]
biosmarts,1275,8202,Un8202,TRUE,,[#6]~Cc(:c:c:c(:c1~[!#1])~[!#1]):c1
biosmarts,1276,8203,Un8203,TRUE,,[#6]~C([CH0](~[!#1])~[!#1])[NH0](~[#6])[CH0](~[!#1])~O
biosmarts,1277,8206,Un8206,TRUE,,[#6]~C[CH0](~[!#1])[OH0][CH1](~[#6])~[#6]
biosmarts,1278,8212,Un8212,TRUE,,[#6]~C[CH2][CH2][CH2][CH0](~O)[OH0]~[#6]
biosmarts,1279,8219,Un8219,TRUE,,[#6]~Oc(:c:c:c:c1~[!#1]):c1~[!#1]
biosmarts,1280,8222,Un8222,TRUE,,[#6]~C([CH1](~[#6])~[!#1])[NH1][CH0](~[#6])~[OH0D1]
biosmarts,1281,8225,Un8225,TRUE,,[#6]~O[CH1]([CH0](~C)(~[#6])~[!#1])~[#6]
biosmarts,1282,8226,Un8226,TRUE,,[#6]~O[CH1]([CH2]~[!#1])[CH2]~[!#1]
biosmarts,1283,8227,Un8227,TRUE,,[#6]~C[CH1]([CH1](~[#6])~[!#1])[NH0](~C)~[!#1]
biosmarts,1284,8229,Un8229,TRUE,,[CH2]([CH1]([CH1]([CH1]([CH1]1~[!#1])~O)~O)[OH0]1)~O
biosmarts,1285,8230,Un8230,TRUE,,[#6]~Cc(:c:c:c(:c1)~[!#1]):c1~[!#1]
biosmarts,1286,8231,Un8231,TRUE,,[#6]~C[NH0]([CH2]~[#6])[CH2]~[#6]
biosmarts,1287,8232,Un8232,TRUE,,[#6]~Cc(:c:c:c:c1~[!#1]):c1~[!#1]
biosmarts,1288,8233,Un8233,TRUE,,[#6]~C([CH1]([CH1]([CH1]([CH1]1[OH0]c(:c:c:c:c2):c2)~O)~O)~O)[OH0]1
biosmarts,1289,8235,Un8235,TRUE,,[#6]~C(~[#6])[CH0](~[!#1])[OH0]~[#6]
biosmarts,1290,8236,Un8236,TRUE,,c(:c:c:c(:c1)[CH0](~[!#1])(~[!#1])~[!#1]):c1
biosmarts,1291,8240,Un8240,TRUE,,[#6]~Oc(:c:c(:c:c1)[CH2]~[!#1]):c1~[!#1]
biosmarts,1292,8241,Un8241,TRUE,,[#6]~N[CH1]([CH2]~[#6])[CH0](~[!#1])~O
biosmarts,1293,8245,Un8245,TRUE,,[#6]~C([CH0](~[!#1])~O)[NH1][CH0]([CH1]([CH1](~[#6])~[!#1])~[!#1])~[OH0D1]
biosmarts,1294,8246,Un8246,TRUE,,c(:c:c(:c([CH0]~[!#1]):c1~[!#1])~[!#1]):c1
biosmarts,1295,8248,Un8248,TRUE,,c(:c:c(:c:c1)~[!#1]):c1[CH1]~[!#1]
biosmarts,1296,8252,Un8252,TRUE,,[#6]~O[CH1]([CH1]([CH1]([CH1]([CH1]1[CH2]~O)~[OH1D1])~[OH1D1])~O)[OH0]1
biosmarts,1297,8253,Un8253,TRUE,,[#6]~N[CH2][CH2][CH2][CH1]~[!#1]
biosmarts,1298,8254,Un8254,TRUE,,c(:c:c(:c:c1)~[!#1]):c1[CH2]~[!#1]
biosmarts,1299,8255,Un8255,TRUE,,[#6]~C([CH1]([CH0](~C)~[!#1])~[!#1])[OH0]~[#6]
biosmarts,1300,8260,Un8260,TRUE,,[CH2]([CH0]([CH2][OH0][CH1]1~[OH0D2])([CH1]1~[OH1D1])~[OH1D1])~[OH1D1]
biosmarts,1301,8261,Un8261,TRUE,,[#6]~Oc(:c:c:c(:c1)~[!#1]):c1~[!#1]
biosmarts,1302,8266,Un8266,TRUE,,[#6]~C[OH0][PH0](~O)(~[!#1])[OH0][CH2]~[#6]
biosmarts,1303,8267,Un8267,TRUE,,[#6]~c(:c(:c:c(:c1)[OH0]~[#6])~[!#1]):c1~[!#1]
biosmarts,1304,8268,Un8268,TRUE,,[#6]~C([CH0](~[!#1])~[!#1])[OH0][CH0](~[!#1])~[#6]
biosmarts,1305,8269,Un8269,TRUE,,[#6]~C[CH2][NH0](~[#6])~[!#1]
biosmarts,1306,8271,Un8271,TRUE,,[#6]~C[CH1]([CH2]~[#6])[OH0]~[#6]
biosmarts,1307,8273,Un8273,TRUE,,[#6]~C[CH1](~[#6])[CH0](~[#6])[CH0](~[!#1])[OH0]~[#6]
biosmarts,1308,8276,Un8276,TRUE,,[#6]~c(:c:c(:c(:c1)~[!#1])~[!#1]):c1~[!#1]
biosmarts,1309,8287,Un8287,TRUE,,[#6]~C[OH0][CH1](~[#6])[OH0][CH1](~[#6])[CH0](~[!#1])~[!#1]
biosmarts,1310,8289,Un8289,TRUE,,c(:c:c:c(:c1)c(:c(:c:c:c2)~[!#1]):c2~[!#1]):c1
biosmarts,1311,8290,Un8290,TRUE,,[#6]~c(:c:c:c(:c1[OH0]~[#6])~[!#1]):c1
biosmarts,1312,8295,Un8295,TRUE,,c(:c(:c:c(:c1[CH1]~[!#1])~[!#1])~[!#1]):c1~[!#1]
biosmarts,1313,8296,Un8296,TRUE,,[#6]~C([CH0]([NH1][CH1]([CH2]c(:c:c:c:c1):c1)[CH0](~[!#1])~O)~[OH0D1])~[!#1]
biosmarts,1314,8297,Un8297,TRUE,,c(:c:c:c(:c1)[CH1](~[#6])~[!#1]):c1
biosmarts,1315,8301,Un8301,TRUE,,[#6]~C[OH0][CH0](~[!#1])[CH1]([CH1](~[#6])~[#6])~[!#1]
biosmarts,1316,8302,Un8302,TRUE,,[#6]~C(c(:c:c:c:c1):c1)[NH0]~[#6]
biosmarts,1317,8303,Un8303,TRUE,,[#6]~C(~[!#1])[CH1](~[#6])[OH0][CH0](~[!#1])~[#6]
biosmarts,1318,8304,Un8304,TRUE,,[#6]~Sc(:c:c:c:c1):c1
biosmarts,1319,8307,Un8307,TRUE,,[#6]~C[OH0][CH0](~[!#1])[CH1](~[#6])[OH0][CH0](~[!#1])~[#6]
biosmarts,1320,8308,Un8308,TRUE,,[CH2]([CH2][OH0][PH0](~O)~O)~[!#1]
biosmarts,1321,8310,Un8310,TRUE,,[#6]~C(c(:c:c:c:c1~[!#1]):c1)~[!#1]
biosmarts,1322,8311,Un8311,TRUE,,c(:c:c(:c:c1~[!#1])[CH2]~[!#1]):c1
biosmarts,1323,8312,Un8312,TRUE,,[CH2]([CH2][CH2]~[!#1])[CH2][CH2][NH1]~[#6]
biosmarts,1324,8313,Un8313,TRUE,,[#6]~C[CH2][CH2][CH2][CH2][CH2][CH2][CH2][CH2][CH0](~O)[OH0]~[#6]
biosmarts,1325,8315,Un8315,TRUE,,[#6]~c(:c:c:c(:c1~[!#1])~[!#1]):c1~[!#1]
biosmarts,1326,8316,Un8316,TRUE,,[#6]~C[OH0][CH0](~[!#1])[CH1]~[!#1]
biosmarts,1327,8318,Un8318,TRUE,,c(:c:c(:c(:c1)[NH0](~[!#1])~[!#1])~[!#1]):c1~[!#1]
biosmarts,1328,8319,Un8319,TRUE,,[CH2]([CH1]([CH0](~[!#1])~O)[NH1][CH0]([CH1]([CH2]~[#6])~[#7])~[OH0D1])~[!#1]
biosmarts,1329,8321,Un8321,TRUE,,c(:c([CH2]~[!#1]):c(:c:c1~[!#1])~[!#1]):c1~[!#1]
biosmarts,1330,8324,Un8324,TRUE,,[#6]~C[CH0](~[#6])([CH0](~[!#1])[OH0]~[#6])~[!#1]
biosmarts,1331,8332,Un8332,TRUE,,[#6]~c(:c(:c:c:c1~[!#1])~[!#1]):c1[OH0]~[#6]
biosmarts,1332,8339,Un8339,TRUE,,[#6]~C([NH1][CH1]([CH2]~[!#1])[CH0](~[!#1])~O)~O
biosmarts,1333,8340,Un8340,TRUE,,[#6]~c(:c:c(:c:c1)[OH0]~[#6]):c1~[!#1]
biosmarts,1334,8341,Un8341,TRUE,,[#6]~C(c(:c:c:c(:c1)~[!#1]):c1)~[!#1]
biosmarts,1335,8342,Un8342,TRUE,,[#6]~C([CH0](~[!#1])~O)[NH1][CH0]([CH1]([CH2]c(:c:c:c:c1):c1)~[#7])~[OH0D1]
biosmarts,1336,8349,Un8349,TRUE,,c(:c(:c:c(:c1~[!#1])~[!#1])[CH0]~[!#1]):c1~[!#1]
biosmarts,1337,8350,Un8350,TRUE,,[#6]~C[CH1]([CH2][NH0](~[#6])~[#6])~[!#1]
biosmarts,1338,8351,Un8351,TRUE,,[#6]~C(~[#6])[CH0](~[!#1])[OH0][CH1](~[#6])~[#6]
biosmarts,1339,8352,Un8352,TRUE,,[#6]~N(~[#6])[CH2][CH2]c(:c:n:c1:c:c:c:c2):c12
biosmarts,1340,8354,Un8354,TRUE,,[#6]~Oc(:c:c(:c:c1~[!#1])~[!#1]):c1
biosmarts,1341,8356,Un8356,TRUE,,[#6]~C[OH0][CH1](~[#6])[OH0][CH0](~[!#1])~[#6]
biosmarts,1342,8359,Un8359,TRUE,,[#6]~C([CH0]([NH1][CH1]([CH2][CH0](~[!#1])~O)[CH0](~[!#1])~O)~O)~N
biosmarts,1343,8360,Un8360,TRUE,,[#6]~C(~[#6])[NH0](~C)~[!#1]
biosmarts,1344,8362,Un8362,TRUE,,c[CH2][CH1]=[CH0]([CH3])[CH3]
biosmarts,1345,8364,Un8364,TRUE,,[CH3][CH2][CH2][CH2][CH2][CH1]=[CH1][CH2][CH1]=[CH1][CH2][CH1]=[CH1][CH2][CH1]
biosmarts,1346,8367,Un8367,TRUE,,[CH3][CH2][CH1]=[CH1][CH2][CH1]=[CH1][CH2][CH1]=[CH1][CH2][CH1]
biosmarts,1347,8368,Un8368,TRUE,,[CH1][CH2][CH2][CH2][NH0]=[CH0]([NH2])[NH2]
biosmarts,1348,8370,Un8370,TRUE,,[CH0][NH1][CH2]c
biosmarts,1349,8371,Un8371,TRUE,,c[CH0](=[OH0])[NH1][CH1]
biosmarts,1350,8373,Un8373,TRUE,,c[CH2][OH1]
biosmarts,1351,8374,Un8374,TRUE,,c[OH0][CH1]([CH1])c
biosmarts,1352,8375,Un8375,TRUE,,[CH1][CH2][OH0]c
biosmarts,1353,8376,Un8376,TRUE,,[CH1][OH0]c
biosmarts,1354,8377,Un8377,TRUE,,[CH1][CH2][CH2][SH0][CH3]
biosmarts,1355,8379,Un8379,TRUE,,[CH3][CH2][CH2][CH2][CH2][CH1]
biosmarts,1356,8380,Un8380,TRUE,,[CH3][CH2][CH2][CH2][CH2][CH2][CH2][CH2][CH1]
biosmarts,1357,8383,Un8383,TRUE,,[CH0]([CH3])[CH2][CH2][CH0]
biosmarts,1358,8384,Un8384,TRUE,,[CH1][CH0](=[OH0])[NH1][CH1]([CH2]c)[CH0](=[OH0])[OH1]
biosmarts,1359,8385,Un8385,TRUE,,[CH1]n
biosmarts,1360,8386,Un8386,TRUE,,[CH3][OH0][CH1]
biosmarts,1361,8387,Un8387,TRUE,,[CH1][CH2][CH1]([CH1])[OH1]
biosmarts,1362,8388,Un8388,TRUE,,[CH1][CH1]([CH1]([CH2][OH1])[OH1])[OH1]
biosmarts,1363,8389,Un8389,TRUE,,[CH1][NH1][CH3]
biosmarts,1364,8390,Un8390,TRUE,,c[CH3]
biosmarts,1365,8391,Un8391,TRUE,,[CH1][CH0](=[OH0])[NH2]
biosmarts,1366,8392,Un8392,TRUE,,[CH0][CH1]=[CH1][CH0]
biosmarts,1367,8394,Un8394,TRUE,,[CH1][CH2][CH2]c
biosmarts,1368,8395,Un8395,TRUE,,[CH1][CH2][CH2][CH2][CH0](=[OH0])[OH1]
biosmarts,1369,8396,Un8396,TRUE,,[CH1][CH2][CH0](=[OH0])[NH2]
biosmarts,1370,8397,Un8397,TRUE,,[CH1][CH2][CH0][CH3]
biosmarts,1371,8398,Un8398,TRUE,,[CH1][OH0][PH0](=[OH0])([OH1])[OH1]
biosmarts,1372,8399,Un8399,TRUE,,[CH0][CH0](=[OH0])[OH1]
biosmarts,1373,8400,Un8400,TRUE,,[CH0]([CH1])[CH0](=[OH0])[OH0][CH3]
biosmarts,1374,8403,Un8403,TRUE,,[CH1][CH2][CH1]
biosmarts,1375,8408,Un8408,TRUE,,[CH1][CH1]([CH2][CH1])[CH1]
biosmarts,1376,8409,Un8409,TRUE,,[CH2]([CH2][CH0](=[OH0])[OH1])[CH1]
biosmarts,1377,8412,Un8412,TRUE,,[CH1][CH0](=[OH0])[OH0][CH1]
biosmarts,1378,8413,Un8413,TRUE,,[CH0][CH2][OH1]
biosmarts,1379,8414,Un8414,TRUE,,[NH0][CH0](=[OH0])[CH1]
biosmarts,1380,8415,Un8415,TRUE,,[CH1][CH2][CH0](=[OH0])[OH1]
biosmarts,1381,8417,Un8417,TRUE,,[CH1][CH2][CH2][CH2][CH2][NH2]
biosmarts,1382,8419,Un8419,TRUE,,[CH3][CH0](=[OH0])[OH0][CH0]
biosmarts,1383,8420,Un8420,TRUE,,[CH0][CH0](=[OH0])[OH0][CH1]
biosmarts,1384,8423,Un8423,TRUE,,[CH1][CH1]([CH3])[OH0][CH1]
biosmarts,1385,8424,Un8424,TRUE,,c[CH0](=[OH0])[OH0][CH1]
biosmarts,1386,8425,Un8425,TRUE,,[CH3][CH2][CH2][CH2][CH2][CH1]([CH1]=[CH1][CH1])[OH1]
biosmarts,1387,8427,Un8427,TRUE,,[CH1][CH2][CH2][CH0]
biosmarts,1388,8428,Un8428,TRUE,,[CH0][CH1]
biosmarts,1389,8432,Un8432,TRUE,,[CH1][CH2][CH0](=[OH0])c
biosmarts,1390,8433,Un8433,TRUE,,[CH0][CH0]
biosmarts,1391,8434,Un8434,TRUE,,[CH1][CH2][CH0]
biosmarts,1392,8438,Un8438,TRUE,,[NH0]c
biosmarts,1393,8439,Un8439,TRUE,,[CH1][CH2][OH0][PH0](=[OH0])([OH1])[OH1]
biosmarts,1394,8441,Un8441,TRUE,,[CH0][CH0][CH3]
biosmarts,1395,8444,Un8444,TRUE,,c[CH1]=[OH0]
biosmarts,1396,8448,Un8448,TRUE,,c[CH1]=[CH1][CH0](=[OH0])[OH0][CH1]
biosmarts,1397,8450,Un8450,TRUE,,[CH3][CH0](=[OH0])[NH1][CH1]
biosmarts,1398,8452,Un8452,TRUE,,[CH3][SH0]c
biosmarts,1399,8455,Un8455,TRUE,,[CH0][NH1]c
biosmarts,1400,8460,Un8460,TRUE,,c[CH0](=[OH0])[OH1]
biosmarts,1401,8461,Un8461,TRUE,,[CH1][OH0][CH0](=[OH0])[CH3]
ring,1402,8462,Un8462,TRUE,,c(:c:c(:o:c:1:c(CCCO-2):c-2:c:c:3~[#8])~[#8]):c:1:3
ring,1403,8463,Un8463,TRUE,,[CH1]([CH1][OH0][CH1][CH1]-1~[#8])([CH1]-1~[#8])~[#8]
ring,1404,8468,Un8468,TRUE,,[CH1]([CH1][OH0][CH1]-1~[#7])([CH1]-1~[#8])~[#8]
ring,1405,8469,Un8469,TRUE,,c(:c:c:c:c:1):c:1
ring,1406,8471,Un8471,TRUE,,N(C(C(c(:c(CC-1):c(:c:c:c:c:2):c:2:3):n:3)N-1-4)~[#8])C-4~[#8]
ring,1407,8476,Un8476,TRUE,,[CH2]([CH2][OH0][CH0]-1~[#8])[CH1]-1~[#7]
ring,1408,8477,Un8477,TRUE,,C(C(C(C-1)NC-2~[#8])N-2)S-1
ring,1409,8478,Un8478,TRUE,,n(:c:c:c(:c:1:c:c(:c(:c:2)~[#7])~[#9])~[#8]):c:1:2
ring,1410,8479,Un8479,TRUE,,c(:c:c:c:c:1~[#17]):c:1
ring,1411,8481,Un8481,TRUE,,C(CC-1~[#8])N-1
ring,1412,8482,Un8482,TRUE,,c(:c(:c:c(:c:1[CH0]([OH0][CH2]-2)~[#8])~[#8])~[#8]):c:1-2
ring,1413,8483,Un8483,TRUE,,C(C(C(C(C-1~[#8])~[#8])~[#8])~[#8])(C-1~[#8])~[#8]
ring,1414,8484,Un8484,TRUE,,c(:c:o:c(:c:c(:c:c:1~[#8])~[#8]):c:1:2):c:2~[#8]
ring,1415,8486,Un8486,TRUE,,c(:c(:c:c:c:1~[#17])~[#8]):c:1~[#8]
ring,1416,8488,Un8488,TRUE,,c(:c(:c(:c:c:1:c:c:o:2):c:c:c:3~[#8]):o:3):c:1:2
ring,1417,8489,Un8489,TRUE,,c(:c(:n:c(:n:1)~[#8])~[#7])(:c:1~[#8])~[#7]
ring,1418,8493,Un8493,TRUE,,[CH1]([CH1]([CH2][CH1]-1)~[#8])[OH0]-1
ring,1419,8495,Un8495,TRUE,,c(:c:c:c:c:1:c:c:n:2):c:1:2
ring,1420,8496,Un8496,TRUE,,c(:c(:c:c:c:1)~[#16]):c:1
ring,1421,8500,Un8500,TRUE,,[CH1]([CH1]([CH2][CH0]-1[CH1]([CH0]([CH0]([CH2]-2)~[#8])[CH1][CH0]=[CH1]-3)[CH2]-3)~[#8])[CH0]-1-2
ring,1422,8501,Un8501,TRUE,,c(:c(:n:c(:n:1)~[#7])~[#7]):c:1~[#8]
ring,1423,8504,Un8504,TRUE,,C(CCC(C-1CCC-2=CC(CC-3)~[#8])C-2-3)(C-1CC-4)C-4
ring,1424,8513,Un8513,TRUE,,[CH2]([CH1]([CH1][OH0]c:1:c:c(:c:c:2)~[#8])~[#8])c:1:2
ring,1425,8516,Un8516,TRUE,,c(:c(:c:c:c:1CCCO-2)~[#8]):c:1-2
ring,1426,8522,Un8522,TRUE,,[CH1]([CH2][CH0]([CH2][CH1]-1~[#8])~[#8])([CH1]-1~[#8])~[#8]
ring,1427,8523,Un8523,TRUE,,[CH2]([CH1]([CH1]([CH2][OH0]-1)[CH1]-2)[CH1]-1)[OH0]-2
ring,1428,8524,Un8524,TRUE,,c(:c:c:c:c:1):c:1~[#7]
ring,1429,8531,Un8531,TRUE,,c(:c(:c:c:c:n:1):c:1:c:c:2):c:2
ring,1430,8541,Un8541,TRUE,,c(:c(:c:c(:c:1)~[#8])~[#8])(:c:1~[#8])~[#8]
ring,1431,8550,Un8550,TRUE,,c(:n:c(:n:c:1~[#7])~[#7]):n:1
ring,1432,8551,Un8551,TRUE,,c(:c(:n:c(:n:1)~[#7])~[#8]):c:1~[#8]
ring,1433,8556,Un8556,TRUE,,c(:c(:c:c:c:1:c:c:c(:o:2)~[#8])~[#8]):c:1:2
ring,1434,8558,Un8558,TRUE,,c(:n:c:n:c:1~[#7])(:c:1)~[#7]
ring,1435,8559,Un8559,TRUE,,n(:c:c:c:c:1):c:1
ring,1436,8569,Un8569,TRUE,,[CH1]([CH2][OH0][CH1]([CH1]-1~[#8])~[#8])([CH1]-1~[#8])~[#8]
ring,1437,8570,Un8570,TRUE,,C(CC(C(CCC(=CC(C=C-1)~[#8])C-1-2)C-2(C(C-3)~[#8])~[#9])C-3-4)C-4~[#8]
ring,1438,8572,Un8572,TRUE,,[CH1]([CH2][CH2][CH2]-1)[NH1]-1
ring,1439,8576,Un8576,TRUE,,[CH1]([CH2][CH2][CH1]-1)[OH0]-1
ring,1440,8577,Un8577,TRUE,,n(:c(:c(:c:c(:c:1)~[#8]):c:2):c:1):c:2
ring,1441,8581,Un8581,TRUE,,[CH1]([CH0][CH2][CH2][CH2]-1)[CH0]-1
ring,1442,8582,Un8582,TRUE,,c(:c(:c:c(:c:1[CH0]([CH1][CH1][OH0]-2)~[#8])~[#8])~[#8]):c:1-2
ring,1443,8584,Un8584,TRUE,,C(CCC(C-1CCC-2CCC-3)C-2-3)C-1
ring,1444,8587,Un8587,TRUE,,n(:c:c:c(:c:1:c:c:c:c:2)~[#8]):c:1:2
ring,1445,8589,Un8589,TRUE,,c(:c(:c:c(:c:1)~[#8])~[#8]):c:1~[#8]
ring,1446,8593,Un8593,TRUE,,[CH0](=[CH1][OH0][CH1]([CH0]-1)~[#8])[CH1]-1
ring,1447,8594,Un8594,TRUE,,c(:c(:c:c(:c:1)~[#53])~[#53]):c:1
ring,1448,8595,Un8595,TRUE,,[CH2]([CH2][NH0][CH2][CH2]-1)[CH0]-1
ring,1449,8603,Un8603,TRUE,,c(:c:c(:c:c:1)~[#17]):c:1~[#7]
ring,1450,8604,Un8604,TRUE,,c(:c(:c(:c:c:1:c:c:o:2):c:c:c:3~[#8]):o:3)(:c:1:2)~[#8]
ring,1451,8606,Un8606,TRUE,,c(:c:c:c(CCCC-1):c-1:2):c:2
ring,1452,8607,Un8607,TRUE,,C(CCCC-1~[#8])(C-1)~[#8]
ring,1453,8618,Un8618,TRUE,,[CH0]([CH1]([CH1]([CH1]=[CH1][OH0]-1)[CH1]-2~[#8])[CH1]-1~[#8])([CH1]-2-3)[OH0]-3
ring,1454,8619,Un8619,TRUE,,C(CCC(C-1CC(C-2~[#8])~[#8])C-2)(C-1CC=C-3C(C(CC-4)CCC-5)C-5)C-3-4
ring,1455,8620,Un8620,TRUE,,[CH0]([CH2][CH2][CH1][CH0]-1)[CH1]-1
ring,1456,8624,Un8624,TRUE,,[NH0]([CH2][CH2][CH1][CH2]-1)[CH2]-1
ring,1457,8631,Un8631,TRUE,,[CH2]([CH1][CH1][CH0]-1~[#8])[OH0]-1
ring,1458,8635,Un8635,TRUE,,c(:c:c:c(:c:1)~[#9])(:c:1)~[#7]
ring,1459,8638,Un8638,TRUE,,c(:n:c:n:c:1~[#7])(:c:1)~[#8]
ring,1460,8641,Un8641,TRUE,,c(:c:c:n:c:1~[#7]):n:1
ring,1461,8643,Un8643,TRUE,,c(:c:o:c(:c:c:c:c:1):c:1:2):c:2~[#8]
ring,1462,8646,Un8646,TRUE,,[CH2]([CH2][CH2][NH0][CH1]-1)[CH2]-1
ring,1463,8650,Un8650,TRUE,,c(:c:c(:c(:c:c:c:1~[#8]):c:2~[#8]):o:1):c:2
ring,1464,8655,Un8655,TRUE,,c(:c:c(:n:c:1)~[#8]):n:1
ring,1465,8660,Un8660,TRUE,,[CH1]([CH2][CH2][CH1]-1)[CH0]-1
ring,1466,8664,Un8664,TRUE,,[CH1]([CH2][CH2][CH0][CH1]-1)[CH2]-1
ring,1467,8667,Un8667,TRUE,,c(:c:c(:c:c:1)~[#7]):c:1~[#8]
ring,1468,8670,Un8670,TRUE,,[CH0]([CH1][CH2][CH2]-1)[CH0]-1~[#8]
ring,1469,8671,Un8671,TRUE,,c(:c(:c(:c:c:1~[#8]):c:c:c:2~[#8]):o:2):c:1~[#8]
ring,1470,8672,Un8672,TRUE,,C(CC(C-1)~[#8])N-1
ring,1471,8677,Un8677,TRUE,,C(C(COc:1:c:c(:c:c:2)~[#8])~[#8])c:1:2
ring,1472,8680,Un8680,TRUE,,c(:c:c:c:c:1~[#8])(:c:1)~[#7]
ring,1473,8685,Un8685,TRUE,,c(:c(:c(:c(CCO-1):c:2)C-1~[#8])~[#8]):c:2
ring,1474,8687,Un8687,TRUE,,c(:c:c(:c:c:1~[#9])~[#8]):c:1
ring,1475,8688,Un8688,TRUE,,[CH0]([CH2]-1)[OH0]-1
ring,1476,8689,Un8689,TRUE,,n(:c:n:c:1:c:n:c(:n:2)~[#7]):c:1:2
ring,1477,8690,Un8690,TRUE,,c(:c:c:c:c:1:c(:c:c:n:2)~[#8])(:c:1:2)~[#8]
ring,1478,8691,Un8691,TRUE,,C(CCC(C-1CC(C-2CCC-3)~[#8])C-2-3)C-1
ring,1479,8695,Un8695,TRUE,,c(:c:c(:c(:c:1)C(CCC(C-2CC-3)C-3~[#8])C-2C-4)C-4)(:c:1)~[#8]
ring,1480,8700,Un8700,TRUE,,c(:c(:c:c(:c:1:c(:c(:c:o:2)~[#8])~[#8])~[#8])~[#8])(:c:1:2)~[#8]
ring,1481,8706,Un8706,TRUE,,[CH0]([CH2][CH2][CH1]([CH0]-1)~[#8])([CH1]-1[CH2][CH2][CH0]-2)[CH1]-2
ring,1482,8710,Un8710,TRUE,,C(CCC-1CCCC-2)C-1-2
ring,1483,8711,Un8711,TRUE,,[NH1]([CH2][CH2][NH0][CH2]-1)[CH2]-1
ring,1484,8713,Un8713,TRUE,,c(:c:c:c(:n:1)~[#17]):c:1
ring,1485,8717,Un8717,TRUE,,[CH0]([CH2][CH1][CH0]([CH1]-1[CH2][CH2][CH0]-2=[CH1][CH0][CH1]=[CH1]-3)[CH0]-2-3)([CH1]-1[CH2][CH1]-4)[CH0]-4
ring,1486,8718,Un8718,TRUE,,[CH2]([CH2][NH0][CH2][CH2]-1)[NH0]-1
ring,1487,8721,Un8721,TRUE,,[CH1]([CH1][CH1][OH0]-1)[CH0]-1~[#8]
ring,1488,8726,Un8726,TRUE,,[CH1]([CH1]([CH2]c(:c-1:c:c(:c:2)~[#8]):c:2)[NH0][CH2][CH2]-3)[CH0]-1-3
ring,1489,8731,Un8731,TRUE,,[NH0]([CH2][CH2][CH1][CH1]-1)[CH2]-1
ring,1490,8733,Un8733,TRUE,,c(:n:c(:c:c:1~[#7])~[#7])(:n:1)~[#7]
ring,1491,8735,Un8735,TRUE,,c(:c(:c:c(:c:1)~[#7])~[#7])(:c:1)~[#7]
ring,1492,8737,Un8737,TRUE,,c(:c(:c(:c:c:1)~[#7])~[#8]):c:1
ring,1493,8740,Un8740,TRUE,,C(CCC-1C(C(CC-2)C(C(C-3)CC(C-4)~[#8])C-4)C-3)C-1-2
ring,1494,8743,Un8743,TRUE,,c(:n:c(:n:c:1)~[#8])(:c:1)~[#7]
ring,1495,8744,Un8744,TRUE,,C(C=CC-1)N-1
ring,1496,8749,Un8749,TRUE,,C(C(C(C-1)~[#8])~[#8])O-1
ring,1497,8751,Un8751,TRUE,,[CH1]([CH0]-1)[OH0]-1
ring,1498,8756,Un8756,TRUE,,[CH2]([CH2][CH1][OH0]-1)[CH2]-1
ring,1499,8757,Un8757,TRUE,,C(CNC-1)S-1
ring,1500,8760,Un8760,TRUE,,n(:c:n:c:1:c(:n:c:n:2)~[#7]):c:1:2
ring,1501,8771,Un8771,TRUE,,C(CCNC-1)(C-1)~[#8]
ring,1502,8774,Un8774,TRUE,,[CH2]([CH2][CH0]([NH1]-1)~[#8])[CH1]-1
ring,1503,8775,Un8775,TRUE,,c(:n:c:n:c:1~[#7])(:n:1)~[#8]
ring,1504,8777,Un8777,TRUE,,c(:c:c(:n:c:1~[#7])~[#7]):n:1
ring,1505,8780,Un8780,TRUE,,c(:c:c:c:c:1:c:c:c:o:2):c:1:2
ring,1506,8786,Un8786,TRUE,,C(CCCC-1)C-1~[#7]
ring,1507,8811,Un8811,TRUE,,c(:c:o:c:c:1~[#8]):c:1~[#8]
ring,1508,8814,Un8814,TRUE,,c(:n:c:n:c:1:n:c:n:2):c:1:2
ring,1509,8815,Un8815,TRUE,,[CH1]([CH1][OH0][CH0]([CH2]-1)~[#8])[CH1]-1~[#8]
ring,1510,8817,Un8817,TRUE,,c(:c(:c:c:c(:o:1)~[#8]):c:1:c:c:2:o:c:c:3)(:c:2:3)~[#8]
ring,1511,8820,Un8820,TRUE,,c(:n:c:c:c:1~[#8])(:n:1)~[#7]
ring,1512,8839,Un8839,TRUE,,n(:c(:c(:c(:n:c:1):n:2):n:1)~[#8]):c:2~[#7]
ring,1513,8841,Un8841,TRUE,,c(:c(:c:c(:c:1:c(:c(:c:2)~[#8])~[#8]):o:2)~[#8]):c:1~[#8]
ring,1514,8844,Un8844,TRUE,,C(=CCSC-1C(C-2~[#8])~[#7])N-1-2
ring,1515,8846,Un8846,TRUE,,[CH1]([CH2][CH1]([CH0][CH1]-1)~[#8])([CH0]-1)~[#8]
ring,1516,8847,Un8847,TRUE,,[CH1]([CH1]([CH1]([CH2][CH1]-1)~[#7])~[#8])[OH0]-1
ring,1517,8849,Un8849,TRUE,,c(:c:n:c(:n:1)~[#8]):c:1~[#8]
ring,1518,8855,Un8855,TRUE,,c(:c:c:c(:c:1:c(:c:2:c:c:c:3):c:3):n:2):c:1
ring,1519,8856,Un8856,TRUE,,C(CNC-1~[#8])N-1
ring,1520,8857,Un8857,TRUE,,c(:c(:c:c(CCCC-1):c-1:2)~[#8])(:c:2)~[#8]
ring,1521,8859,Un8859,TRUE,,c(:c:c:c(:c:1:c:n:c:2):c:2):c:1
ring,1522,8881,Un8881,TRUE,,C(COC-1~[#8])C-1
ring,1523,8882,Un8882,TRUE,,C(CCC-1C(C(C(C-2)~[#8])C(CCC(C=3)~[#8])C=3C-4)C-4)(C-1-2)~[#8]
ring,1524,8885,Un8885,TRUE,,[CH0]([CH0]=[CH0][CH0]-1~[#8])[OH0]-1
ring,1525,8892,Un8892,TRUE,,c(:c:c:c:c:1[OH0][CH0][CH1][CH1]-2):c:1-2
ring,1526,8894,Un8894,TRUE,,[CH0]([CH2][CH2][CH2][CH2]-1)[CH2]-1
ring,1527,8904,Un8904,TRUE,,c(:c:c(:c(:n:c:n:1)~[#7])c:1:c:2)(:c:2~[#8])~[#8]
ring,1528,8906,Un8906,TRUE,,[CH1]([CH2][CH2][CH2][CH2]-1)[CH2]-1
ring,1529,8907,Un8907,TRUE,,C(CC(C(C-1~[#8])~[#8])~[#7])O-1
ring,1530,8910,Un8910,TRUE,,C(C(Cc(:c:n:c:1:c:c:c:2):c:1:3)~[#7])c:2:3
ring,1531,8922,Un8922,TRUE,,c1ccccc1-c
ring,1532,8923,Un8923,TRUE,,[cD2]1ccc[cD2]c1-c(c)c
ring,1533,8924,Un8924,TRUE,,"[C](-,=[C]-,=1)-,=[C](-,=[C]-,=2)-[C](-,=[C]-,=[C]-,=[C]-,=2-,=[O])-,=[C](-,=[C]-,=3)-,=[C]-,=1-,=[C](-,=[C]-,=4)-,=[C](-,=[C]-,=3)-,=[C]-,=[C]-,=4"
insilico,1534,8925,Un8925,TRUE,,[CH3][NH0+]([CH3])([CH3])[CH2][CH2][OH0][PX4](=[OH0])[OX2]
insilico,1535,8926,Un8926,TRUE,,[cX3](a)(a)[OH0][CX4][CH0](=[OH0])[NH1][CH2][CH1]1[CH2][CH2][CH1]([CH2][CH2]1)[CH0](=[OH0])[OH1]
insilico,1536,8927,Un8927,TRUE,,[cH1]1[cH0]([nH1][cH1][nH0]1)[CH2][CH1]([CX3])[NX3]
insilico,1537,8929,Un8929,TRUE,,[CX3](=[OH0])[NH0]1[CH2][CH2][CH1]([CH2][CH2]1)[CH0](=[OH0])[NX3]
insilico,1538,8930,Un8930,TRUE,,O[CH1]1[CH1]([CH1]([#6][#8][CH1]1[CH2]O)[#8])[#8]
insilico,1539,8932,Un8932,TRUE,,[CH3][CH2][CH2][CH2][CH2]n1:[cH1]:[#6](:[cH0]2:[cH1]:[cH1]:[cH1]:[cH1]:[cH0]21)
insilico,1540,8933,Un8933,TRUE,,O[CH1]1[CH1]([CH1]([#7])O[CH1]1[CH2]O)[#8]
insilico,1541,8935,Un8935,TRUE,,[CX4]1[CH1]([CH1]([CH1]([CH1]([OH0]1)[CH0](=[OH0])[OH1])[OH1])[OH1])[OH1]
insilico,1542,8936,Un8936,TRUE,,[CH3][CH1]([CH2][CH2][CH0](=[#8])[#7])[CH1]([#6])[#6]
insilico,1543,8938,Un8938,TRUE,,[CH3][cH0]1:[cH0](:n:[cH0](:o1)[#6])[#6]
insilico,1544,8939,Un8939,TRUE,,[CX4]([CH0](=[OH0])[NH1][CX4][CH0](=[OH0])[OH1])[NH2]
insilico,1545,8942,Un8942,TRUE,,[CX3](=[OH0])[cH0]1[cH1][cH0]([cH0]([cH0]([cH1]1)[OH1])[OH1])[OH1]
insilico,1546,8943,Un8943,TRUE,,[CH3][CH1]1[CH1]([CH1]([CH2][#6][#8]1)[#8])O[#6]
insilico,1547,8944,Un8944,TRUE,,[CX3](=[OH0])[CX4]1([CX4]([CH2][CH1]([CX4]1)[CH1]1[CX4]([CH0]2([CH1]=[CH1][CH0]([CH1]=[CH0]2[CX4]([CH2]1))=[OH0])[CH3])))
insilico,1548,8945,Un8945,TRUE,,[cH1]1[cH1][cH0]([cH1][cH1][cH0]1[NH2])[SX4](=[OH0])
insilico,1549,8948,Un8948,TRUE,,[CH3][CH2][OH0][PX4]
insilico,1550,8949,Un8949,TRUE,,[#8]=[CH0]([cH0]1:[cH1]:[cH1]:[cH1]:[cH1]:[cH1]1)[#8]
insilico,1551,8950,Un8950,TRUE,,[nX3]1[cH1][nH0][cH1][nH0]1
insilico,1552,8951,Un8951,TRUE,,[CH3][cH0]1:[cH0](:[cH0](:[#6]):[#6]:[#7]1)[CH2][CH2][#7]
insilico,1553,8952,Un8952,TRUE,,O=[CH0]([cH0](:[#6]):[#6])[cH0]1:[cH1]:[cH1]:[cH1]:[cH0]2:[cH1]:[cH1]:[cH1]:[cH1]:[cH0]21
insilico,1554,8953,Un8953,TRUE,,[CH3]O[#15]
insilico,1555,8954,Un8954,TRUE,,[cH1]1[cH1][cH1][cH0]([cX3]([cH1]1)a)[nH0]([cX3]a)[CH2][CH0](=[OH0])[NX3]
insilico,1556,8955,Un8955,TRUE,,O=[CH0]([#6])O[CH2][CH1]([CH2]O[CH0](=O)[CH2][#6])[#8]
insilico,1557,8957,Un8957,TRUE,,[#7][CH1]([#6])[CH2][cH0]1:[cH1]:n:[cH0]2:[cH1]:[cH1]:[cH1]:[cH1]:[cH0]21
insilico,1558,8958,Un8958,TRUE,,[#8]=[CH0]([CH1]=[CH1][cH0]1:[#6]:[#6](:[cH0]([#8]):[cH1]:[cH1]1))[#7]
insilico,1559,8961,Un8961,TRUE,,[CX4][OH0][CH0](=[OH0])[CH1]=[CH1][cH0]1[cH1][cH0]([cH0]([cH1][cH1]1)[OH1])[OH1]
insilico,1560,8962,Un8962,TRUE,,O=[#16]
insilico,1561,8963,Un8963,TRUE,,O=[CH0]([CH2][CH2][CH2][CH1]=[#6])N
insilico,1562,8967,Un8967,TRUE,,[CX4]1(a)[CH0](=[CX3][NH1][CH0](=[CH0]1[CH0](=[OH0])[OX2])[CH3])[CH0]([CX4])=[OH0]
insilico,1563,8968,Un8968,TRUE,,[CX4][CH0]([CX4]([CX4]))([CX4][cH0]1[cH1][oH0][cH1][cH1]1)[CH3]
insilico,1564,8972,Un8972,TRUE,,O[cH0](:[cH0]1:[cH0](:[#6])[CH0]([#6])([#6])[CH1](O1)[#6]):[#6]
insilico,1565,8973,Un8973,TRUE,,[CH2]1[CH1]([#6])[CH2][CH1]([CH2][CH1]1[#6])[#6]
insilico,1566,8975,Un8975,TRUE,,[CH3][cH0]1:[cH0](:[cH0]2:[cH0](:n1[#6]):[cH1]:[cH1]:[cH0](:[cH1]2)[#8])[#6]
insilico,1567,8976,Un8976,TRUE,,O=S([#8])(=O)O
insilico,1568,8977,Un8977,TRUE,,[#8][CH1]([CH1]=[CH1][CH2][CH2][CH2][#6])[CH1]([#6])[#7]
insilico,1569,8978,Un8978,TRUE,,[cH1]1[cH1][cH0]([cH1][cH1][cH0]1[CH2][CH1]([CH0](=[OH0])[NX3])[NH2])[OH1]
insilico,1570,8979,Un8979,TRUE,,[CX4][NH0]1[CH2][CH2][NH1][CH2][CH2]1
insilico,1571,8984,Un8984,TRUE,,[#6][cH0]1:[cH1]:[cH0]2:[cH0](:[cH1]:[cH0]1[#6])O[CH2][#8]2
insilico,1572,8985,Un8985,TRUE,,O[CH1]1[CH1]([CH1]([CH1]([cH0](:[cH0](:[#6])[#8]):[cH0]([#8]):[#6])O[CH1]1[#6])O)O
insilico,1573,8987,Un8987,TRUE,,[CH3][CX4][CX4]([CX4]([CX4]([CX3]([CH0](=[CX3])[CH3]))))
insilico,1574,8988,Un8988,TRUE,,[CH3][OH0][cH0]1[cH0]([cH1][cH0]([cH1][cH1]1)[CH0](=[OH0])[NX3])[OH0][CH3]
insilico,1575,8989,Un8989,TRUE,,o1:[cH1]:[cH1]:[cH1]:[cH0]1[CH2][#7]
insilico,1576,8990,Un8990,TRUE,,O[CH1]1[CH1]([CH1](O[CH1]([#8])[#6])[CH1](O[CH1]1[CH0](=[#8])[#8])O[CH1]([#6])[#6])O
insilico,1577,8991,Un8991,TRUE,,O=[CH0]([#7])[CH2]Cl
insilico,1578,8992,Un8992,TRUE,,O=[CH0]([cH0](:[#6]):[cH1]:[cH1]:[#6])N[CH2][CH0](=O)O
insilico,1579,8993,Un8993,TRUE,,[CX4]1[CX4]([CX4]([NH1][CH0]1=[OH0])([CX4]))
insilico,1580,8994,Un8994,TRUE,,[NX3][CH1]([CX3](=[OH0]))[CH2][cH0]1[cH1][cH1][cX3]([cH1][cH1]1)
insilico,1581,8995,Un8995,TRUE,,[CX3][CH1]([CH2][CH2][CH0](=[OH0])[NH2])[NX3]
insilico,1582,8996,Un8996,TRUE,,[CH2]([CX4])[NX3]([CH2][CX4][cH0]1[cH1][cH1][cH1][cH1][cH1]1)
insilico,1583,8998,Un8998,TRUE,,[CX4]1([CH2][CH0](=[OH0])[cH0]2[cH0]([cH1][cX3]([cH1][cH0]2[OH0]1))[OH1])
insilico,1584,9000,Un9000,TRUE,,[CX4][CH2][NX3][cH0]([cH0]([cX3]a)[FH0])[cX3]a
insilico,1585,9001,Un9001,TRUE,,O=[CH0]([cH0]1:[cH1]:[cH1]:[cH1]:[cH1]:[cH1]1)N
insilico,1586,9002,Un9002,TRUE,,[#6]n1:[cH0]2:[cH1]:[cH1]:[cH1]:[cH1]:[cH0]2:[cH0](:n1)[#6]
insilico,1587,9005,Un9005,TRUE,,[#6]N1[CH2][CH2][cH0]2:[cH0]([CH1]1[CH2][#6]):[#7]:[#6]:[cH0]2:[#6]
insilico,1588,9006,Un9006,TRUE,,[NX3][CH1]([CX3](=[OH0]))[CH2][CH2][CH0](=[OH0])[OH1]
insilico,1589,9008,Un9008,TRUE,,[CH3][CH1]([CH2][#6])[CH2][#7]
insilico,1590,9010,Un9010,TRUE,,[CX4][CX4][cH0]([cH1][cX3]([cX3](a)[OH0][CH3]))[cX3]a
insilico,1591,9011,Un9011,TRUE,,[CX3](=[OH0])[CX3][CH1]([NX3])[cX3]([cX3]a)a
insilico,1592,9014,Un9014,TRUE,,[CH3][CH1]1[CX4]([CH1]([CH1]([CH1]([OH0]1)[OX2])[OX2])[OH1])
insilico,1593,9015,Un9015,TRUE,,[CH2]1[CH2]N([CH2][#6])[CH2][CH2]N1[CH2][#6]
insilico,1594,9016,Un9016,TRUE,,[CX4]1[CX4][CH0](=[CH1][OH0][CH1]1[OH0][CH1]1[CH1]([CH1]([CH1]([CH1]([OH0]1)[CH2][OH1])[OH1])[OH1])[OH1])[CH0](=[OH0])[OH0][CH3]
insilico,1595,9017,Un9017,TRUE,,[CX4]([NX3])[CH0](=[OH0])[OH1]
insilico,1596,9020,Un9020,TRUE,,[cH1]1:[cH0]2[CH2][CH2][#7][CH2][cH0]2:[cH1]:[cH1]:[cH1]1
insilico,1597,9022,Un9022,TRUE,,[CH3][CH1]([CH2][CH2][CX4]([CX4]))[CH1]1[CH2][CH2][CX4]([CX4]1[CH3])
insilico,1598,9023,Un9023,TRUE,,O=[CH0]([#6])N[CH2][CH2][cH0]1:[cH1]:n:[cH0]2:[cH0]1:[cH1]:[#6](:[cH1]:[cH1]2)
insilico,1599,9024,Un9024,TRUE,,[CX4]([CH0]([CH2][CX4])([CH0]1([CX4]([CX4]([CX4]([CX4]1))))[CH3])[CX4])
insilico,1600,9025,Un9025,TRUE,,[#8]=[CH0]([#6])N[CH2][CH2]S
insilico,1601,9026,Un9026,TRUE,,O=[CH0](O[#6])[CH1]=[CH1][cH0]1:[cH1]:[cH1]:[cH0](:[cH1]:[cH1]1)O
insilico,1602,9027,Un9027,TRUE,,[CH2]([cX3](a)a)[CX4]([CH0](=[OH0])[OH1])[NH2]
insilico,1603,9028,Un9028,TRUE,,[#8]=[CH0]([cH0]1:[cH0](:[#6]):[cH0](:[#7]:[cH0]([#6]):[cH1]1):[#6])[#8]
insilico,1604,9029,Un9029,TRUE,,[CX4][CX4]([CX4]([CX4])([CX4]([CX4][CH3])))
insilico,1605,9030,Un9030,TRUE,,[CX3]=[CH0]([CH0](=[OH0])[NX3])[CX3]=[OH0]
insilico,1606,9031,Un9031,TRUE,,[CX4][NH0]([CX4])[CX4]
insilico,1607,9033,Un9033,TRUE,,[CH2]1[CH2]O[CH2][CH2]N1[CH2][#6]
insilico,1608,9035,Un9035,TRUE,,O=S([#7])(=O)[cH0]1:[cH1]:[cH1]:[cH1]:[cH1]:[cH1]1
insilico,1609,9036,Un9036,TRUE,,[CX4][CH2][CH0](=[OH0])[OH0][CH2][CX4]([CH2][OH1])
insilico,1610,9037,Un9037,TRUE,,[cX3]1[cH0]([cH0]2[cH1][cH1][cH1][cH1][cH0]2[nH0]1[CX4])[CX3][CX4]
insilico,1611,9038,Un9038,TRUE,,N[cH0]1:n:[cH0]2:[cH0](:[cH1]:[cX3]:[cH1]:[cH1]2):n1
insilico,1612,9039,Un9039,TRUE,,[CH3][CX4]([CH3])([CX4]([CH1]([cH0]([cX3]([cX3]a))[cX3]a)[OX2]))
insilico,1613,9040,Un9040,TRUE,,[CX4]1(a)[CX4]([CH1]([CH1]([OH0]1)[CH2][OH0][PH0](=[OH0])([OH1])[OX2])[OH1])
insilico,1614,9042,Un9042,TRUE,,[CH3]O[cH0](:[cH0](:[#6])O):[cH1]:[#6]
insilico,1615,9043,Un9043,TRUE,,[cX3](a)[cH1][cH0]([cX3]a)[CH2][CH1]([CX3](=[OH0]))[NH0]([CX3]=[OH0])[CH3]
insilico,1616,9044,Un9044,TRUE,,O=[CH0]1[CH1]=[#6]([#6]([CH0]([CH1]1[#6])([CH2][#6])[CH3]))
insilico,1617,9045,Un9045,TRUE,,[nX3](a)[cH1][nX2]a
insilico,1618,9046,Un9046,TRUE,,[CH3][CH1]([CH1]([CX3](=[OH0]))[NX3])[OH1]
insilico,1619,9047,Un9047,TRUE,,O=[CH0]([CH2][CH2][CH2][CH1]=[CH1][CH2][CH1]([#6])[#6])O
insilico,1620,9048,Un9048,TRUE,,[CH2]=[CH0]1[#6]([#6]O[CH0]1=O)
insilico,1621,9049,Un9049,TRUE,,[NX3][CH1]([CH2][OH1])[CX3](=[OH0])
insilico,1622,9050,Un9050,TRUE,,[CH3][CH2][CH2][CH2][CX4]
insilico,1623,9051,Un9051,TRUE,,[CH3][SH0][cX3](a)[nX2]a
insilico,1624,9052,Un9052,TRUE,,[cH1]1[cH1][cH1][cH0]([cH1][cH1]1)[CH2][OX2]a
insilico,1625,9054,Un9054,TRUE,,[CH3][CH2][NX3]([CH2][CX4]([CH2][CX4]))
insilico,1626,9055,Un9055,TRUE,,O=[CH0]1[cH0]2:[cH0](:[cH1]:[cH1]:[cH1]:[cH1]2)[CH0]([#7]1)=O
insilico,1627,9056,Un9056,TRUE,,[CH3][CH1]1[CH1]2[CH1]([CH2][CH1]3[CH0]2([CH2][CH2][#6]([#6]3))[CH3])[#8][#6]1
insilico,1628,9057,Un9057,TRUE,,[cH1]1[cH1][cH0]2[cH0]([cH1][cX3]1)[nH1][cH0]([nH0]2)[SH0][CX4]
insilico,1629,9058,Un9058,TRUE,,[CH3][NH0]([CX4]a)[CX4][CX4]a
insilico,1630,9059,Un9059,TRUE,,O=S([cH0](:[#6]):[cH1]:[cH1]:[#6])(=O)N[CH2][CH2]N
insilico,1631,9060,Un9060,TRUE,,[CX4]([CX4][OH0][CH0](=[OH0])[CH3])[CH1]([CX4][OX2])[OH0][CH0](=[OH0])[CH3]
insilico,1632,9061,Un9061,TRUE,,[#16]=[CH0](N[cH0]1:[cH1]:[cH1]:[cH1]:[cH1]:[cH1]1)[#7]
insilico,1633,9062,Un9062,TRUE,,[CH3][CH2][NX3]([CH2][CH3])
insilico,1634,9063,Un9063,TRUE,,[CX4]1([CH2][CH2][CH2][NX3]1)[CX3](=[OH0])
insilico,1635,9065,Un9065,TRUE,,[CH3][CH0]([#6])([CH0]([CH2][CH2][#6])([#6])[CH3])[CH2][#6]
insilico,1636,9067,Un9067,TRUE,,[CH3][OH0][cH0]1[cH1][cH0]([cH1][cH0]([cH0]1[OX2])[OH0][CH3])[CX4]([CX4])
insilico,1637,9068,Un9068,TRUE,,[CX4]([CX4][CH0](=[OH0])[OH1])[cH0]1[cH1][cH1][cH0]([cH1][cH1]1)[OH1]
insilico,1638,9070,Un9070,TRUE,,[CH3]O[cH0]1:[cH1]:[cH1]:[cH0](:[cH1]:[cH1]1)[CH2][#7]
insilico,1639,9071,Un9071,TRUE,,O=[CH0](O[#6])[cH0](:[cH0](:[#16])[#7]):[#6]
insilico,1640,9073,Un9073,TRUE,,[cH1]1:[cH1]:[cH1]:[cH1]:[cH1]:[cH0]1[#6]
insilico,1641,9074,Un9074,TRUE,,Cl[cH0](:[#6]):n:[cH0](:[#6]):[#6]
insilico,1642,9075,Un9075,TRUE,,[#6]O[cH0]1:[cH1]:[#6](:[cH1]:[cH0](:[cH1]1)[CH0](=O)[#7])
insilico,1643,9076,Un9076,TRUE,,[#6][CH2]N[cH0](:[#7]):[cH0](:[cH0](:[#7]):[#7]):[#7]
insilico,1644,9078,Un9078,TRUE,,[#6][CH1]=[CH1][CH2][CH1]=[CH1][CH2][CH1]=[CH1][CH2][#6]
insilico,1645,9079,Un9079,TRUE,,O=[CH0](O[#6])[CH2][CH2][CH2][CH2][CH2][CH2][CH2][#6]
insilico,1646,9081,Un9081,TRUE,,[CX4][cH0]1[nH0][cX3]([cH1][sH0]1)
insilico,1647,9082,Un9082,TRUE,,[cX3](a)[cH1][cH0]([oX2]a)-[cH0]1[cH1][cH1][cH1][cH1][cH1]1
insilico,1648,9084,Un9084,TRUE,,[cX3]1[nH0][cH1][cX3]([cH0]([nH0]1)[NH2])
insilico,1649,9085,Un9085,TRUE,,[#6][CH1]([CH0](=[#8])[cH0](:[#6]):[cH1]:[#6])N[#6]
insilico,1650,9086,Un9086,TRUE,,[#6][cH0]1:n:n:n:[cH0]1[#6]
insilico,1651,9087,Un9087,TRUE,,O=[CH0]([#6])O[CH2][CH1]([CH2]O[#15])O[CH0](=O)[#6]
insilico,1652,9088,Un9088,TRUE,,[CH3]O[cH0]1:[cH1]:[cH0](:[cH1]:[cH0](:[cX3]1)O)[#8]
insilico,1653,9089,Un9089,TRUE,,O=[CH0]([CH2][CH1]([#7])[#6])[#8]
insilico,1654,9090,Un9090,TRUE,,[cH1]1:[cH1]:[cH1]:[cH1]:[cH0]([#6]):[cH0]1[#7]
insilico,1655,9092,Un9092,TRUE,,[CX4]([CX4])[nH0]1[cH1][nH0][cH0]2[cH0]([nH0][cH1][nH0][cH0]21)[NH2]
insilico,1656,9093,Un9093,TRUE,,[CH3][CH0](=[CH1][CH1]=[#6])[CH1]=[CH1][CH1]=[CH0]([#6])[CH1]=[#6]
insilico,1657,9095,Un9095,TRUE,,[CH3][CX4]([CX4]([CX4]([CX3](=[OH0]))([NX3])))
insilico,1658,9097,Un9097,TRUE,,[CX4]([CH0](=[OH0])[OH1])[NH1][CH0](=[OH0])[CH1]([CH2][cX3](a)a)[NH2]
insilico,1659,9098,Un9098,TRUE,,[CX4][CX4][FH0]
insilico,1660,9099,Un9099,TRUE,,[CX4]([CH1]([cH0]([cH1][cX3](a))[cX3]a)[OH1])[NX3]
insilico,1661,9102,Un9102,TRUE,,O=S([cH0](:[#6]):[#6])(=O)O
insilico,1662,9103,Un9103,TRUE,,N[cH0]1:s:[cH1]:[cH0]([cH0](:[#6]):[#6]):n1
insilico,1663,9105,Un9105,TRUE,,[CX4]([CH1]1[CX4]([CX4][CX4][CX4]1[CH3]))[CH3]
insilico,1664,9106,Un9106,TRUE,,[#8][CH1]([CH2][CH1]([CH2][CH2][#6])[#8])[#6]
insilico,1665,9107,Un9107,TRUE,,[cX3](a)[nH0]([cH1][cX3]a)[CX4][CX4]
insilico,1666,9112,Un9112,TRUE,,[CX4]([CH1]([CX4][OH1])[NH2])[OX2]
insilico,1667,9115,Un9115,TRUE,,[CX3][NH2]
insilico,1668,9116,Un9116,TRUE,,[cX3](a)[cH0]([cH1][cX3]a)[CH1]=[CH1][CH0](=[OH0])[OH1]
insilico,1669,9118,Un9118,TRUE,,[NX3]([CX3][NH1][cH0]1[cH1][cX3]([cH0]([cH1][cH1]1)[ClH0]))
insilico,1670,9119,Un9119,TRUE,,[OX2][CH0](=[OH0])[CH1]([CH2][CH2][CX4])[NH2]
insilico,1671,9120,Un9120,TRUE,,[#8][cH0]1:[cH0](:[#6]:[cH0]([CH2][CH2][#7]):[cH1]:[cH1]1)[#8]
insilico,1672,9121,Un9121,TRUE,,[NX3]1[CH2][CH2][CH2][CH1]1[CH0](=[OH0])[NH1][CX4][CH2][cH0]1[cH1][cH1][cX3]([cH1][cH1]1)
insilico,1673,9122,Un9122,TRUE,,[CX4]1[CH2][NH0]([CH2][CH2][CX4]1)[CH2][CH2][CX4]
insilico,1674,9123,Un9123,TRUE,,O=[CH0]([cH0]1:[cH1]:[#6](:[#6]:o1))O
insilico,1675,9124,Un9124,TRUE,,[nX2](a)[cX3](a)[ClH0]
insilico,1676,9125,Un9125,TRUE,,[cH1]1:[cH1]:[cH1]:[cH1]:[cH1]:[cH0]1O[cH0](:[cH1]:[cH1]:[#6]):[#6]
insilico,1677,9129,Un9129,TRUE,,[cX3](a)(a)[OH0][CH1]1[CH1]([CH1]([CH1]([CH1]([OH0]1)[CH2][OH1])[OH1])[OH1])[OH1]
insilico,1678,9130,Un9130,TRUE,,[CX4][cH0]1[cH0]([cH0]2[cH1][cH1][cH1][cH1][cH0]2[nH1]1)[CH2][CX4][NX3]
insilico,1679,9134,Un9134,TRUE,,N[cH0]1:n:[cH1]:[cH1]:[cH1]:[cH1]1
insilico,1680,9138,Un9138,TRUE,,[NX3][cX3](a)[nH0][cX3]a
insilico,1681,9139,Un9139,TRUE,,[#8]=[CH0]1[CH1]=[CH0]([CH1]([#6])[#6])[CH2]O1
insilico,1682,9140,Un9140,TRUE,,[CH3][cH0]1:[cH1]:[cH1]:[cH0](n(:[cH0](:[#6])[#7]):[#6]):[cH1]:[cH1]1
insilico,1683,9141,Un9141,TRUE,,[NX3][NH2]
insilico,1684,9142,Un9142,TRUE,,O=[CH0](N1[CH1]([CH2][CH2][CH2]1)[#6])[CH1]([CH2][cH0]1:[cH1]:[cH1]:[#6](:[cH1]:[cH1]1))N
insilico,1685,9143,Un9143,TRUE,,[CX4][SH0](=[OH0])[CH3]
insilico,1686,9144,Un9144,TRUE,,[NX3]([CH1]([CX3](=[OH0]))[CH1]([CH3])[CH3])
insilico,1687,9145,Un9145,TRUE,,[cX3](a)(a)[nX3](a)[CH1]1[CH1]([CH1]([CH1]([OH0]1)[CH2][OH1])[OH1])[OH1]
insilico,1688,9147,Un9147,TRUE,,[NX3][CH0](=[OH0])[CH1]([CH2][CX3](=[OH0]))[NH2]
insilico,1689,9148,Un9148,TRUE,,[#8]=[CH0](N[#6])[CH2][CH2][CH1]([CH0](=O)[#8])N
insilico,1690,9149,Un9149,TRUE,,[CX3](=[OH0])[NH1][CH2][CX3][OH1]
insilico,1691,9150,Un9150,TRUE,,[CX3](=[OH0])[OH0][CH1]([CH3])[CH3]
insilico,1692,9151,Un9151,TRUE,,[NX3][CH2][CX3][NH1][CH2][CX3](=[OH0])
insilico,1693,9152,Un9152,TRUE,,F[cH0](:[cH1]:n:[#6]):[#6]
insilico,1694,9153,Un9153,TRUE,,[CX4][CH2][cX3]([cH0]([CX4])[cX3]([cX3](a)a)a)a
insilico,1695,9155,Un9155,TRUE,,n1:[cX3]:s:[cH0]2:[cH1]:[cH1]:[cH1]:[cH1]:[cH0]12
insilico,1696,9156,Un9156,TRUE,,[CX3](=[OH0])[CH1]=[CH1][cX3](a)[cH1][cX3]a
insilico,1697,9158,Un9158,TRUE,,[CH3]O[cH0]1:[cH1]:[#6]:[#6]:[cH1]:[cH1]1
insilico,1698,9159,Un9159,TRUE,,[cH1]1[cH1][cH1][cH0]([cX3]([cH1]1)a)[oH0][cX3](a)-[cX3](a)[cH1][cX3](a)
insilico,1699,9160,Un9160,TRUE,,[CX4][CH2][CH2][CH2][CX4]([CH2][CH0](=[OH0])[OH1])
insilico,1700,9161,Un9161,TRUE,,[CH2]([CX4])[SH0](=[OH0])(=[OH0])[OH1]
insilico,1701,9164,Un9164,TRUE,,[CH3][CH0]1([CH2][CH2][CH2][CH0]([CH1]1[CH2][#6])([CH3])[CH0](=O)O)[#6]
insilico,1702,9165,Un9165,TRUE,,O=[CH0]([#7])[cH0](:[cH1]:[#6]):[#6]
insilico,1703,9166,Un9166,TRUE,,O[CH1]([#6])[CH1]([#6])N([#6])[#6]
insilico,1704,9167,Un9167,TRUE,,F[CH0]([#8])(F)F
insilico,1705,9169,Un9169,TRUE,,[#6]O[cH0]1:[cH1]:[cH0](:[cH1]:[#6](:[#6]1))[CH2][#7]
insilico,1706,9170,Un9170,TRUE,,[cX3]1[cH0]([cX3]([cX3]([nH1]1)))[CH3]
insilico,1707,9172,Un9172,TRUE,,[cH1]1:[cH1]:[cH1]:[cH1]:[cH1]:[cH0]1[CH2][#7]
insilico,1708,9173,Un9173,TRUE,,[NX3][CH0](=[OH0])[CH2][CH2][CH0](=[OH0])[OH1]
insilico,1709,9174,Un9174,TRUE,,[CX3](=[SH0])[NH2]
insilico,1710,9175,Un9175,TRUE,,S=[CH0]([#7])N[CH0](=O)[cH0](:[#6]):[#6]
insilico,1711,9176,Un9176,TRUE,,[CX4][cH0]1[cH1][cH0]([cH0]([cX3]([cH1]1))[OH1])[OH1]
insilico,1712,9177,Un9177,TRUE,,[cH1]1[cH1][cH1][cX3]([cH0]([cH1]1)[nH0][cX3](a)[SH0][CX4])a
insilico,1713,9178,Un9178,TRUE,,[#8]=[CH0]([cH0](:[#6]):[cH1]:[#6])N[cH0](:[#7]):[#16]
insilico,1714,9179,Un9179,TRUE,,[CH3][CH1]([CH1]([CH0](=[CH1][#6])[CH3])[#8])[#6]
insilico,1715,9180,Un9180,TRUE,,O=[CH0]([CH1]([#7])[CH2][cH0]1:[cH1]:[cH1]:[cH0](:[cH1]:[cH1]1)[#8])N[CH1]([CH0](=O)[#7])[#6]
insilico,1716,9181,Un9181,TRUE,,[CH3][CH1]([CH0](=O)N([#6])[#6])N[#6]
insilico,1717,9182,Un9182,TRUE,,O=S([cH0](:[#6]):[#6])[CH3]
insilico,1718,9183,Un9183,TRUE,,[CH3]O[cH0]1:[cH1]:[cH1]:[cH0](:[cX3]:[cH0]1[#6])[#6]
insilico,1719,9184,Un9184,TRUE,,O1[#6]([#6]O[CH2]1)
insilico,1720,9185,Un9185,TRUE,,[CH3][CH0](=O)[#8]
insilico,1721,9187,Un9187,TRUE,,O[CH1]1[CH1]([CH1]([CH1](O[#6])O[CH1]1[CH2]O[CH0](=O)[#6])O)O
insilico,1722,9188,Un9188,TRUE,,[CX4]([CH2][OH0][CH2][CH2][OH0][CX4])
insilico,1723,9189,Un9189,TRUE,,[cH1]1:[cH1]:n:[cX3](:[cX3](:[cX3]1))
insilico,1724,9190,Un9190,TRUE,,[CH3][OH0][cX3]([cH0]([cH1][cX3](a)[CH1]=[CH1][CX3](=[OH0]))[OH0][CH3])a
insilico,1725,9192,Un9192,TRUE,,[OX2][CH2][CH2][cH0]1[cH1][cX3]([cH0]([cH1][cH1]1)[OH1])
insilico,1726,9193,Un9193,TRUE,,O=[CH0]([CH1](N([#6])[CH3])[CH1]([CH3])[CH3])N[#6]
insilico,1727,9196,Un9196,TRUE,,[cH1]1:[cX3](:[cX3]:o:[cH1]1)
insilico,1728,9197,Un9197,TRUE,,[nX3]1[cX3]([nH0][cH0]([nH0]1)-[cX3](a)[cX3]a)
insilico,1729,9199,Un9199,TRUE,,[CX4]([CH1]([CX4][CH3])[OH1])[OH0][CH3]
insilico,1730,9200,Un9200,TRUE,,[cH1]1[cH1][cX3]([cH1][cH1][cH0]1[CX4]([CH1]([CX4])[NH1][CX3]))
insilico,1731,9202,Un9202,TRUE,,[CX4]([CX4]([cX3](a)a))[NX3]
insilico,1732,9203,Un9203,TRUE,,Cl[cH0]1:[cH1]:[cX3](:[cH0](:[cH1]:[cH1]1)[#16])
insilico,1733,9204,Un9204,TRUE,,[CX4](a)[cX3](a)[cH1][cH1][cX3](a)[FH0]
insilico,1734,9205,Un9205,TRUE,,[CH3][CH1]([CH3])[CX4]([CX3][NH1][CX4][CH0](=[OH0])[OH1])
insilico,1735,9206,Un9206,TRUE,,O=[CH0](O[#6])[CH1](N[CH0](=O)[#6])[CH1]([CH3])[CH3]
insilico,1736,9207,Un9207,TRUE,,[CX4]([cH0]1[cH1][cH1][cH1][cH1][cH1]1)([cX3]([cH1][cH1][cX3]a)a)
insilico,1737,9209,Un9209,TRUE,,[CX4]([cH0]1[cH1][cH1][cH1][cH1][cH1]1)[CX4]([CX3][OH0][CX4])
insilico,1738,9210,Un9210,TRUE,,[CX4]([CX4]([CH2][CH2][CX4]))[NX3]
insilico,1739,9211,Un9211,TRUE,,O=[CH0]([CH1]([CH2][CH2][#6])N)N[CH1]([CH2][CH2][#6])[CH0](=O)[#8]
insilico,1740,9212,Un9212,TRUE,,[CH3][cH0](:n:[cH0](:[#7])N):[#6]
insilico,1741,9215,Un9215,TRUE,,[#6][CH1]1[#6]([#6]([CH2][CH2]N1))
insilico,1742,9216,Un9216,TRUE,,[#8][cH0]1:[cH1]:[cH1]:[cH0](:[cH1]:[cH1]1)[CH2][CH2][#6]
insilico,1743,9217,Un9217,TRUE,,[#6][CH1]([CH2][CH1]([#6])N[#6])[#8]
insilico,1744,9218,Un9218,TRUE,,[CH3][CH0]1([CH1]([CH2][CH1]([CH1]2[CH1]1[CH2][CH1]([CH0]([CH1]2[#6])([#6])[CH3])[#8])[#8])[#6])[CH2][#6]
insilico,1745,9219,Un9219,TRUE,,[#6][CH2][CH2][CH2][CH2][CH2][CH2][CH2][CH2][CH2][CH2][CH2][CH1]([#6])[#8]
insilico,1746,9221,Un9221,TRUE,,[CX4]([CH2][cH0]([cX3]a)[cX3](a)a)[NH2]
insilico,1747,9222,Un9222,TRUE,,[CX4]([CH0](=[OH0])[NH1][CX4][CH0](=[OH0])[NX3])[NH2]
insilico,1748,9224,Un9224,TRUE,,[CX3][CH2][CH2][CX4]([CX3](=[OH0]))
insilico,1749,9226,Un9226,TRUE,,[cX3](a)([cX3]a)[CH0](=[OH0])[cH0]1[cH1][cH1][cH1][cH1][cH1]1
insilico,1750,9227,Un9227,TRUE,,[CH2]1[#6]N[CH2][CH2]N1
insilico,1751,9228,Un9228,TRUE,,[CX4]([CX4]([cH0]1[cH1][cH1][cH0]([cH1][cH1]1)[OH1]))
insilico,1752,9230,Un9230,TRUE,,N[CH1]1[CH2][CH2][#7][CH2][CH2]1
insilico,1753,9231,Un9231,TRUE,,[CH3][CH0](=O)[#7]
insilico,1754,9232,Un9232,TRUE,,[cX3]([cH1][cX3](a)[CH0](=[CX3])[cH0]1[cX3][cH1][cX3]([cH1][cH1]1))a
insilico,1755,9234,Un9234,TRUE,,[#16][cH0]1:[cH0]([#6]):[cH1]:[cH1]:[cH1]:[cX3]1
insilico,1756,9235,Un9235,TRUE,,[NX3][CX3][CX4][NX3]([CH2][cH0]([cX3]a)[cX3](a))
insilico,1757,9236,Un9236,TRUE,,[cH1]1:[cH1]:[cH1]:[cH1]:[cH0](:[cH0]1[#6])[#6]
insilico,1758,9237,Un9237,TRUE,,[CX4]([CH0](=[OH0])[NH1][CH1]([CH2][CH2][CX3])[CX3][OH1])
insilico,1759,9238,Un9238,TRUE,,[cH1]([cX3]a)[cH0]([cX3]a)-[cX3](a)[cX3]([cH1][cX3]([cX3]([cX3]a))a)
insilico,1760,9239,Un9239,TRUE,,[CX4]([CX4]([CX4]([CX4]a)))
insilico,1761,9240,Un9240,TRUE,,[#6]:[cH1]:[cH1]:[cH0](:[#6])[CH2]S[cH0](:[#7]):[#7]
insilico,1762,9241,Un9241,TRUE,,O=[CH0]([CH0]([#6])([#6])O)O[CH2][#6]
insilico,1763,9242,Un9242,TRUE,,[cX3]([cH0]([cX3](a))[CH2][CX4][NH2])a
insilico,1764,9244,Un9244,TRUE,,[CH1]1[CH2][CH2]N([#6])[#6]1
insilico,1765,9245,Un9245,TRUE,,[nX2]
insilico,1766,9246,Un9246,TRUE,,[CH2]([CH1]([CH0](=[OH0])[OH1])[NH1][CH0](=[OH0])[CX4])[CX3](=[OH0])
insilico,1767,9248,Un9248,TRUE,,O=[CH0]1[CH1](N[#6]([CH1]([#6])N1))[#6]
insilico,1768,9249,Un9249,TRUE,,[CX4]([CX4][OH1])[OH0][CH0](=[OH0])[cH0]1[cH1][cH1][cH1][cH1][cH1]1
insilico,1769,9250,Un9250,TRUE,,[CX3](=[OH0])[NH1][CX4][CH0](=[OH0])[NH1][CH1]([CH2][CH2][CX4])[CH0](=[OH0])[OH1]
insilico,1770,9252,Un9252,TRUE,,[OX2][cH0]1[cH0]([cX3]([cX3][cH0]([CH2][CX4])[cH1]1))[OX2]
insilico,1771,9253,Un9253,TRUE,,[OX2][CH1]1[CX4]([CX4]([CH1]([CH1]([OH0]1)[CH2][OH0][CX4][OH0][CH2][CX4])[OH1]))
insilico,1772,9255,Un9255,TRUE,,[CH3][nH0]1[cX3]([cX3]([nH0][cH0]1[SX2]))
insilico,1773,9256,Un9256,TRUE,,[CH3][CH2][CH2][CH2][CH2][CH2][CH2][CH2][CH1]=[CH1][CH2][CH2][CH2][CH2][CH2][CH2][CH2][CH0](=O)O[#6]
insilico,1774,9259,Un9259,TRUE,,[#8]=[CH0](N[#6])[CH1]=[CH1][cH0]1:[cH1]:[cH1]:[#6](:[cH1]:[cH1]1)
insilico,1775,9260,Un9260,TRUE,,[CH2]([CH2][CX3](=[OH0]))[CH1]([CH0](=[OH0])[NH1][CX4])[NH2]
insilico,1776,9261,Un9261,TRUE,,[CX4]1[CH1]([OH0][CX4]([CH1]1[OH1])a)[CH2][OH0][PH0](=[OH0])([OH1])[OH0][PH0](=[OH0])([OH1])[OX2]
insilico,1777,9262,Un9262,TRUE,,[#6]=[CH1][cH0]1:[cH1]:[cH0]2:[cH0](:[cH1]:[cH1]1)O[CH2]O2
insilico,1778,9263,Un9263,TRUE,,[CH3][CH2][CH2][CH2][CH2][CH2][CH2][CH2][CH2][CH2][CH2][CH2][#6]
insilico,1779,9264,Un9264,TRUE,,[#6]n1:[cH0](:[cH0]([#6]):n:[cX3]1)[#7]
insilico,1780,9265,Un9265,TRUE,,[CH3][cH0](:[#6]):o:[#7]
insilico,1781,9267,Un9267,TRUE,,[#6][cH0]1:[cH0]([CH1]([#7])[cH0](:[cH1]:[#6]):[#6]):n:[cH0]2:[cH1]:[cH1]:[cH1]:[cH1]:[cH0]12
insilico,1782,9268,Un9268,TRUE,,S=[CH0]([#7])[#7]
insilico,1783,9269,Un9269,TRUE,,[CX3](=[OH0])[cH0]1[cH1][cH1][cH1][cH1][cH0]1[OX2]
insilico,1784,9270,Un9270,TRUE,,[CH3][CH2][OH0][CH0](=[OH0])[CH2][CX4]
insilico,1785,9272,Un9272,TRUE,,Cl[cH0](:[#6]):[cH0](:[cH1]:[#6]):[#6]
insilico,1786,9273,Un9273,TRUE,,[CH2]([CH1]([CX4])[CH0](=[OH0])[OH1])[CX3]=[OH0]
insilico,1787,9274,Un9274,TRUE,,[CH2]1[CH2][CH2][CH2][#7]1
insilico,1788,9275,Un9275,TRUE,,O[cH0]1:[cH1]:[cH0](O[CH1]([#6])[#8]):[cH1]:[cH0]([#8]):[cH0]1[#6]
insilico,1789,9276,Un9276,TRUE,,O=[CH0]([CH1]([#6])N[CH0](=O)[CH1]([#6])[#7])O
insilico,1790,9278,Un9278,TRUE,,[OX2][CH2][CH0](=[OH0])[NH1][cX3](a)[cH1][cX3]a
insilico,1791,9279,Un9279,TRUE,,[CH3][CH0]1([CH2][CH2][CH1]([CH1]([CH1]1[#6])[CH2][#6])[#6])[#6]
insilico,1792,9281,Un9281,TRUE,,N[CH2][CH2][#8]
insilico,1793,9282,Un9282,TRUE,,[CX3](=[OH0])[CH1]=[CH1][cH0]1[cH1][cH0]([cH0]([cX3]([cH1]1))[OH1])[OH0][CH3]
insilico,1794,9283,Un9283,TRUE,,[cX3]1[cH1][cH0]([cH1][cX3]([cX3]1))[CX4][cH0]([cX3]a)[cX3]([CX4])a
insilico,1795,9285,Un9285,TRUE,,[CH3][CH0]([CH3])([CH3])[cH0](:[cH1]:[#6]):[#6]
insilico,1796,9289,Un9289,TRUE,,[CH3][CH2][CH1]=[CH1][CH2][CH1]=[CH1][CH2][CH1]=[CH1][CH2][CH1]=[CH1][CH2][CH1]=[CH1][CH2][CH1]=[CH1][CH2][#6]
insilico,1797,9290,Un9290,TRUE,,[cX3]([cX3]a)[cH0]([cH0]([cX3]a)[OH0][CH3])[OH0][CH3]
insilico,1798,9292,Un9292,TRUE,,O[CH1]1[CH1]([CH1]([CH1]([CH2][#8])O[CH1]1O[CH2][CH1]([CH1]([#6])O)O)O)O
insilico,1799,9293,Un9293,TRUE,,O=[CH0]([CH2]O[cH0]1:[cH1]:[cH0]([#8]):[cH0](:[#6]:[#6]1)[#6])[#7]
insilico,1800,9295,Un9295,TRUE,,[CX4][NX3][OH1]
insilico,1801,9296,Un9296,TRUE,,[cX3](a)([cH0]([cX3]a)[OH0][CH3])[cX3]([cX3](a)[OX2])a
insilico,1802,9297,Un9297,TRUE,,[#6]1:[cH0]2:[cH0](:[#7]:[#6]:[cH0]2[CH2][CH2][#7]):[cH1]:[cH1]:[cH0]1[#8]
insilico,1803,9298,Un9298,TRUE,,[CX4]([cX3](a)[cX3]a)[cX3](a)[cH1][cH1][cX3](a)[ClH0]
insilico,1804,9299,Un9299,TRUE,,[NX3][cX3](a)[nH0][cX3]([cX3](a)[ClH0])
insilico,1805,9300,Un9300,TRUE,,[CX4]([CX3][NH2])[NH1][CX3](=[OH0])
insilico,1806,9303,Un9303,TRUE,,[CX4]([CH0](=[OH0])[NX3])[NH1][CH0](=[OH0])[CH1]([CH2][cH0]1[cX3][nH1][cH0]2[cH1][cH1][cH1][cH1][cH0]12)[NX3]
insilico,1807,9304,Un9304,TRUE,,[CX4]([CX4]([CX4]))[NH2]
insilico,1808,9307,Un9307,TRUE,,[CH3][CH1]([CH0](=[OH0])[OH1])[NH1][CX3](=[OH0])
insilico,1809,9308,Un9308,TRUE,,[cX3](a)([cX3]([cH0]([cX3](a)[ClH0])[NH2]))
insilico,1810,9309,Un9309,TRUE,,[OX2][cH0]1[cH1][cH0]([cH1][cH0]([cX3]1)[OH1])[OH1]
insilico,1811,9310,Un9310,TRUE,,[cH1]1[cH0]([cH0]([cH1][cH0]([cX3]1)[ClH0])[ClH0])[CX4]
insilico,1812,9313,Un9313,TRUE,,[NX3][CH2][CH2][CX4][NX3]([cH0]1[cX3]([cH1][cX3]([cH1][cH1]1)))
insilico,1813,9314,Un9314,TRUE,,[CH3][CH2][CH1]([CH3])[CH0](=O)[#8]
insilico,1814,9315,Un9315,TRUE,,[OX2][CH3]
insilico,1815,9316,Un9316,TRUE,,O[CH1]([CH1]([CH1]([#6])O[CH0](=[#8])[#6])[#8])[#6]
insilico,1816,9318,Un9318,TRUE,,[CX4][CH1]1[CH1]([CH2][CH1]([CH1]1[CH1]=[CH1][CX4][OH1])[OH1])[OH1]
insilico,1817,9319,Un9319,TRUE,,[CX4](a)[OH0][CH1]([CX4])[CH2][OH1]
insilico,1818,9320,Un9320,TRUE,,[cX3](a)([cH1][cH1][cX3](a)[CH1]=[CH1][cX3]([cH1][cX3]([cX3]a))a)
insilico,1819,9321,Un9321,TRUE,,[CH3][CH2][CH1]([CH1]([#6])[#8])[#6]
insilico,1820,9322,Un9322,TRUE,,[CH2]([CX3](=[OH0]))[NX3]
insilico,1821,9324,Un9324,TRUE,,[cH1]1[cH1][cX3](a)[cX3](a)[cH1][cH0]1[ClH0]
insilico,1822,9327,Un9327,TRUE,,[cX3]1(a)[cX3](a)[nH0][cH1][nH1]1
insilico,1823,9328,Un9328,TRUE,,[CX3](=[OH0])[cX3](a)[cH0]([cH1][cX3]a)[cX3](a)a
insilico,1824,9330,Un9330,TRUE,,[cH1]1:[cH1]:[cH1]:[cH1]:[cH1]:[cH0]1[#7]
insilico,1825,9333,Un9333,TRUE,,[cX3]([cX3](a))[sH0][cX3](a)[NH2]
insilico,1826,9335,Un9335,TRUE,,O=[CH0]([cH0](:[#6]):[cH1]:[#6])N[CH1]([CH2][CH2][#6])[#6]
insilico,1827,9341,Un9341,TRUE,,[CH3]N[CH2][CH2][CH2][CH2][#6]
insilico,1828,9343,Un9343,TRUE,,[cH1]1[cH1][cH1][cH0]([cH1][cH1]1)[CX4]([CX4]([CX4]))
insilico,1829,9344,Un9344,TRUE,,[CH3][CH1]([CH1]=[CH0]([CH1]=[CH1][#6])[#6])[#6]
insilico,1830,9345,Un9345,TRUE,,[NX3]1[CH2][CH2][CH2][CH1]1[CX3][NH1][CH1]([CX4])[CH0](=[OH0])[OH1]
insilico,1831,9346,Un9346,TRUE,,n1:[cX3]:[cH1]:[cH1]:n:[cX3]1
insilico,1832,9347,Un9347,TRUE,,N[cH0](:[#16]):[#7]
insilico,1833,9348,Un9348,TRUE,,O=[CH0](N[CH2][#6])[CH1]([CH2][CH2][CH2]N=[CH0](N)N)[#7]
insilico,1834,9350,Un9350,TRUE,,[CH3][CX4]([CH0](=[OH0])[NH1][CH1]([CX4])[CH0](=[OH0])[OH1])
insilico,1835,9351,Un9351,TRUE,,[CX3](=[CH1][CH2][OH0][cX3]([cX3]a)a)[CH3]
insilico,1836,9353,Un9353,TRUE,,O=[CH0]([CH0]1([CH2][CH2][#6][#6]([CH1]1[#6]))[#6])O[CH1]([#6])[#8]
insilico,1837,9355,Un9355,TRUE,,[cX3]([cX3](a)[CH2][CX4]([CX3][NH1][CX4]([CX4]a)))a
insilico,1838,9357,Un9357,TRUE,,O=[CH0]([cH0](:[#6]):n:[#7])O
insilico,1839,9358,Un9358,TRUE,,[CH2]([CH2][CX4][NH2])[CH2][NH0]=[CH0]([NH2])[NH2]
insilico,1840,9359,Un9359,TRUE,,O[CH1]1[CH1]([CH1](n(:[cH1]:[#6]):[#6])O[CH1]1[CH2]O)O
insilico,1841,9361,Un9361,TRUE,,[CH3][NH0]1[CX4][CH2][CX4]([CX4]([CH1]1[CX4]))
insilico,1842,9362,Un9362,TRUE,,[NX3][cH0]1[cH1][cH1][cH0]([cH1][cH1]1)[SH0](=[OH0])(=[OH0])[NH1][cX3](a)a
insilico,1843,9363,Un9363,TRUE,,O=[CH0](O[CH1]1[CH1]([CH1](O[CH1]([CH1]1[#8])[CH2][#8])[#8])[#8])[#6]
insilico,1844,9364,Un9364,TRUE,,[CH2]1[CH2][#6][#6][cH0](:[cH0]1:[#6]):[#16]
insilico,1845,9365,Un9365,TRUE,,[CH3][CH1]([#6])[CH1]([#6])O[CH0](=[#8])[#6]
insilico,1846,9367,Un9367,TRUE,,[CX3][CX4]1[CX4][CH2][CX4]([CX4]1[CH3])
insilico,1847,9369,Un9369,TRUE,,[CH3][CH2][OH0][CX3][cX3]([cX3]([cX3](a)a))a
insilico,1848,9370,Un9370,TRUE,,[CX4]([CH1]([CX4])[OX2])
insilico,1849,9371,Un9371,TRUE,,[CX4][CX4]([CH2][NH0]([CH3])[CH3])
insilico,1850,9373,Un9373,TRUE,,[#8]=[CH0]([CH1]([CH2][#6])N[CH0](=O)[CH2][CH2][#6])[#8]
insilico,1851,9374,Un9374,TRUE,,[#6][cH0]1:[cH0](:[cH0](:[cH0](:[cH0](:[cH0]1O)[#6])O)[#6])[#8]
insilico,1852,9375,Un9375,TRUE,,Cl[cH0]1:[cH1]:[cH1]:[cH0]([#6]):[cH1]:[cH1]1
insilico,1853,9376,Un9376,TRUE,,O=[CH0]([cH0](:[#16]):[#6])O
insilico,1854,9377,Un9377,TRUE,,[CX4]([CX4][cH0]1[cH1][cH0]([cH0]([cX3]([cH1]1))[OX2])[OX2])[CH3]
insilico,1855,9378,Un9378,TRUE,,F[cH0](:[cH1]:[cH0](:[#6]):[#6]):[#6]
insilico,1856,9379,Un9379,TRUE,,[CH2]([CX4]([CX3]))[SH1]
insilico,1857,9380,Un9380,TRUE,,[CX4]([CH2][CX3][NX3][cX3](a)[cH1][cX3](a))
insilico,1858,9382,Un9382,TRUE,,[CX4][CH2][CH1]([CH2][CX4]([CH2][CX4]))[CH3]
insilico,1859,9384,Un9384,TRUE,,O=[CH0]([cH0](:[#6]):[#6])O[#6]
insilico,1860,9385,Un9385,TRUE,,[CH3]O[cH0](:[cH0](:[cH0](:[#6])O[CH3])O):[#6]
insilico,1861,9386,Un9386,TRUE,,[#7][cH0]1:[cX3](:[cH1]:[cH0](:[cX3]:n1)Br)
insilico,1862,9387,Un9387,TRUE,,[CX3](=[OH0])[cH0]1[cH1][cX3]([cH0]([cH0]([cH1]1)[OX2])[OX2])
insilico,1863,9389,Un9389,TRUE,,[CX4][CH2][CH2][CH2][CH2][CH1]=[CH1][CX4]
insilico,1864,9390,Un9390,TRUE,,O[CH1]1[CH1]([CH1]([CH1]([CH2]O[CH1]2[CH1]([CH1]([CH1]([CH1]([CH3])O2)O)O)O)O[CH1]1O[cH0](:[#6]):[#6])O)O
insilico,1865,9392,Un9392,TRUE,,[cX3](a)[cH1][cH0]([cX3]a)[OH0][PX4]
insilico,1866,9395,Un9395,TRUE,,[#8]=[CH0](O[CH1]([#6])[CH2][#6])[cH0](:[#6]):[cH1]:[cH1]:[#6]
insilico,1867,9396,Un9396,TRUE,,[cX3]([cH1][cH0]([cH0]([cX3]a)[CX4])[OH0][CX4])a
insilico,1868,9401,Un9401,TRUE,,[CX4]1[CH2][CX4][CX4]([CH2][NX3]1)
insilico,1869,9402,Un9402,TRUE,,[NX3][CH0](=[OH0])[CX4][NH1][CH0](=[OH0])[CX4][NH1][CH0](=[OH0])[CX4]([CH2][CH2][CH2][NH0]=[CH0]([NH2])[NH2])
insilico,1870,9403,Un9403,TRUE,,[CH3]N([CH3])[cH0](:[cH1]:[#6]):[cH1]:[#6]
insilico,1871,9404,Un9404,TRUE,,[sX2](a)[cX3](a)[SX4](=[OH0])
insilico,1872,9405,Un9405,TRUE,,Cl[cH0](:n:[#6]):n:[#6]
insilico,1873,9406,Un9406,TRUE,,[CX4][CX3][CH0]([OH0][CX4])=[OH0]
insilico,1874,9411,Un9411,TRUE,,[cX3]1(a)[cX3](a)[cX3]([nH0][cX3]([nH0]1))
insilico,1875,9413,Un9413,TRUE,,[#6][cH0]1:[cX3](:[cH1]:[cX3](:[cH0](:[cH0]1[#6])[#8]))
insilico,1876,9414,Un9414,TRUE,,[CX4][CH1]1[CX4]([CH2][CX4]([CX4]([CH0]1([CH3])[CH3])[OH1]))
insilico,1877,9415,Un9415,TRUE,,[CX4]([cH0]1[cH1][cH1][cH1][cH1][cH1]1)[NH1][CH0](=[OH0])[cX3](a)a
insilico,1878,9417,Un9417,TRUE,,I[cH0](:[cH0](:[#6])O):[#6]
insilico,1879,9420,Un9420,TRUE,,[NX3][CH0](=[OH0])[CH2][NH2]
insilico,1880,9422,Un9422,TRUE,,[cX3]([cH1][cH0]([cX3]a)[BrH0])[cX3]a
insilico,1881,9423,Un9423,TRUE,,[CX4][CX4]([CH2][CH2][NX3][cX3]([cH1][cH1][cX3]a)a)
insilico,1882,9424,Un9424,TRUE,,[cX3]1[cX3][nH1][cX3]([nH0]1)
insilico,1883,9425,Un9425,TRUE,,N[CH2][CH2][CH1](O[#6])[#6]
insilico,1884,9426,Un9426,TRUE,,[CX4]([CX4])[NH1][CH0](=[OH0])[CX4]
insilico,1885,9427,Un9427,TRUE,,[CH3][OH0][cX3](a)[cH0]([cX3]([cX3]([cX3]a)))[OH1]
insilico,1886,9429,Un9429,TRUE,,[cX3](a)([cH0]([cX3]([cX3]([cX3](a))))[ClH0])
insilico,1887,9430,Un9430,TRUE,,[cH1]1[cH1][cX3]([cH0]([nH0][cH1]1)[CX4])
insilico,1888,9431,Un9431,TRUE,,n1:[cX3]:[cH0]2:[cH0](:n:[cX3]1):n:[cH1]:n2
insilico,1889,9432,Un9432,TRUE,,[cX3](a)([cH0]([cX3]([cX3]([cX3]a)))[OH0][CH3])
insilico,1890,9434,Un9434,TRUE,,[cH1]([cX3]a)[cH1][cX3]([cH1][cH1][cX3](a)[OH0][CX4])a
insilico,1891,9437,Un9437,TRUE,,O[CH1]1[CH1]([CH1]([CH1](O[CH1]2[CH1](O[CH1]([#6])[#6])O[CH1]([CH1]([CH1]2O)O)[CH2]O)O[CH1]1[#6])O)O
insilico,1892,9438,Un9438,TRUE,,[cH1]1:[cH1]:[cH1]:[cX3](:[cH0]2:[cH0]1:n:[cH1]:[cX3]2)
insilico,1893,9439,Un9439,TRUE,,[CX3](=[OH0])[OH0][CH1]([CX4])[CH1]([CH3])[CX4]([CX4])[OH1]
insilico,1894,9440,Un9440,TRUE,,[CX4][NX3][CX4][CH2][cH0]1[cX3][cX3]([cX3]([cH1][cH1]1))
insilico,1895,9441,Un9441,TRUE,,[#6][cH0]1:[cH0]([#6]):[cH0](:[cH0](:[cH1]:[cH1]1)O[#6])[#8]
insilico,1896,9442,Un9442,TRUE,,[NX3][CH2][CH0](=[OH0])[NH1][CH1]([CH2][cH0]1[cH1][cH1][cH1][cH1][cH1]1)[CX3](=[OH0])
insilico,1897,9444,Un9444,TRUE,,[cH1]1[cH1][cH1][cH0]([cH1][cH1]1)[CH2][CH1]([CX3])[NH2]
insilico,1898,9445,Un9445,TRUE,,[OX2][CX4]([CX4][NH2])
insilico,1899,9446,Un9446,TRUE,,[CH3]O[cH0]1:[cH1]:[cH0]([#6]):[cH0](:[cH1]:[cH0]1O[CH3])[#6]
insilico,1900,9448,Un9448,TRUE,,[CH1]1[CH2]N([#6][#6][CH1]1)[CH2][#6]
insilico,1901,9449,Un9449,TRUE,,[CH3]O[cH0]1:[cH1]:[cH0](:[cH1]:[#6](:[#6]1))[CH1]([#6])[#6]
insilico,1902,9450,Un9450,TRUE,,N[cH0]1:[cH1]:[cH1]:[cH0](:[cH1]:[cX3]1)[#35]
insilico,1903,9451,Un9451,TRUE,,O=[CH0]([CH0](=[#6])[#6])O[CH2][CH3]
insilico,1904,9452,Un9452,TRUE,,[CX4]([CH3])[CH1]([CX3][NH1][CX4][CX3][OH1])[NH2]
insilico,1905,9453,Un9453,TRUE,,[CH3][cH0]1[cX3]([cX3]([cX3]([cH1][cH1]1)))
insilico,1906,9456,Un9456,TRUE,,[CH3][CH0]1([CH2][#6])[#6][#6][CH2][CH0]1([CH0](=O)[#6])[#8]
insilico,1907,9458,Un9458,TRUE,,[#8]=[CH0](O[CH1]([#6])[#6])[CH2][CH2][CH2][CH1]=[#6]
insilico,1908,9459,Un9459,TRUE,,O[CH1]1[CH1]([CH1]([CH1]([CH3])O[CH1]1O[CH1]1[CH1](O[CH1]([CH1]([CH1]1O)O)O[#6])[#6])O)O
insilico,1909,9461,Un9461,TRUE,,[CH3][OH0][cH0]1[cH1][cH0]([cH1][cX3]([cH0]1[OH0][CH3]))[CX4]
insilico,1910,9462,Un9462,TRUE,,[CH3][CH2]O[CH0](=O)[cH0](:[cH1]:[#6]):[cH1]:[#6]
insilico,1911,9464,Un9464,TRUE,,[CH3][CH1]([CH0](=O)[#7])O[#6]
insilico,1912,9465,Un9465,TRUE,,[CX4][cX3]([cH1][cX3]([cX3](a)[OX2]))a
insilico,1913,9468,Un9468,TRUE,,[CX4]([OX2])[CH2][OH0][CH0](=[OH0])[cX3](a)a
insilico,1914,9470,Un9470,TRUE,,[CH3][CH1]([CH3])[#7]
insilico,1915,9473,Un9473,TRUE,,[CH3][CH0]([#6])=[#6]
insilico,1916,9474,Un9474,TRUE,,[CX4]([CH2][CX4][OH1])[OH0][CX4]
insilico,1917,9475,Un9475,TRUE,,[CH3][CH1]1[CH1]([CH1]([CH1]([CH1]([OH0]1)[OH0][cX3](a)[cX3]a)[OH1])[OH1])[OH1]
insilico,1918,9476,Un9476,TRUE,,[CX4]([CX4]([CX4][CH3]))[CH0](=[OH0])[OH0][CH3]
insilico,1919,9477,Un9477,TRUE,,[CH3][cH0]1:[cH1]:[cH0](:[cH1]:[cH0](:[#6]1)[#8])[#8]
insilico,1920,9478,Un9478,TRUE,,[CX4]([CX4])[cH0]1[cH0]([CH2][CX4])[cH1][cH1][cX3]([cH1]1)
insilico,1921,9479,Un9479,TRUE,,[cX3]1[cH1][cH0]([cX3]([cX3]([cH0]1[CX4]([CX4][CX4]))))[OH1]
insilico,1922,9480,Un9480,TRUE,,[CH3][CH2][CH2][CH2][CH2][CH2][CH2][CH2][CH2][CH2][CH2][CH2][CH2][CH2][CH2][CH0](=[OH0])[OH0][CX4][CX4]
insilico,1923,9481,Un9481,TRUE,,[CH3][CH0]([CH1]([#6])O[CH1]([CH1]([#6])O)[#8])([#6])[CH3]
insilico,1924,9483,Un9483,TRUE,,[CH3][cH0]1[nH0][nH0]([cX3]([cX3]1))-[cX3]([cX3](a))a
insilico,1925,9485,Un9485,TRUE,,[CX4][CH2][CH2][CH0](=[OH0])[OX2]
insilico,1926,9486,Un9486,TRUE,,O[CH2][CH2]N[CH2][CH2]N[#6]
insilico,1927,9488,Un9488,TRUE,,F[CH0]([cH0]1:[cH1]:[cH1]:[cH1]:[cX3]:[cH1]1)(F)F
insilico,1928,9489,Un9489,TRUE,,[CX4][CH1]([CX3]=[OH0])[OX2]
insilico,1929,9491,Un9491,TRUE,,[CH3][CH2][CH2][CH2][CH2][CH2][CH2][CH2][CH2][CX4]([CH2][CX3])
insilico,1930,9492,Un9492,TRUE,,[#6][CH1]([#6])N([CH2][#6])[CH2][#6]
insilico,1931,9493,Un9493,TRUE,,[CX4]([CH2][CH2][CH1]([CX4])[OH0][CH0](=[OH0])[CH3])[CH3]
insilico,1932,9495,Un9495,TRUE,,[cX3](a)([cH1][cX3]a)-[cX3](a)[oH0][cX3](a)[cX3]a
insilico,1933,9498,Un9498,TRUE,,[#6][CH2][CH2]N([CH2][#6])[#16]
insilico,1934,9500,Un9500,TRUE,,[#8]=[CH0]([CH2][CH2][CH2][CH2][CH2][CH2][CH2][CH1]=[CH1][CH2][CH1]=[#6])O[#6]
insilico,1935,9501,Un9501,TRUE,,[CH3]N([CH2][#6])[CH1]([#6])[CH2][cH0](:[#6]):[cH1]:[cH1]:[#6]
insilico,1936,9503,Un9503,TRUE,,[CH3]O[cH0](:[#7]):[#6]
insilico,1937,9505,Un9505,TRUE,,[NX3][CH1]([CH1]([OH0][CX3][CX4]([NX3]))[CH3])[CH0]([NX3])=[OH0]
insilico,1938,9507,Un9507,TRUE,,O[cH0]1:[cH1]:[cH1]:[cH0]([CH1]([CH2][#6])O[#6]):[cH1]:[cH1]1
insilico,1939,9508,Un9508,TRUE,,[#6][CH0]1[#6][#6]([CH2][CH2][CH0]1[#6])
insilico,1940,9511,Un9511,TRUE,,[#6]N([CH2][CH2][#7])[CH2][cH0](:[#6]):[cH1]:[cH1]:[#6]
insilico,1941,9512,Un9512,TRUE,,[CX4]([CX4]([CX4]([OX2])))[NH0]([CH3])[CH3]
insilico,1942,9513,Un9513,TRUE,,[cH1]1:[cH1]:[cH1]:[cX3]:[cH0]2:[cH0]1:[cH1]:[cH1]:[cX3](:[cH1]2)
insilico,1943,9518,Un9518,TRUE,,[CX3](=[OH0])[CH1]1[CH2][CH2][CH2][NH0]1[CH0](=[OH0])[CX4][NH2]
insilico,1944,9521,Un9521,TRUE,,[cX3]1[cH1][cH0]([cH0]([cH1][cH1]1)[OH1])[OX2]
insilico,1945,9523,Un9523,TRUE,,[CH3][OH0][CH2][CH2][OX2]
insilico,1946,9524,Un9524,TRUE,,[NX3][CH1]([CH3])[CH2][cH0]([cH1][cX3](a))[cX3]a
insilico,1947,9525,Un9525,TRUE,,[CH2]1[CH2][CH2][CH1]([CH2][CH2]1)[NH1][CX3][NX3]
insilico,1948,9527,Un9527,TRUE,,[cX3](a)[cH0]([cH0]([cX3]([cX3]a))[CX4])[OH1]
insilico,1949,9529,Un9529,TRUE,,Cl[cH0](:[cH0](:[#6])[CH0](=O)O):[#6]
insilico,1950,9530,Un9530,TRUE,,[cX3](a)([cX3]([cX3](a)[FH0]))[ClH0]
insilico,1951,9531,Un9531,TRUE,,[#8]=[CH0]([CH1]=[CH1][cH0](:[#6]):[#6])[cH0]1:[cH1]:[#6](:[#6](:[cH1]:[cH1]1))
insilico,1952,9532,Un9532,TRUE,,[CH3][CH2][CH2][CH2][CH2][CH1]=[CH1][CH2][CH1]=[CH1][CH2][CH1]=[CH1][CH2][CH1]=[CH1][CH2][CH2][CH2][CX3]
insilico,1953,9536,Un9536,TRUE,,[OX2][CX4][CX4]([NX3][CH2][CX3])
insilico,1954,9537,Un9537,TRUE,,[#6][CH0](=[CH1][#6])[CH1]([#6])N[#6]
insilico,1955,9542,Un9542,TRUE,,[CX4]([CX4]([CX4]([CX4]([OX2]))))[NX3]
insilico,1956,9543,Un9543,TRUE,,[cX3]1([cH0]([cX3]([cX3]([cX3]([cX3]1))))[NH2])
insilico,1957,9546,Un9546,TRUE,,[CX4][CX4]([CX4]([CH1]([CX4])[NH1][CX3]))
insilico,1958,9547,Un9547,TRUE,,[#8]=[CH0]([CH1]([CH2][cH0](:[cH1]:[cH1]:[#6]):[#6])[#7])N[CH1]([#6])[CH0](=[#8])[#8]
insilico,1959,9548,Un9548,TRUE,,[CX4][CH1]([CH3])[CX4]
insilico,1960,9549,Un9549,TRUE,,[CX4]1[CH2][CH1]2[CX4]([CX4]([CH2][CX4]([CX4]2([CH1]([CX4]1[CH3])[CX4]))))[CH3]
insilico,1961,9552,Un9552,TRUE,,[NX3][CX4]([CH2][CH2][cH0]1[cH1][cH1][cH1][cH1][cX3]1)
insilico,1962,9553,Un9553,TRUE,,[CX4][CX4][NH1][CH0]([cH0]1[cH1][cX3]([cX3]([cH1][cX3]1)))=[OH0]
insilico,1963,9554,Un9554,TRUE,,[#8]=[CH0]([CH2][CH2][CH2][CH2][CH2][CH2][CH2][CH2][CH2][CH2][CH2][#6])N[#6]
insilico,1964,9557,Un9557,TRUE,,[CX4]([CX4])[NX3]([cH0]1[cX3][cX3]([cX3]([cH1][cX3]1)))
insilico,1965,9558,Un9558,TRUE,,O=[CH0]([CH1]([CH2][cH0]1:[cH1]:[cH1]:[cH1]:[cH1]:[cH1]1)N[CH0](=O)[#6])N
insilico,1966,9559,Un9559,TRUE,,[CH3][CH1]([CH1]([#6])[#8])[CH0](=O)O
insilico,1967,9560,Un9560,TRUE,,[CX4]([CX4]([CH3])[CH3])[OX2]
insilico,1968,9561,Un9561,TRUE,,[#17][cH0](:[cH0](:[#6])O[#6]):[cH1]:[#6]
insilico,1969,9563,Un9563,TRUE,,[CX4]([CX4]([cH0]1[cH1][cH1][cH1][cH1][cH1]1))[OH1]
insilico,1970,9568,Un9568,TRUE,,[CX4]([CX4]([OX2]))[OH0][CH0](=[OH0])[CH1]=[CH1][cX3](a)[cH1][cH1][cX3](a)
insilico,1971,9572,Un9572,TRUE,,[CX4][CH2][CH2][CH2][CX3][NH1][CX4]([CH2][CX4])
insilico,1972,9576,Un9576,TRUE,,[#6][CH1]=[CH1][CH2][CH1]=[CH1][CH1]=[#6]
insilico,1973,9577,Un9577,TRUE,,[CH3]O[CH0](=O)[cH0](:[#7]):[#6]
insilico,1974,9578,Un9578,TRUE,,[CX4]([CH3])[CX4]([CX4][NH2])
insilico,1975,9579,Un9579,TRUE,,O[CH1]1[CH1]([CH1]([CH1](O[CH1]([CH2][#6])[CH2][#6])O[CH1]1[CH2]O)O)O
insilico,1976,9580,Un9580,TRUE,,N[CH1]([CH2][cH0]1:[cH1]:[cH1]:[cH0](:[cH0]([#8]):[cH1]1)[#8])[#6]
insilico,1977,9582,Un9582,TRUE,,[cX3](a)([CX4])[cH1][nX2]a
insilico,1978,9589,Un9589,TRUE,,[#6]S[cH0]1:n:[cH0](:[#6]):[#6]:[#7]1
insilico,1979,9591,Un9591,TRUE,,[CX3](=[OH0])[CH2][CX4]([CH2][CX3](=[OH0]))
insilico,1980,9592,Un9592,TRUE,,[OX2][CX4][CX4][OH0][CH1]1[CH1]([CH1]([CH1]([CH1]([OH0]1)[CH2][OH1])[OH1])[OH1])[OH1]
insilico,1981,9594,Un9594,TRUE,,[NX3][CX4][CH0](=[OH0])[NH1][CH1]([CH2][CX4])[CX3][OH1]
insilico,1982,9595,Un9595,TRUE,,O=S([cH0]1:[cH1]:[cH1]:[cX3]:[cH1]:[cH1]1)(=O)N
insilico,1983,9596,Un9596,TRUE,,[cX3]1[cH1][cH1][cH1][cH0]([cH1]1)[CX4]([CX4][CX4])[OH1]
insilico,1984,9599,Un9599,TRUE,,[#6]:[cH0](:[#6])[CH2]N[cH0](:[#6]):[#7]
insilico,1985,9600,Un9600,TRUE,,[CH3][CH1]([CH3])[CH2][CH0](=[OH0])[OX2]
insilico,1986,9602,Un9602,TRUE,,[CH2]([CH2][CH0](=[OH0])[NH1][CX4][CH0](=[OH0])[NH1][CX4])[CX4]
insilico,1987,9603,Un9603,TRUE,,[CX4][NX3][cX3](a)[nH0][cX3]([nX2]a)
insilico,1988,9604,Un9604,TRUE,,O=[CH0]([CH1]([#6])N[CH0](=O)[CH1]([#6])O)[#8]
insilico,1989,9605,Un9605,TRUE,,[CX4]1[cH0]2[cH0]([CH2][CH2][NX3]1)[cX3](a)[cX3](a)[nH1]2
insilico,1990,9606,Un9606,TRUE,,[cX3](a)[cH0]([cX3]([cX3]([cX3]a)))[CX4]([FH0])[FH0]
insilico,1991,9607,Un9607,TRUE,,[OX2][CX4]([CX4][CX4]([CX4]([OH0][CX3])))
insilico,1992,9608,Un9608,TRUE,,[cX3](a)([cX3](a)[OH1])[CH0](=[OH0])[NX3]
insilico,1993,9609,Un9609,TRUE,,[cX3](a)([cX3]([cX3]([cX3](a)[OH1])))[CH1]=[OH0]
insilico,1994,9611,Un9611,TRUE,,Br[cH0]1:[cH1]:[cH1]:[cX3](:[cH1]:[cX3]1)
insilico,1995,9612,Un9612,TRUE,,[CX4][CH2][CX4]([CH0](=[CH1][CX3](=[OH0]))[CX4][CH3])
insilico,1996,9615,Un9615,TRUE,,[CH2]([CH2][SX2])[CX4][NH2]
insilico,1997,9619,Un9619,TRUE,,[cH1]1[cH1][cX3](a)[cX3](a)[cH1][cH0]1[OH1]
insilico,1998,9620,Un9620,TRUE,,[#7][cH0]1:n:[cH1]:n:[cH0](:[cX3]1)[#7]
insilico,1999,9621,Un9621,TRUE,,[CX4][cH0]([cH1][cX3](a))[cH0]([cX3]a)[CX4]
insilico,2000,9624,Un9624,TRUE,,[CX4][SH0][CX4][CX4]
insilico,2001,9625,Un9625,TRUE,,[cX3](a)[cH0]([cH1][cX3](a)[OH0][CH3])-[cX3]([nX2]a)a
insilico,2002,9626,Un9626,TRUE,,[cH1]([cX3](a))[cH0]([cX3](a)[ClH0])[SX4](=[OH0])
insilico,2003,9628,Un9628,TRUE,,[#6][CH1]([#8])[CH1]([cH0]1:[cH1]:[cH0](:[cH0](:[#6](:[cH1]1))[#8])[#8])[#8]
insilico,2004,9629,Un9629,TRUE,,[CX4][CX4][CX4][cH0]1[cX3]([cH1][cH0]([cH1][cH1]1)[ClH0])
insilico,2005,9630,Un9630,TRUE,,[CH2]([CX4])[CX4]([CH2][CX4])([CH0](=[OH0])[OH1])
insilico,2006,9631,Un9631,TRUE,,[NX3][CH1]([CH2][CH2][CH2][NH0]=[CX3]([NH2]))[CH0](=[OH0])[OX2]
insilico,2007,9636,Un9636,TRUE,,[CX3](=[OH0])[CX4]([CX4][NX3])
insilico,2008,9638,Un9638,TRUE,,N[cH0]1:n:[cH0](:[cH0](:[#6]):s1):[#6]
insilico,2009,9640,Un9640,TRUE,,O=[N+]([cH0]1:[cH1]:[cH1]:[cH0](:[cX3]:[cH1]1)[#7])[O-]
insilico,2010,9642,Un9642,TRUE,,[CX4][CH0]([CX4][CX3](=[OH0]))([CX4][CH3])[CH3]
insilico,2011,9643,Un9643,TRUE,,[CX3][cX3](a)[cH0]([cX3](a))-[cH0]1[cH1][cH1][cX3]([cH1][cH1]1)
insilico,2012,9644,Un9644,TRUE,,[CH3]O[cH0]1:[cH0](:[cH0]([#6]):[#6](:[#6]:[cH0]1O[#6]))O[#6]
insilico,2013,9645,Un9645,TRUE,,O[cH0]1:[cH1]:[cH1]:[#6](:[cH1]:[cH1]1)
insilico,2014,9646,Un9646,TRUE,,[CX4]([CH1]([CX3])[NH1][CX3][CX4]a)
insilico,2015,9647,Un9647,TRUE,,[CH3][CH1]([CX4])[CX4][OH0][CH0](=[OH0])[CH3]
insilico,2016,9648,Un9648,TRUE,,[cX3]1[cH0]([cH0]2[cH1][cH1][cH1][cH1][cH0]2[nH1]1)[CH2][CH2][NH1][CX3]
insilico,2017,9651,Un9651,TRUE,,[CH2]([CX4])[CH1]([CH2][CX4])[nX3](a)a
insilico,2018,9652,Un9652,TRUE,,[CH3][CH2][OH0][cH0]([cH1][cX3](a))[cH1][cX3]a
insilico,2019,9655,Un9655,TRUE,,[cX3]([cX3]a)[sH0][cX3](a)
insilico,2020,9656,Un9656,TRUE,,[CH3]O[cH0]1:[cH0](:[cH0](:[cH0]([#6]):[cH0](:[cH1]1)[#8])[#8])[#6]
insilico,2021,9658,Un9658,TRUE,,[CX4]([CX4])[CX4]([CH1]([CX4])[OH0][CX4][CH2][CX4])
insilico,2022,9659,Un9659,TRUE,,[cX3]1[cH1][cH1][cH0]([cH1][cH1]1)[CX3](=[OH0])
insilico,2023,9660,Un9660,TRUE,,[#8][cH0]1:[cH0](:[cH1]:[cH0]([#6]):[#6](:[#6]1))Br
insilico,2024,9661,Un9661,TRUE,,[CX4][CH1]([CX3][NX3])[NH1][CX4]
insilico,2025,9665,Un9665,TRUE,,[cX3](a)[cH0]([cX3](a)-[cH0]1[cH1][cX3]([cX3]([cH1][cH1]1)))[CH3]
insilico,2026,9666,Un9666,TRUE,,[CX4]([CH3])[CX4]([CX3](=[OH0]))[OH1]
insilico,2027,9667,Un9667,TRUE,,[CX3](a)(=[OH0])[NH1][cH0]([cX3]a)[cH1][cX3]([cX3]a)
insilico,2028,9668,Un9668,TRUE,,[cX3](a)[cH0]([cX3](a)[CH0](=[OH0])[OX2])[OH0][CH3]
insilico,2029,9669,Un9669,TRUE,,[NX3][cH0]1[cH1][cH1][cH0]([cH1][cH1]1)[OH0][CX4]([CX4])
insilico,2030,9670,Un9670,TRUE,,[CX4]([CH1]([CH0](=[OH0])[OH1])[NX3])[OH1]
insilico,2031,9671,Un9671,TRUE,,[cX3](a)[cH0]([cH1][cX3]a)[CX4][NH2]
insilico,2032,9673,Un9673,TRUE,,[#6][CH1]1[#6][CH2][CH1]([#6])N1
insilico,2033,9674,Un9674,TRUE,,[CX4]([OH0][CX3](=[OH0]))[cX3]([cX3]a)a
insilico,2034,9675,Un9675,TRUE,,O[CH1]1[CH1]([CH1]([CH1](O[cH0](:[cH0](:[cH1]:[#6])O[CH3]):[#6])O[CH1]1[CH2]O)O)O
insilico,2035,9676,Un9676,TRUE,,[CX4][CX4][CH1]([CX3](=[OH0]))[NX3]
insilico,2036,9678,Un9678,TRUE,,[CH3][OH0][cH0]1[cH0]([cH1][cX3]([cH1][cH1]1))[OH0][CH3]
insilico,2037,9679,Un9679,TRUE,,[CX4]([CX4]([CX4]))([CX4][OH0][PX4](=[OH0]))
insilico,2038,9680,Un9680,TRUE,,O=[CH0](O[CH2][CH0](=[CH1][#6])[#6])[#6]
insilico,2039,9681,Un9681,TRUE,,[CX4][CH0](=[OH0])[NH2]
insilico,2040,9682,Un9682,TRUE,,[cX3](a)([cH1][nH0][cX3](a)a)[CH0](=[OH0])[OH1]
insilico,2041,9684,Un9684,TRUE,,[CH3]O[cH0]1:[#6](:[#6]:[cH1]:[cH0](:[cH1]1)[CH0](=O)[#7])
insilico,2042,9685,Un9685,TRUE,,[CH2]([CX4]([CX4][CX4]))[CX4]
insilico,2043,9686,Un9686,TRUE,,[cX3]1[cH1][cH0]2[cH0]([cH1][cX3]1)[OH0][CH2][CH2][OH0]2
insilico,2044,9687,Un9687,TRUE,,[#8]=[CH0]([cH0]1:[cH1]:[cH1]:[cH0]([#8]):[cH1]:[cH1]1)[#8]
insilico,2045,9688,Un9688,TRUE,,[CX4]([OH0][CX4][OH0][CH1]1[CH1]([OH0][CX4]([CH1]([CH1]1[OH1])[OH1]))[CH2][OH1])[CH2][OH1]
insilico,2046,9689,Un9689,TRUE,,O[CH1]([CH1]([#6])O[CH0](=O)[cH0]1:[cH1]:[cH1]:[cH1]:[cH1]:[cH1]1)[#6]
insilico,2047,9690,Un9690,TRUE,,[CH3][CX4]([CX4]([CX4][CH2][CH1]([CH3])[CH3]))
insilico,2048,9691,Un9691,TRUE,,O=[CH0]1[CH2][CH1]([CH1]([#6])[CH1]1[#6])[#8]
insilico,2049,9692,Un9692,TRUE,,[CX4][OH0][cH0]([cX3]([cX3](a)a)a)[cH1][cX3]a
insilico,2050,9695,Un9695,TRUE,,F[cH0](:[cH0](:[#6])[CH2]N):[#6]
insilico,2051,9697,Un9697,TRUE,,O[CH2][CH2][CH2][CH2][CH2][CH2][CH2][CH2][CH2][CH2][CH2][#6]
insilico,2052,9698,Un9698,TRUE,,[CH2]([CX4])[NH0]([CH2][CX4])[CX4][CX3]=[OH0]
insilico,2053,9700,Un9700,TRUE,,O=[CH0]([CH1]1[CH2][CH2][CH2]N1[#6])N[CH2][#6]
insilico,2054,9702,Un9702,TRUE,,O[CH1]1[CH1]([CH1]([CH1](O[cH0](:[#6]):[cH1]:[cH0](O[#6]):[#6])O[CH1]1[CH2]O)O)O
insilico,2055,9704,Un9704,TRUE,,[CX4]([CH1]([CX4][CX3](=[OH0]))[OX2])
insilico,2056,9705,Un9705,TRUE,,[CH3][OH0][cH0]([cH0]([cX3]a)[CX4])[cH1][cX3]a
insilico,2057,9706,Un9706,TRUE,,[CH3]N([#6])[CH0](=[#8])[CH1]([#6])N[CH0](=O)[#6]
insilico,2058,9708,Un9708,TRUE,,[OX2][CX4][CX4]([CX4]([OX2])a)
insilico,2059,9711,Un9711,TRUE,,[CH3][cX3]([cH0]([cX3](a))[CH2][CX3](=[OH0]))a
insilico,2060,9713,Un9713,TRUE,,[CH3][OH0][cH0]1[cH1][cH1][cH1][cH1][cH0]1[CX4]
insilico,2061,9716,Un9716,TRUE,,O=[CH0]([CH1]([CH2][#16])[#7])N[#6]
insilico,2062,9720,Un9720,TRUE,,[CH3][cH0]1:[cH0](:[cH0]2:[cH0](:[#7]1):[cH1]:[cH1]:[cH0](:[cH1]2)O[#6])[CH2][#6]
insilico,2063,9722,Un9722,TRUE,,[CH2]([#6])N([#6])[cH0]1:[cH1]:[cH1]:[cH1]:[cH1]:[#6]1
insilico,2064,9723,Un9723,TRUE,,[NX3]([CX4][CX4]([CX4]([CH3])))[CH3]
insilico,2065,9724,Un9724,TRUE,,[#8]=[CH0](N[cH0](:[#6]):[#6])[CH1]=[CH1][#6]
insilico,2066,9726,Un9726,TRUE,,[CH3][CX4][NH1][CH3]
insilico,2067,9727,Un9727,TRUE,,[CX3][cX3](a)[cX3]([cH0]([cX3]a)[OH1])
insilico,2068,9728,Un9728,TRUE,,O=[CH0]([#6])[cH0]1:[cH1]:[#6](:[#6](:[cH1]:[cH0]1[#8]))
insilico,2069,9729,Un9729,TRUE,,[NX3][CH0]([NX3]([cX3](a)[nX2]a))=[OH0]
insilico,2070,9732,Un9732,TRUE,,[CX4][SX4](=[OH0])=[OH0]
insilico,2071,9734,Un9734,TRUE,,[cH1]1:[cH1]:[cH1]:[cH1]:[cH0](:[cH0]1[#7])[#7]
insilico,2072,9735,Un9735,TRUE,,[cH1]1[cH1][cX3](a)[cH0]([cX3]([nX3]a))[cH1][cX3]1
insilico,2073,9736,Un9736,TRUE,,[cX3](a)[cH0]([cX3]a)[OH0][CH1]1[CH1]([CH1]([CH1]([CH1]([OH0]1)[CH0](=[OH0])[OH1])[OH1])[OH1])[OH1]
insilico,2074,9737,Un9737,TRUE,,[CH3][CH1]([#6])O
insilico,2075,9738,Un9738,TRUE,,[cX3]([cX3](a)[CH1]=[OH0])[cX3]([cH1][cX3]a)
insilico,2076,9740,Un9740,TRUE,,O=[CH0]([CH1]([CH2][#6])N)N1[CH2][CH2][CH2][CH1]1[CH0](=O)[#7]
insilico,2077,9741,Un9741,TRUE,,[CX4][CH2][CX4]([CH2][CX4]([CX4][NH2]))
insilico,2078,9742,Un9742,TRUE,,O=[CH0](O[#6])[CH1]=[CH1][CH1]=[#6]
insilico,2079,9744,Un9744,TRUE,,O=S([cH0]1:[cH1]:[cH1]:[cH0]([#7]):[cH1]:[cH1]1)(=O)N
insilico,2080,9746,Un9746,TRUE,,[CX4]([CH3])[SH0][CX4]
insilico,2081,9747,Un9747,TRUE,,[CX4][CH2][CH1]([CX3])[NH1][CH0](=[OH0])[CX4]([CH2][CX4])
insilico,2082,9748,Un9748,TRUE,,[#8]=S(N([#6])[#6])(=O)[#6]
insilico,2083,9749,Un9749,TRUE,,[NX3]([CH2][CH2][NX3][cX3]([nX2]a)a)
insilico,2084,9750,Un9750,TRUE,,[CX4]([CX4]([CX4]([CX4][CX4]([NX3])))([CX4]))
insilico,2085,9754,Un9754,TRUE,,O[CH1]1[CH1]([CH1](n2:[cH1]:n:[cH0]3:[cH0]2:n:[cH1]:n:[cX3]3)O[CH1]1[CH2]O)O
insilico,2086,9755,Un9755,TRUE,,[#6]N[CH2][CH2][CH2][CH2][#7]
insilico,2087,9757,Un9757,TRUE,,O[CH1]([CH2]O[#6])[#6]
insilico,2088,9761,Un9761,TRUE,,[cH1]1:[cH1]:[cH1]:[cH1]:[#6]:[cH0]1[CH2][#6]
insilico,2089,9762,Un9762,TRUE,,[#6][CH1]([#6])N[CH2][#6]
insilico,2090,9763,Un9763,TRUE,,[CH3][CH1]([CH2][#6])O[#6]
insilico,2091,9764,Un9764,TRUE,,[#6][CH2][cH0](:[#7]):[#6]
insilico,2092,9765,Un9765,TRUE,,[cX3]([cX3](a)[CH0](=[OH0])[OH0][CH3])[cH0]([cX3]a)[OX2]
insilico,2093,9766,Un9766,TRUE,,[#8][cH0]1:[#6]:[cH0](:[cH0](:[cH0](:[cH0]1[#6])[#8])[#6])O
insilico,2094,9767,Un9767,TRUE,,[CH3][CX4]([CH1]([CX4][OH0][CH0](=[OH0])[CH3])[OH0][CH0](=[OH0])[CH3])
insilico,2095,9768,Un9768,TRUE,,O=[CH0]([CH2][CH2][CH2][CH2][CH2][CH2][CH2][CH2][CH2][CH2][CH2][CH2][CH2][#6])O[CH2][CH1]([CH2]OP(=O)(O)O[CH2][CH2]N)O
insilico,2096,9769,Un9769,TRUE,,[CX4]([CX4][CX4][cX3](a)[cX3]([cH1][cH1][cX3]a))[CH3]
insilico,2097,9770,Un9770,TRUE,,[cX3]([cH1][cX3]([cX3]([cH1][cH1][cX3]a)a))a
insilico,2098,9771,Un9771,TRUE,,[CX4]([CX3](=[OH0]))[NH2]
insilico,2099,9772,Un9772,TRUE,,[CX4][CH2][nH0]1[cX3]([cH0]([cX3](a)[cX3]1a)[CX3](=[OH0]))
insilico,2100,9775,Un9775,TRUE,,O[CH1]([#6])[CH1]([#8])[cH0](:[#6]):[#6]
insilico,2101,9778,Un9778,TRUE,,[CX4]([CX4]([CH1]([CH2][CX4])[OH1]))[CH3]
insilico,2102,9779,Un9779,TRUE,,[cX3]1[cX3]([cH1][cH1][cH0]([cH1]1)[CH2][CX4][CX4]([CH0]([OX2])=[OH0]))
insilico,2103,9780,Un9780,TRUE,,[CX4]([CX4][CH3])[OH0][CX4][OH0][CX4][CH3]
insilico,2104,9781,Un9781,TRUE,,[#6][CH1]([#6])N[cH0]1:[cH1]:[cH1]:[cH1]:[cH1]:[#6]1
insilico,2105,9782,Un9782,TRUE,,[CX4][CH2][NX3][cX3]([cX3]([cH1][cX3]([cX3]a)))a
insilico,2106,9783,Un9783,TRUE,,[#8][cH0]1:[cH1]:[cX3](:[cX3](:[cH1]:[cX3]1))
insilico,2107,9784,Un9784,TRUE,,[CX4][CH2][CH0](=[OH0])[NH1][CH2][CH2][CX4]
insilico,2108,9786,Un9786,TRUE,,[CH3][cH0]1[cH1][cX3](a)[cX3](a)[cH1][cH1]1
insilico,2109,9787,Un9787,TRUE,,O=[CH0]([CH1]([CH2][CH2][#6])N)O[#6]
insilico,2110,9789,Un9789,TRUE,,[cX3](a)[cX3](a)-[cH0]1[cH1][cH1][cH0]([cH1][cH1]1)[OX2]
insilico,2111,9790,Un9790,TRUE,,[CH3][CH0]([CH1]=[#6])([CH1]([#6])[#6])[CH0]([#6])=[#6]
insilico,2112,9791,Un9791,TRUE,,[CH3][CH0](=[CH1][CH2][cX3]([cX3]([cX3]([cX3]([cX3](a)))))a)[CH3]
insilico,2113,9792,Un9792,TRUE,,O[cH0]1:[cH1]:[cH0](:[cH0]2[#6]([#6]([CH1]([cH0](:[cH1]:[#6]):[#6])O[cH0]2:[cH1]1)))[#8]
insilico,2114,9793,Un9793,TRUE,,[#9][cH0]1:[cH1]:[cH1]:[cH0]([#6]):[cH1]:[cH1]1
insilico,2115,9794,Un9794,TRUE,,[#8][CH1]1[#6][#6][CH1]([#6])[CH2][CH1]1[#8]
insilico,2116,9795,Un9795,TRUE,,[CH3][CH2]O[cH0](:[cH0](:[#6])O[#6]):[#6]
insilico,2117,9796,Un9796,TRUE,,I[cH0](:[#6]):[cH1]:[#7]
insilico,2118,9797,Un9797,TRUE,,[CH3][CH0]([#7])([CH3])[CH3]
insilico,2119,9800,Un9800,TRUE,,O=[CH0]([#8])[CH1]([CH3])[CH3]
insilico,2120,9804,Un9804,TRUE,,[cX3](a)[cX3](a)a
insilico,2121,9806,Un9806,TRUE,,[CH3][CH0]1([CH1]2[CH2][CH2][CH0]([CH1]([CH0]2([CH2][CH2][CH1]1O)[CH3])[#6])([CH0]([#6])([CH2][CH2][#6])[CH3])[CH3])[CH3]
insilico,2122,9807,Un9807,TRUE,,[CX4][CH2][CH2][CH2][CX4]([CX4]([CX4][NX3]))
insilico,2123,9808,Un9808,TRUE,,[CX4][NX3]([cH0]1[cH0]([cH1][cX3]([cH1][cH1]1))[NX3])
insilico,2124,9810,Un9810,TRUE,,[cX3](a)[cX3]([cH0]([cX3]([cX3]a))[cX3](a)[cX3]a)
insilico,2125,9812,Un9812,TRUE,,[cX3](a)([cX3]([nX3](a)-[cH0]1[cH1][cH1][cH1][cH1][cH1]1)a)a
insilico,2126,9813,Un9813,TRUE,,[CX4][CX4]([CH1]([CX4]([CH3])[CX3](=[OH0]))[OX2])
insilico,2127,9817,Un9817,TRUE,,[#6][cH0]1:[cH0]([#6]):[cX3]:[cH0](:[cX3](:[cX3]1))O[CH3]
insilico,2128,9818,Un9818,TRUE,,[CX4][OH0][CX4][CX4]([CH3])[CX4]
insilico,2129,9820,Un9820,TRUE,,[CX4][CX4][OH0][CX4][cH0]1[cH1][cH1][cH1][cH1][cH1]1
insilico,2130,9821,Un9821,TRUE,,[CX3](=[OH0])[NH1][cX3]([nH0][cX3]a)a
insilico,2131,9822,Un9822,TRUE,,[#7][CH2][CH2]O[cH0](:[#6]):[#6]
insilico,2132,9823,Un9823,TRUE,,Br[cH0]1:[cH1]:[cH1]:[#6]:[#6]:[cH1]1
insilico,2133,9824,Un9824,TRUE,,[cX3]1[cH1][cH1][cH0]([cH1][cH1]1)[CX4]([cH0]([cX3]a)[cX3]a)[OH1]
insilico,2134,9825,Un9825,TRUE,,[cX3](a)[cX3]([cH1][cH0]([cX3]a)[OH0][CH1]1[CX4]([CX4]([CX4]([CH1]([OH0]1)[CX4]))))
insilico,2135,9827,Un9827,TRUE,,O[CH1]1[CH1]([CH1](O[CH1]2[CH1]([CH1]([CH1]([CH2]O[#6])O[CH1]2[#8])O)O)O[#6]([#6]1))O
insilico,2136,9829,Un9829,TRUE,,[nX3]([cX3](a))[cX3](a)[CX4]([FH0])[FH0]
insilico,2137,9830,Un9830,TRUE,,[CH3][OH0][cH0]1[cH1][cX3](a)[cX3](a)[cH1][cH1]1
insilico,2138,9831,Un9831,TRUE,,[#8]=[CH0](O[CH2][CH1]([#6])O[CH1]([#6])[#8])[CH3]
insilico,2139,9833,Un9833,TRUE,,[CX4]([CX4][OH0][CX3][cH0]1[cH1][cH1][cH1][cH1][cH1]1)[CX4][OH0][CX3](=[OH0])
insilico,2140,9837,Un9837,TRUE,,[CH3][CX4][NH1][CX4][CX3]
insilico,2141,9838,Un9838,TRUE,,[OX2][CX4]([CX4][cH0]1[cH1][cH1][cH0]([cH1][cH1]1)[OX2])
insilico,2142,9839,Un9839,TRUE,,[CH3][CX4][OH0][CX4][OH0][CH1]1[CH1]([CX4]([OH0][CX4]([CX4]1)))[OH1]
insilico,2143,9840,Un9840,TRUE,,[CX3](=[OH0])[CH1]([NX3])[CX4]([CX4](a))
insilico,2144,9841,Un9841,TRUE,,O=[CH0]([CH1]([CH2][CH2][#6])N[CH0](=O)[CH1]([#6])N)N[#6]
insilico,2145,9842,Un9842,TRUE,,[#6][CH2]N([CH2][#6])[CH2][cH0]1:[cH1]:[cH1]:[cH1]:[cH1]:[cH1]1
insilico,2146,9845,Un9845,TRUE,,[CX4]([CH3])([CX4]([CH0](=[OH0])[OH0][CX4]a))
insilico,2147,9846,Un9846,TRUE,,[OX2][CH2][CH1]([CX3])[NH2]
insilico,2148,9847,Un9847,TRUE,,[#6]:[cH0](:[#6])O[CH2][#6]
insilico,2149,9848,Un9848,TRUE,,[CH3][CX4]([CH1]1[CH2][CH2][CX4]([CX4]1[CH3])([CX3]))
insilico,2150,9849,Un9849,TRUE,,[#6]N[CH2][CH1]([CH2][#8])[#8]
insilico,2151,9851,Un9851,TRUE,,[#8][CH1]1[#6]([CH1]([CH1](O[CH0]([#6])([CH3])[#6])O[CH1]1[#6])[#8])
insilico,2152,9853,Un9853,TRUE,,[cX3]1[cH1][cX3]([cH0]([cH1][cH1]1)[CX4]([CX4](a)))
insilico,2153,9856,Un9856,TRUE,,[cX3](a)[cH0]([cX3]([cH1][cX3]a))[NX3+]
insilico,2154,9859,Un9859,TRUE,,[cX3]([cH0]([cH0]([cX3]a)[OH0][CH3])[CX3][NX3])a
insilico,2155,9860,Un9860,TRUE,,[CX4][cH0]1[cH1][cH1][cH0]([cH1][cH1]1)[CH0](=[OH0])[NX3]
insilico,2156,9861,Un9861,TRUE,,[#8][CH1]1[#6]([#6]([CH1]([CH1](O1)[#6])O[#6]))
insilico,2157,9862,Un9862,TRUE,,[#8][CH1]1[CH2][CH0](=[CH1][#6])[#6]([#6][CH2]1)
insilico,2158,9863,Un9863,TRUE,,[CX4]([CH1]([CH2][OH1])[NX3])[OH1]
insilico,2159,9864,Un9864,TRUE,,[NX3]([cX3]([cX3]a)a)[CX3]([NX3][CH3])
insilico,2160,9867,Un9867,TRUE,,[OX2][cH0]1[cH1][cH0]([cH1][cX3]([cH0]1[OX2]))[CX4]
insilico,2161,9868,Un9868,TRUE,,[#6][CH2]O[CH0](=[#8])[cH0]1:[cH1]:[cH1]:[cH1]:[#6]:[#6]1
insilico,2162,9869,Un9869,TRUE,,[NX3][CH1]([CX4])[CX4]([cX3]([cX3]a)a)
insilico,2163,9874,Un9874,TRUE,,[CX4]([CH2][CH2][CX3])[CH1]1[CH2][CX4]([CX4]([CX4]1[CH3]))
insilico,2164,9875,Un9875,TRUE,,O[CH1]([CH2][CH1]([#6])O)[#6]
insilico,2165,9876,Un9876,TRUE,,[CX4][NH1][CH2][cX3](a)[cH1][cH1][cX3]a
insilico,2166,9884,Un9884,TRUE,,[cX3]1[cH0]([cH1][cH0]([cH1][cH1]1)[CX4][CH2][CX3])[OX2]
insilico,2167,9885,Un9885,TRUE,,[CH3][#7]
insilico,2168,9886,Un9886,TRUE,,[NX3](a)[cH0]1[cX3]([cX3]([cX3]([cH1][cH1]1)))
insilico,2169,9887,Un9887,TRUE,,[CX4](a)[NX3]([CH2][CX4])
insilico,2170,9890,Un9890,TRUE,,[CX4]([CH2][cH0]1[cX3][nX3]([cH0]2[cH1][cH1][cH1][cH1][cH0]12))[CX4]([CX4])
insilico,2171,9891,Un9891,TRUE,,[cH1](:[#6]):[cH1]:[cH0](:[#6])N[#16]
insilico,2172,9894,Un9894,TRUE,,[CX4][CX4]([CH1]([CH3])[CH3])[OH1]
insilico,2173,9896,Un9896,TRUE,,[NX3][CH1]([CH2][CH1]([CH3])[CH3])[CH0](=[OH0])[NH1][CX4]([CX4]([CH3]))
insilico,2174,9898,Un9898,TRUE,,[CX4]([CH2][CX4][NX3])[CX3]
insilico,2175,9900,Un9900,TRUE,,[CX3]=[CH1][CH2][CX4]([CX4]([CH2][CH1]([CX4])[OH1]))
insilico,2176,9901,Un9901,TRUE,,[cX3]([cH1][cH1][cX3]([cX3](a)[nH0][cX3](a)[CX4])a)a
insilico,2177,9903,Un9903,TRUE,,O=[CH0]1[CH2][#6]([#6]([CH1](O1)[#6]))
insilico,2178,9909,Un9909,TRUE,,[CH2]([#6])[CH2][CH2][#7]
insilico,2179,9910,Un9910,TRUE,,[cX3](a)[cH1][cH1][cX3](a)[CX4]([CX3][NX3])([NX3])
insilico,2180,9911,Un9911,TRUE,,[cX3](a)([cH1][cX3](a)[OH0][CH3])[OH0][CH3]
insilico,2181,9914,Un9914,TRUE,,[#8][cH0]1:[cH1]:[cH0]2:[cH0](:[cH1]:[cH1]1):n:[cH1]:[cH0]2[CH2][#6]
insilico,2182,9919,Un9919,TRUE,,O=[CH0]([cH0]1:[cH1]:[cH0](:[cH0]([#8]):[cH1]:[cH1]1)O[CH3])[#6]
insilico,2183,9922,Un9922,TRUE,,[CX4]1([CX4][CH2][CH2][CH1]2[CH0]1([CH2][CH2][CX4]([CX4]2[CH3]))[CH3])[CH3]
insilico,2184,9924,Un9924,TRUE,,[CH3]O[CH0](=[#8])[cH0]1:[cH1]:[#6](:[#6](:[cH1]:[cH1]1))
insilico,2185,9925,Un9925,TRUE,,[cX3]1[cH0]([cH1][cX3]([cH1][cH0]1[OX2]))[OH1]
insilico,2186,9926,Un9926,TRUE,,[CX3](=[OH0])[CX4]([CX4])([CH1]([CX4])[CX3](=[CX3]))
insilico,2187,9927,Un9927,TRUE,,O=[CH0]([#7])N[cH0](:[cH1]:[cH0](:[#6])[#17]):[#6]
insilico,2188,9929,Un9929,TRUE,,[cH1]([cX3](a)-[cX3]([nX2]a)a)[cX3]([cX3]a)
insilico,2189,9931,Un9931,TRUE,,[#8]=[CH0]([cH0]1:[cH1]:[#6](:[#6]:[cH1]:[cH1]1))[CH2][#6]
insilico,2190,9932,Un9932,TRUE,,[cX3](a)[cX3]([cX3](a)[cH1][cX3](a)[OH1])a
insilico,2191,9935,Un9935,TRUE,,[CH3][CH1]([#6])[CH0]([#6])([#6])O
insilico,2192,9936,Un9936,TRUE,,[CX4][NH1][CH0](=[OH0])[CX4][OX2]
insilico,2193,9937,Un9937,TRUE,,[cX3](a)[cX3][cH0]([cX3]a)[OH0][CH2][CX4]([CX4]([CH3]))
insilico,2194,9939,Un9939,TRUE,,[CX4]([CH2][NX3][cH0]([cX3](a))[cH1][cX3](a)[ClH0])
insilico,2195,9940,Un9940,TRUE,,[cX3](a)[nH0]([nX2]a)[CH2][CX4]
insilico,2196,9941,Un9941,TRUE,,[NX3]([CH2][cX3](a)[cX3]([cH1][cH1][cX3]a))
insilico,2197,9942,Un9942,TRUE,,[CX4]([OX2])[CH0](=[OH0])[OH1]
insilico,2198,9943,Un9943,TRUE,,[SX4](=[OH0])[cH0]([cX3]([cX3]a))[cH1][cX3]a
insilico,2199,9946,Un9946,TRUE,,[CX4][CX4]([CX4][CH2][CX4]([CX4][CX3](=[CH1][CX3])))[CH3]
insilico,2200,9947,Un9947,TRUE,,[cX3](a)([cX3]([cX3](a)[nX3](a)[CX4]([CX4]))a)
insilico,2201,9948,Un9948,TRUE,,[CX3]=[CH0]([CX4]([CX4])[CH3])[CX4]
insilico,2202,9949,Un9949,TRUE,,[CH3][CH2][CH2][CH2][CH2][CX4]([CH2][CX4]([CH2][CX3]))
insilico,2203,9953,Un9953,TRUE,,[cX3](a)(a)[NH1][CX4]([CH3])([CH3])
insilico,2204,9955,Un9955,TRUE,,[OX2][CH0](=[OH0])[cX3]([cX3](a)[CH3])a
insilico,2205,9959,Un9959,TRUE,,[CX4]([CX4]([CX4]([CX4]([NX3][CH2][CX4]))))
insilico,2206,9960,Un9960,TRUE,,[#6][CH2][CH2][CH1]([CH2][#7])[#7]
insilico,2207,9961,Un9961,TRUE,,[CX3](=[CH1][CH2][CH2][CH2][CX3](=[OH0]))[CX4]
insilico,2208,9962,Un9962,TRUE,,[#8]=[CH0](N[cH0]1:[cH1]:[cH1]:[#6](:[#6]:[cH1]1))N[cH0](:[#6]):[#6]
insilico,2209,9964,Un9964,TRUE,,[CX4]([CH0](=[OH0])[OH1])[NH1][CH0](=[OH0])[CX4]
insilico,2210,9965,Un9965,TRUE,,[cX3]1[cH1][cH1][cH1][cH1][cX3]1
insilico,2211,9966,Un9966,TRUE,,[CX4]([CH3])[CX4]([CX3][OH0][CH2][CX4])
insilico,2212,9967,Un9967,TRUE,,[CH3][CH1](N[#6])[CH0](=O)N[CH1]([#6])[CH0](=O)[#8]
insilico,2213,9970,Un9970,TRUE,,[CX4]([CH2][CX3][NX3])([CH2][CX3]=[OH0])
insilico,2214,9973,Un9973,TRUE,,[#8][cH0]1:[cH1]:[cH0]([#8]):[cH1]:[cX3](:[cX3]1)
insilico,2215,9975,Un9975,TRUE,,O=[CH0]([CH2][CH2]N[#6])N[#6]
insilico,2216,9978,Un9978,TRUE,,[CH2]([#7])[CH2][cH0](:[#6]):[cH0](:[cH1]:[#6])[#6]
insilico,2217,9979,Un9979,TRUE,,[cX3](a)([cX3]a)[CX3][NH1][CX4][CX3][OH1]
insilico,2218,9980,Un9980,TRUE,,[#8][CH1]([#6])[cH0](:[cH1]:[cH0](:[#6])[#8]):[#6]
insilico,2219,9982,Un9982,TRUE,,O[CH1]1[CH1]([CH1]([CH1](O[CH2][#6])O[CH1]1[CH2]O[#6])O)O
insilico,2220,9983,Un9983,TRUE,,[cX3](a)[cX3]([cX3]([cX3]([cX3](a)[FH0])))
insilico,2221,9985,Un9985,TRUE,,[#8]=[CH0]([CH1]([#6])N[CH0](=[#8])[CH1]([CH2][CH2][#6])[#7])[#8]
insilico,2222,9986,Un9986,TRUE,,[CX4]1[CH1]([CH2][CX4]([OH0][CX4]1))[OH1]
insilico,2223,9988,Un9988,TRUE,,[CX4]([OH0][CX4][OH0][CH1]1[CH2][CH2][CX4]([CX4]([CH0]1([CH3])[CH3]))[CH3])[CH0](=[OH0])[OH1]
insilico,2224,9989,Un9989,TRUE,,[CH3]O[cH0](:[#6]):[cH0](:[cH0](:[#6])[#8])[#6]
insilico,2225,9992,Un9992,TRUE,,[CH3][CX4]([CX4]([CX4]([CH1]([CX4])[OH1])))
insilico,2226,9994,Un9994,TRUE,,O=[CH0]([CH0]([CH1]([CH0](=[#6])[#6])[#6])=[#6])O[CH3]
insilico,2227,9995,Un9995,TRUE,,[cX3](a)[cX3]([cH1][cH0]([nX2]a)[CX3])
insilico,2228,9998,Un9998,TRUE,,[CH3][CX4]([CX4])([cH0]1[cX3][cX3]([cH1][cH1][cH1]1))
insilico,2229,10003,Un10003,TRUE,,[CX4]([CH2][CX4]([CH1]([CX4][CH3])[OX2]))
insilico,2230,10004,Un10004,TRUE,,[CX4][CX4][CH2][cH0]1[cH1][cX3]([cH0]([cH1][cH1]1)[OH1])
insilico,2231,10005,Un10005,TRUE,,[#6][CH1]([#6])N([#6])[CH2][CH2][#7]
insilico,2232,10006,Un10006,TRUE,,Br[cH0](:[#6]):[cH1]:[#7]
insilico,2233,10007,Un10007,TRUE,,[cX3](a)[cX3]([cH0]([cH0]([cX3](a)[OH0][CH3])[OH0][CH3])[OH0][CH3])
insilico,2234,10008,Un10008,TRUE,,[CH3][CH2]N[cH0](:[cH1]:[cH1]:[#6]):[#6]
insilico,2235,10010,Un10010,TRUE,,[cX3](a)[nH0][cH0]([nX2]a)[CH3]
insilico,2236,10014,Un10014,TRUE,,[cX3](a)[nH0][cX3]([nX2]a)
insilico,2237,10015,Un10015,TRUE,,[CX4]1[CH2][NH0]([CX4][CX4]([CX4]1))[CX3]=[OH0]
insilico,2238,10016,Un10016,TRUE,,[CH3]O[CH0](=O)[CH1]([#6])N
insilico,2239,10017,Un10017,TRUE,,Cl[cH0]1:[cH1]:[cH1]:[cX3]:[cX3](:[cH1]1)
insilico,2240,10018,Un10018,TRUE,,[CH3][CH0]1([CH1]([#6])[#6]([CH1]([CH2][CH2]1)O[#6]))[#6]
insilico,2241,10019,Un10019,TRUE,,[nX2](a)[cH0]([nX2]a)[NH1][CX4][CX4]
insilico,2242,10021,Un10021,TRUE,,[cX3]1[cX3]([cH1][cH0]([cH0]([cX3]1)[CH2][CX4])[OH1])
insilico,2243,10022,Un10022,TRUE,,O=[CH0]([cH0](:[#6]):[#7])N
insilico,2244,10024,Un10024,TRUE,,[CX3](=[OH0])[CX4]([CH3])
insilico,2245,10027,Un10027,TRUE,,[NX3][CX4][CX4][NH1][CX3]
insilico,2246,10028,Un10028,TRUE,,[OX2][cH0]1[cH0]([cH0]([cX3]([cH0]([cH1]1)[CX4]([CX4]([CX4]))))[OH0][CH3])[OH0][CH3]
insilico,2247,10032,Un10032,TRUE,,[#6][CH1]([CH1]([#6])N[CH0](=O)[#6])O
insilico,2248,10034,Un10034,TRUE,,O[cH0](:[#6]):[cH0]1[CH0](=O)[CH2][CH1](O[cH0]1:[#6])[#6]
insilico,2249,10037,Un10037,TRUE,,[#8]=[CH0]([cH0](:[cH1]:[cH0](:[#6])[#8]):[#6])[#8]
insilico,2250,10038,Un10038,TRUE,,[CH3][CH2][NH0]([CH2][CH3])[CX3]
insilico,2251,10039,Un10039,TRUE,,[CX4]([CX4][CX3](=[OH0]))[CH0](=[OH0])[OH1]
insilico,2252,10041,Un10041,TRUE,,N[CH2][CH2][CH2][CH2][CH1]([CH0](=O)[#8])N[CH0](=O)[CH1]([#6])N
insilico,2253,10043,Un10043,TRUE,,O=[CH0]([cH0](:[cH1]:[#7]):[#6])O
insilico,2254,10044,Un10044,TRUE,,[CH3][OH0][cX3](a)[cH1][cX3](a)[CX4][NX3][CX4]
insilico,2255,10045,Un10045,TRUE,,[cX3](a)[cH0]1[cH0]([cH1][cX3]a)[OH0][CH2][OH0]1
insilico,2256,10050,Un10050,TRUE,,[CH3][CH2][CH2][CH2][CH2][CH2][CH2][CH2][CH2][CH2][CH2][CH2][CH2][CH2][CH2][CH2][CH2][CH0](=[#8])[#8]
insilico,2257,10051,Un10051,TRUE,,[cX3]([cH1][cX3](a)[CX4]([CH2][NH2]))a
insilico,2258,10052,Un10052,TRUE,,[CX4]([CH1]([CX4]([CH2][NX3]))[OH1])
insilico,2259,10054,Un10054,TRUE,,[SX2][CH2][CX4][NH1][CX3][CH2][CX4]
insilico,2260,10055,Un10055,TRUE,,O=[CH0]1O[CH2][#6]([#6]1)
insilico,2261,10056,Un10056,TRUE,,[CX4][cX3](a)[nX3]a
insilico,2262,10058,Un10058,TRUE,,N[CH2][cH0](:[cH0](:[#6])[#6]):[#6]
insilico,2263,10059,Un10059,TRUE,,[NX3][CH1]([CX4][CH2][CX3](=[OH0]))[CX3](=[OH0])
insilico,2264,10062,Un10062,TRUE,,[#8]=[CH0]([CH1](N[#6])[CH2][cH0]1:[#6]:[#7]:[cH0]2:[cH1]:[cH1]:[cH1]:[cH1]:[cH0]21)[#7]
insilico,2265,10065,Un10065,TRUE,,[CX4][CH2][CX4]([CX4][CH2][CH2][CX4]([CX4]([CX4]))[CH3])[CH3]
insilico,2266,10070,Un10070,TRUE,,[cX3]([cX3]([cX3]([cX3](a)[CX4])))a
insilico,2267,10071,Un10071,TRUE,,[CX3](=[OH0])[OH0][CH1]1[CH1]([OH0][CX4]([CX4]([CX4]1)))[CH3]
insilico,2268,10072,Un10072,TRUE,,[nX2](a)[cX3](a)-[cH0]([cX3]a)[cH1][cX3]([cX3](a))
insilico,2269,10073,Un10073,TRUE,,[CX3]=[CH1][CH0](=[OH0])[NH1][CX4]
insilico,2270,10074,Un10074,TRUE,,[CH3]O[cH0]1:[cH1]:[cH0](:[cH1]:[cH0](:[cH0]1[#6])[#6])[#8]
insilico,2271,10075,Un10075,TRUE,,[#6]1[CH2][cH0](:[cH0](:[#6])O[#6]1):[#6]
insilico,2272,10076,Un10076,TRUE,,[#6][CH1]1[#6](:[#6]([CH2][CH2]N1[#6]))
insilico,2273,10077,Un10077,TRUE,,S=[#15]
insilico,2274,10078,Un10078,TRUE,,[cX3]1[cH1][cH0]([cH1][cX3]([cX3]1))[CH0](=[OH0])[NX3]a
insilico,2275,10080,Un10080,TRUE,,[CX4]([NH1][CX4])([CH3])[CH3]
insilico,2276,10082,Un10082,TRUE,,[cH1]([cX3](a)-[cH0]([nX2]a)[oX2]a)[cX3]([cX3]a)
insilico,2277,10083,Un10083,TRUE,,[CH2]([CX4])[CX4]([CH0](=[OH0])[NH1][CH2][CX3](=[OH0]))
insilico,2278,10084,Un10084,TRUE,,n1:[cX3](:[cX3](:[cX3]:n:[cH1]1))
insilico,2279,10085,Un10085,TRUE,,[CX4][CX4][CX3][NX3]([CX3])
insilico,2280,10086,Un10086,TRUE,,O[CH1]([CH1]([#6])O)[CH1]([#8])O[CH2][#6]
insilico,2281,10087,Un10087,TRUE,,O=[CH0](O[#6])[CH0]([#6])([CH3])O
insilico,2282,10090,Un10090,TRUE,,[#6][CH0]([#6])([CH1]([CH0]([#6])([#6])[CH3])[#6])[CH3]
insilico,2283,10091,Un10091,TRUE,,[cX3]([cH0]([cX3]a)[NX3+](=[OH0]))[nX2]a
insilico,2284,10093,Un10093,TRUE,,[CX3][cX3](a)[cX3]([cX3]([cX3](a)))
insilico,2285,10096,Un10096,TRUE,,[#6]:[cH0]1N[#6]([CH2][CH2][cH0]1:[#6])
insilico,2286,10097,Un10097,TRUE,,[CH2]([CH2][NH1][CX4])[cX3]([cX3]a)a
insilico,2287,10099,Un10099,TRUE,,[CX3](a)(=[OH0])[OH0][cX3]([cH1][cH1][cX3]a)a
insilico,2288,10100,Un10100,TRUE,,c:c:[c;R1]-[c;R1]:c:c
insilico,2289,10101,Un10101,TRUE,,[CX4][CX4]([CX4]([CH2][CH2][CX4][OH1]))
insilico,2290,10103,Un10103,TRUE,,O=[CH0]1[CH1]([CH1]([#6])[#6]([#8]1))[#6]
insilico,2291,10105,Un10105,TRUE,,[cX3]([cH1][cH1][cX3](a)[cH0]([cH1][cX3]a)[CX3])a
insilico,2292,10109,Un10109,TRUE,,[CX4]([CH0](=[OH0])[NH1][CX4][CX3])[NH2]
insilico,2293,10111,Un10111,TRUE,,[NX3][CH1]([CX3](=[OH0]))[CH2][cH0]1[cH1][cH1][cH0]([cH1][cH1]1)[OH1]
insilico,2294,10112,Un10112,TRUE,,[CX4]([CH1]1[CH2][CH2][CX4]([CX4]([CX4]1[CH3]))[CH3])([CX3]=[OH0])[CH3]
insilico,2295,10116,Un10116,TRUE,,[CH3][CH0](=[CH1][CH2][cH0]1:[cH0](:[cH1]:[cH0](:[cH0](:[cH0]1[#8])[#6])[#8])[#8])[CH3]
insilico,2296,10117,Un10117,TRUE,,[CX4][CH2][CX3][NH1][cH0]1[cH1][cH1][cH1][cH1][cX3]1
insilico,2297,10118,Un10118,TRUE,,[#8]=[CH0]([#8])N[CH1]([CH2][#6])[#6]
insilico,2298,10119,Un10119,TRUE,,O=[CH0]([cH0](:[#6]):[cH1]:[#6])NN
insilico,2299,10120,Un10120,TRUE,,[CX4][CH2][NX3]([CH2][CX4])
insilico,2300,10122,Un10122,TRUE,,[CX3][cH0]1[cH1][cX3]([cH0]([cH0]([cH1]1)[OH1])[OH1])
insilico,2301,10123,Un10123,TRUE,,[cX3]1[cX3]([cH1][cH0]([cH1][cH1]1)[CX3][NH2])
insilico,2302,10124,Un10124,TRUE,,[CX4]([CX4]([CX4]([CX4]([CX4][nX3](a)a))))
insilico,2303,10128,Un10128,TRUE,,[CX4]([CH3])[CX4]([CH0](=[OH0])[OX2])
insilico,2304,10130,Un10130,TRUE,,[#17][cH0]1:[cH1]:[cH1]:[cH0](:[cH0]([#7]):[cH1]1)[#7]
insilico,2305,10132,Un10132,TRUE,,[cX3](a)[cH1][cH1][cH0]([cX3]a)[CX4]([CX4][NX3])
insilico,2306,10133,Un10133,TRUE,,[NX3]1[CH2][CH2][CH1]([CH2][CH2]1)[CH0](=[OH0])[OH1]
insilico,2307,10135,Un10135,TRUE,,[CX4][CX4]1([CX4][NH0]([CX3])[cH0]2[cH1][cH1][cH1][cH1][cH0]21)
insilico,2308,10138,Un10138,TRUE,,[CX4]([CX3][NX3][CH3])[CH1]([CH3])[CH3]
insilico,2309,10139,Un10139,TRUE,,[CH3][CH1]([CH2][#6])[CH1]1[CH2][CH2][CH1]2[CH0]1([CH2][CH2][#6]([#6]2))[CH3]
insilico,2310,10141,Un10141,TRUE,,[nX3](a)([cH1][nX2]a)[CH1]1[CH1]([CH1]([CH1]([OH0]1)[CX4])[OH1])[OH1]
insilico,2311,10142,Un10142,TRUE,,[CH3][CH1]([CH3])[CH2][CH1]([CH0](=O)N[CH1]([#6])[CH0](=O)[#7])N
insilico,2312,10143,Un10143,TRUE,,[CH3][OH0][cH0]1[cH0]([cH1][cH0]([cH1][cH1]1)-[cX3]([cX3]([cX3]a))a)[OH0][CH3]
insilico,2313,10145,Un10145,TRUE,,[CX4][OH0][CX4][OH0][CH1]([CX4]([CX4]))[CX4]([CX3])
insilico,2314,10149,Un10149,TRUE,,[#16][cH0]1:[cH1]:[cH1]:[cH1]:[cX3](:[cX3]1)
insilico,2315,10150,Un10150,TRUE,,O[CH1]1[CH2][CH2][#6]([#6][CH2]1)
insilico,2316,10151,Un10151,TRUE,,[CH3][cH0](:[#6]):[cH1]:[#7]
insilico,2317,10153,Un10153,TRUE,,[CX4]([CX4]([CX4]([CX4][NH1][CX3](=[OH0]))))
insilico,2318,10154,Un10154,TRUE,,[CH3][CH0]([CH3])([CH1]=[CH2])[#6]
insilico,2319,10155,Un10155,TRUE,,[NX3][CH2][cH0]([cX3][cX3]a)[cH1][cX3]a
insilico,2320,10156,Un10156,TRUE,,[NX3][CX4]([CH0](=[OH0])[NH1][CX4][CX4]a)
insilico,2321,10157,Un10157,TRUE,,O=[CH0]([CH0]([#6])([#6])O)[#6]
insilico,2322,10159,Un10159,TRUE,,[CX4]1([CX4]([CX4]([CH1]([CH1]([CH1]1[OX2])[OX2])[OX2])))
insilico,2323,10160,Un10160,TRUE,,O=[N+]([cH0]1:[cH1]:[cH1]:[#6]:[cH1]:[cH1]1)[O-]
insilico,2324,10161,Un10161,TRUE,,[#7][cH0]1:n:[cX3](:n:[cX3](:[cH1]1))
insilico,2325,10163,Un10163,TRUE,,[#6][CH2][CH2][CH2][CH2][CH2][CH2][CH2][CH1]=[CH1][CH2][CH2][CH2][#6]
insilico,2326,10164,Un10164,TRUE,,[CH3][CH0](=[#8])N[CH1]([CH2][#6])[#6]
insilico,2327,10165,Un10165,TRUE,,[CX4]([CX4]([CH3])[CH3])[NH2]
insilico,2328,10167,Un10167,TRUE,,[CX4][OH0][CX4][CX4]([CX4][NX3])
insilico,2329,10169,Un10169,TRUE,,[CX4][cX3](a)[sH0][cX3]a
insilico,2330,10171,Un10171,TRUE,,[CX4]([CX3][NH1][CH1]([CX4]a)[CH0](=[OH0])[OH1])[NH2]
insilico,2331,10172,Un10172,TRUE,,[CX4]([CX4][CH2][CX4])[CX4]([CH1]=[CX3])[CH3]
insilico,2332,10174,Un10174,TRUE,,[CX4](a)([CH2][cH0]([cX3]([cX3]a))[cH1][cX3]a)
insilico,2333,10175,Un10175,TRUE,,[CH3][cH0](:[#6]):[cH0](:[#6])Cl
insilico,2334,10179,Un10179,TRUE,,[CH3][CH2][NH0]([CH2][CH3])[CH2][CX4]
insilico,2335,10180,Un10180,TRUE,,[cX3]1[cH0]([CX4]([CH2][CX4]))[nH1][cH0]2[cH1][cH1][cH1][cH1][cH0]12
insilico,2336,10181,Un10181,TRUE,,[#17][cH0]1:[cH1]:[cH1]:[cH0]([CH2][#7]):[cH1]:[cH1]1
insilico,2337,10183,Un10183,TRUE,,[#6][CH2][cH0]1:[cH1]:[cH0]2:[cH0](:[#6]:[#6]1)O[CH2][#8]2
insilico,2338,10185,Un10185,TRUE,,[NX3][CH2][CH0](=[OH0])[NH1][CX4][CH0](=[OH0])[OH1]
insilico,2339,10187,Un10187,TRUE,,[CX4][CH2][nX3](a)[cH1][nX2]a
insilico,2340,10189,Un10189,TRUE,,[CX4][CH0]([CX4][OH1])([CH3])[CH2][OH1]
insilico,2341,10191,Un10191,TRUE,,[CH3][CH1]([CH2][CH2][CX3](=[OH0]))[CH1]([CX4])[CX4]([CX4])[CH3]
insilico,2342,10194,Un10194,TRUE,,[cX3]1[cH0]([cX3]([cX3]([cH0]([cH1]1)[CX4]([CX4]([CX4])))))[OH0][CH3]
insilico,2343,10196,Un10196,TRUE,,[#8]=[CH0](N([#6])[#6])[cH0](:[cH1]:[#6]):[#6]
insilico,2344,10198,Un10198,TRUE,,O[CH1]1[CH1]([CH1]([#8])[CH1](O[CH1]1[CH2]O[CH0](=[#8])[CH2][#6])[#8])O
insilico,2345,10199,Un10199,TRUE,,[NX3][CX4]([CX4][ClH0])
insilico,2346,10202,Un10202,TRUE,,[CX4][CH2][CX4]([CH0](=[OH0])[NH1][CX4]([CH2][OH1]))
insilico,2347,10204,Un10204,TRUE,,[CX4][CH1]([NX3]([CX4]))[CX3]
insilico,2348,10205,Un10205,TRUE,,[CX4]([CX4]([CH1]([CX4])[OH0][CH1]1[CH1]([CH1]([CH1]([CH1]([OH0]1)[CX3](=[OH0]))[OH1])[OH1])[OH1]))
insilico,2349,10206,Un10206,TRUE,,[cX3](a)[cH0]([cX3]([cH0]([cX3]a)[OH0][CH3]))[OX2]
insilico,2350,10207,Un10207,TRUE,,[CH1](=[#6])[CH1]=[#6]
insilico,2351,10212,Un10212,TRUE,,[cX3](a)[cX3](a)[CH0](=[OH0])[NH1][CX4]([CH2][CX4])
insilico,2352,10213,Un10213,TRUE,,[CX4][CH2][CH2][NX3][CH2][CH2][OX2]
insilico,2353,10214,Un10214,TRUE,,[OX2][CH2][CX3][CX4][CX4]([CH2][CX4])
insilico,2354,10215,Un10215,TRUE,,[cH1]([cH1][cX3]([cX3]([cH1][cX3]a)a)a)[cX3](a)[OH1]
insilico,2355,10216,Un10216,TRUE,,[CH3][CX4]([CH3])([CX4][OH0][CX3](=[OH0]))
insilico,2356,10217,Un10217,TRUE,,[CH3][CH0]([CH1]([CH1]([#6])O)O)([#6])O
insilico,2357,10218,Un10218,TRUE,,[CX4]([CX4][CX4][CX4])[cH0]1[cX3][cH1][cH0]([cH1][cH1]1)[OH1]
insilico,2358,10219,Un10219,TRUE,,[#8][cH0]1:[cH1]:[cH1]:[cH1]:[cH1]:[cX3]1
insilico,2359,10221,Un10221,TRUE,,[#8][CH1]([CH2][cH0]1:[cH1]:[#6](:[#6]:[cH1]:[cH1]1))[#6]
insilico,2360,10223,Un10223,TRUE,,[CX4]([OH0][cH0]1[cX3][cH0]([cX3][cX3][cX3]1)[OH1])[CH3]
insilico,2361,10224,Un10224,TRUE,,[CX4]([CH1]([CX4])[NX3][CH3])[OH1]
insilico,2362,10226,Un10226,TRUE,,[cX3]1[cH1][cH0]([cH1][cX3]([cH0]1[CX3]))[OX2]
insilico,2363,10228,Un10228,TRUE,,[cX3]([cH1][cX3](a)[OX2])[cH1][cX3]a
insilico,2364,10236,Un10236,TRUE,,[#7]:[cH0](:n:[#7])S[#6]
insilico,2365,10238,Un10238,TRUE,,N#[CH0][CH0](=[CH0]([#8])N)[CH1]([cH0](:[cH1]:[#6]):[cH1]:[#6])[#6]
insilico,2366,10240,Un10240,TRUE,,[CX4][CX4]([CX4])([CX4][OH0][CH3])
insilico,2367,10243,Un10243,TRUE,,[FH0]
insilico,2368,10245,Un10245,TRUE,,[NX3]([CX4])[CH0](=[OH0])[CH1]([CX4]a)[NH2]
insilico,2369,10246,Un10246,TRUE,,[CX4][CX4][cH0]1[cH1][cX3]([cX3]([cX3]([cH1]1)))
insilico,2370,10248,Un10248,TRUE,,N#[CH0][cH0](:[#7]):[#6]
insilico,2371,10250,Un10250,TRUE,,[CX4][CH0](=[OH0])[OH1]
insilico,2372,10253,Un10253,TRUE,,[#6][CH1]([CH3])[CH2][CH1]([#6])[#6]
insilico,2373,10254,Un10254,TRUE,,[SX1]
insilico,2374,10257,Un10257,TRUE,,O=[CH0]([CH0]([CH2][#6])([#6])[CH1]([#6])[#6])O
insilico,2375,10258,Un10258,TRUE,,[CX4]1[CH2][CH1]2[CX4][CH1]([CX4]([CX3]=[CX3])[CH3])[CX4]([CH2][CH0]2([CX4]1[CX3](=[OH0]))[CH3])
insilico,2376,10260,Un10260,TRUE,,[NX3][CH2][CX4]([cX3](a)[cH1][cH1][cX3](a))
insilico,2377,10261,Un10261,TRUE,,[CH2]1[CH2][#6]([#6][CH0]2[CH1]1[#6]([#6]([CH2][CH1]2)))
insilico,2378,10262,Un10262,TRUE,,O[CH1]([CH1](O[CH1]([#6])[CH1]([#8])[#6])[#8])[#6]
insilico,2379,10265,Un10265,TRUE,,[CX4][CX3][CX4]([CH0]1([CH1]([CX4])[CX4]([CX4]([CX4]([CH2]1))))[CH3])
insilico,2380,10268,Un10268,TRUE,,[CX4]([CH1]([CX4][OH1])[CX4])[CX4]([CH3])
insilico,2381,10269,Un10269,TRUE,,[CX4]([OH0][cX3](a)[cX3](a))[cX3]([cH1][cH0]([cX3](a)[OH1])[OH1])a
insilico,2382,10271,Un10271,TRUE,,[CX4][CX4]([cH0]1[cH1][cH0]([cH0]([cH1][cX3]1)[OH0][CH3])[OH0][CH3])
insilico,2383,10274,Un10274,TRUE,,[CH3][OH0][cH0]1[cH1][cH1][cH0]([cH1][cH1]1)[CH1]=[CX3][CX3]
insilico,2384,10276,Un10276,TRUE,,[cH1]1[cH1][cX3]([cX3]([cX3]([cH0]1[CX4]([FH0])([FH0]))))
insilico,2385,10277,Un10277,TRUE,,[cX3](a)[cH1][cH1][oX2]a
insilico,2386,10278,Un10278,TRUE,,[NX3][cX3](a)[cX3]([nH0][cX3]a)
insilico,2387,10279,Un10279,TRUE,,O[CH2][cH0](:[cH1]:[#6]):[#8]
insilico,2388,10283,Un10283,TRUE,,O[CH1]([CH2]N([#6])[#6])[#6]
insilico,2389,10284,Un10284,TRUE,,[cX3]([cX3]a)[cX3](a)-[cH0]1[cH1][cX3]([cH0]([cH1][cH1]1)[OH1])
insilico,2390,10285,Un10285,TRUE,,s1:[cH1]:[cX3]:n:[cX3]1
insilico,2391,10286,Un10286,TRUE,,O[cH0](:[cH0](:[#6])[CH2]N([#6])[#6]):[#6]
insilico,2392,10287,Un10287,TRUE,,[#6]:[cH0](:[cH1]:[#6])[CH2]n(:[#6]):[#7]
insilico,2393,10293,Un10293,TRUE,,[nX2](a)[cX3]([nH0][cX3](a)[ClH0])
insilico,2394,10295,Un10295,TRUE,,[#6][CH1]([CH0](=[#8])N[CH1]([CH2][cH0]1:[cH1]:[#7]:[cH0]2:[cH1]:[cH1]:[cH1]:[cH1]:[cH0]21)[#6])[#7]
insilico,2395,10297,Un10297,TRUE,,[cX3]1[cX3]([cH0]([cX3]([cH0]([cH1]1)[CX4]([CX4]([CX4]))))[OH0][CH3])
insilico,2396,10298,Un10298,TRUE,,N[CH1]([#6])[CH2][cH0](:[#6]):[#6]
insilico,2397,10299,Un10299,TRUE,,[CH3][CH2][CH1]([CX4]([CX4]))[OX2]
insilico,2398,10300,Un10300,TRUE,,[CH2]([CH2][CH2][CX4][NH1][CX3])[CX4]
insilico,2399,10301,Un10301,TRUE,,[OX2][CX4]([CX4][cX3]([cH1][cH1][cX3](a)[OH1])a)
insilico,2400,10304,Un10304,TRUE,,[cX3]1[cX3]([cH0]([cH1][cH1][cH1]1)[CX3](=[OH0]))
insilico,2401,10307,Un10307,TRUE,,[cH1]([cX3](a)[CH0]([FH0])([FH0])[FH0])[cX3]([cX3](a)[NX3])
insilico,2402,10309,Un10309,TRUE,,[CH3][cX3]([cX3]([cH1][cX3]([cX3](a)[CX4])))a
insilico,2403,10310,Un10310,TRUE,,[CX4][NH1][SH0]([cX3]([cX3]a)a)(=[OH0])=[OH0]
insilico,2404,10311,Un10311,TRUE,,[CX4]([CX3])[NH1][CH0](=[OH0])[cH0]1[cH1][cH1][cX3]([cH1][cH1]1)
insilico,2405,10313,Un10313,TRUE,,[CX4]([cH0]1[cH0]([CH2][CX4])[cX3]([cH0]([cH0]([cX3]1)[OH0][CH3])[OH0][CH3]))
insilico,2406,10315,Un10315,TRUE,,O[CH1]([#6])[CH1]([#6])[CH1]=[#6]
insilico,2407,10316,Un10316,TRUE,,[CX4]([CH3])[CX4]([CX4]([CX3](=[OH0])))
insilico,2408,10318,Un10318,TRUE,,[CX4][OH0][CX4]([cX3](a)[cX3](a))
insilico,2409,10319,Un10319,TRUE,,[cX3](a)([cH0]([cX3]([cX3](a)))[FH0])[NX3]
insilico,2410,10323,Un10323,TRUE,,[CH2]([CX4])[SX2]
insilico,2411,10327,Un10327,TRUE,,[#6][CH0](=O)N[CH1]1[CH1]([CH1]([CH1](O[CH1]1O[CH1]([#6])[#6])[CH2][#8])O)O
insilico,2412,10328,Un10328,TRUE,,[CX4][CX4]([CH1]([CX4]([CX4]))[CH3])[NX3]
insilico,2413,10329,Un10329,TRUE,,[CX4]([CX4][OH1])[OH0][PH0](=[OH0])([OX2])[OH1]
insilico,2414,10330,Un10330,TRUE,,O=[CH0]([#6])N[CH1]([CH0](=O)[#7])[CH2][CH0](=O)O
insilico,2415,10331,Un10331,TRUE,,[CH3]O[cH0]1:[cH0](:[cH1]:[cH0](:[#6](:[cH1]1))O[#6])O[CH3]
insilico,2416,10333,Un10333,TRUE,,[OX2][cX3](a)[cH0]([cX3]([cX3]([cX3]a)))[OX2]
insilico,2417,10335,Un10335,TRUE,,[CX4]([CH2][CH2][CX4])[NH2]
insilico,2418,10337,Un10337,TRUE,,[CX3](=[OH0])[NH1][CX4]([CH2][cX3](a)[cH0]1[cX3](a)[cH1][cH1][cX3]([cH1]1))
insilico,2419,10340,Un10340,TRUE,,O[CH1]1[CH1]([CH1]([#8])[CH1](O[CH1]1[CH2]O)O[CH2][CH2][#6])O
insilico,2420,10343,Un10343,TRUE,,[CX4][cH0]1[cH0]([CX4])[cX3]([cH0]([cH1][cH1]1)[OX2])
insilico,2421,10345,Un10345,TRUE,,[CX4][NH1][CX4][CX4][cH0]1[cH1][cH1][cH1][cH1][cX3]1
insilico,2422,10346,Un10346,TRUE,,[cX3]1[cH0]([cH1][cH1][cH0]([cH1]1)[CX4])[OH0][CH1]1[CX4]([CH1]([CH1]([CH1]([OH0]1)[CX4])[OH1])[OH1])
insilico,2423,10347,Un10347,TRUE,,[CX4]([CH0](=[OH0])[NH1][CH2][CX3](=[OH0]))[NH2]
insilico,2424,10348,Un10348,TRUE,,[CX4][cH0]1[cH0]([OX2])[cX3]([cH0]([cH1][cH0]1[OH1])[OX2])
insilico,2425,10349,Un10349,TRUE,,[CX4][CH2][CH2][NH0]([CH2][CX4])[CX4]([CX4])[CX4]
insilico,2426,10354,Un10354,TRUE,,[CX4]([CX4])[CH1]([cH0]1[cH1][cH1][cX3]([cH1][cH1]1))[OH1]
insilico,2427,10355,Un10355,TRUE,,[cX3]([cH1][cX3]([cH0]([cX3](a))[CH2][CX3][NX3]))a
insilico,2428,10356,Un10356,TRUE,,[CX4]([CH2][CH2][CX4][NX3][CH3])
insilico,2429,10357,Un10357,TRUE,,[cX3]1[cX3]([cX3]([cH0]([cH0]([cX3]1)[OH1])[OH0][CH3]))
insilico,2430,10359,Un10359,TRUE,,[CX4][CX4]([CH2][OX2])[NX3]
insilico,2431,10360,Un10360,TRUE,,[CX4][CH2][NH0]([CH2][CX4])[CH2][CX4][OH1]
insilico,2432,10361,Un10361,TRUE,,Cl[cH0](:[cH0](:[cH0]([#6]):[#6])[#6]):[#6]
insilico,2433,10364,Un10364,TRUE,,[CX4]([CX4]([CX4][OH0][CH0](=[OH0])[CH3]))[CX3]
insilico,2434,10367,Un10367,TRUE,,[OX2][cH0]1[cH0]([cH1][cH1][cH0]([cH1]1)[CX4]([CX4]([CX4])))[OH1]
insilico,2435,10369,Un10369,TRUE,,[CX4]([CH1]([CX4])[NH0]([CH3])[CH3])
insilico,2436,10371,Un10371,TRUE,,[CX4]1[CH2][CX4]([CX4]([OH0]1)([CX4]))
insilico,2437,10375,Un10375,TRUE,,[cX3]([nX2]a)(a)[CX4]([FH0])[FH0]
insilico,2438,10376,Un10376,TRUE,,[CX3](=[OH0])[CH2][OX2]
insilico,2439,10377,Un10377,TRUE,,[#8]=[CH0]([cH0]1:[cH1]:[#6](:[#6]:[cH1]:[cH1]1))[#8]
insilico,2440,10378,Un10378,TRUE,,[CX3](=[OH0])[CX4]([OH0][CX3]=[OH0])[CH3]
insilico,2441,10380,Un10380,TRUE,,O=[CH0](N[#6])[CH1]([CH2][#6])N[CH0](=O)[CH1]([CH2][CH2][CH2]N=[#6])N
insilico,2442,10383,Un10383,TRUE,,[CH1]1[CH2][CH1]([#6]([#6]1))[#6]
insilico,2443,10384,Un10384,TRUE,,O[CH1]1[CH1]([#6])[#6]([#6]([CH2]1))
insilico,2444,10386,Un10386,TRUE,,O[CH1]1[CH1](O[CH1]([CH1]([CH1]1[#8])O)[CH2]O[#6])O[CH0](=O)[#6]
insilico,2445,10387,Un10387,TRUE,,[CX4]([cX3](a)[cX3]([cH0]([cX3]a)[ClH0]))
insilico,2446,10389,Un10389,TRUE,,O=[CH0](N([CH2][#6])[CH2][#6])[#7]
insilico,2447,10390,Un10390,TRUE,,O=[CH0]([CH1]([#6])N[#6])N[CH2][#6]
insilico,2448,10392,Un10392,TRUE,,[CH3]O[cH0](:[cH1]:[cH0]([CH2][CH2][#7]):[#6]):[#6]
insilico,2449,10393,Un10393,TRUE,,O=[CH0]([CH1]([#6])N[#6])N[CH2][CH0](=O)O
insilico,2450,10394,Un10394,TRUE,,[cH1]1[cH1][cH1][cX3]([cH0]([cH1]1)-[cH0]([nX2]a)[nX2]a)
insilico,2451,10396,Un10396,TRUE,,[cH1]1[cX3]([cH1][cX3]([cX3]([cH0]1[IH0])))
insilico,2452,10397,Un10397,TRUE,,[CX4][CX3][NH1][CX4]([CH2][cH0]1[cH1][cH1][cH1][cH1][cH1]1)
insilico,2453,10398,Un10398,TRUE,,[cX3]([cH1][cX3](a)[CX4])[cX3](a)[OH0][CH3]
insilico,2454,10400,Un10400,TRUE,,O[CH1]1[CH1]([#6])O[cH0]2:[cH1]:[cH0](:[cH1]:[#6](:[cH0]2[#6]1))[#8]
insilico,2455,10401,Un10401,TRUE,,[cX3](a)([nH0][cX3]([cX3](a)a))
insilico,2456,10403,Un10403,TRUE,,O[CH2][CH1]([#6])[#6]
insilico,2457,10404,Un10404,TRUE,,[CX3](=[OH0])[OH0][CH2][CH1]([CX4])[OX2]
insilico,2458,10405,Un10405,TRUE,,[#8]=[CH0](N([#6])[cH0]1:[cH1]:[cH1]:[#6](:[#6]:[cH1]1))[CH2][#6]
insilico,2459,10406,Un10406,TRUE,,[CX4]([CH2][CH0](=[OH0])[NX3])[CX3](=[OH0])
insilico,2460,10407,Un10407,TRUE,,[CX4]([CH2][CH1]([CH2][CX3](=[OH0]))[OH1])
insilico,2461,10411,Un10411,TRUE,,[CH3]O[cH0]1:[#6]:[#6](:[cH0](:[cH1]:[cH1]1)N[CH0](=O)[#6])
insilico,2462,10412,Un10412,TRUE,,[#35][cH0]1:[cH1]:[cH1]:[cH0](:[cH0]([#6]):[cH1]1)[#7]
insilico,2463,10414,Un10414,TRUE,,[cX3]([cH1][cH1][cX3](a)[NH1][CH0](=[OH0])[CH3])a
insilico,2464,10415,Un10415,TRUE,,[NX3][CH2][CX4][CH2][CH2][CX4][CX3](=[OH0])
insilico,2465,10416,Un10416,TRUE,,[CH3][CH0](=[OH0])[NX3]([CH2][CH2][CX4])
insilico,2466,10417,Un10417,TRUE,,[cX3]1[cX3]([cX3]([cH0]([cX3]([cH0]1[OH1]))[OH1]))
insilico,2467,10419,Un10419,TRUE,,O[cH0]1:[#6](:[#6]:[cH1]:[cH0](:[cH0]1[#6])O)
insilico,2468,10420,Un10420,TRUE,,[CX4][CH2][CH2][CH2][CH2][CX4]([CH1]([CX4])[NX3])
insilico,2469,10422,Un10422,TRUE,,[CX4][CX4]([CX4][OH0][CX3][cH0]([cX3]a)[cH1][cX3]a)
insilico,2470,10423,Un10423,TRUE,,[PX4]([OH1])[OH1]
insilico,2471,10425,Un10425,TRUE,,[cX3]1[cH1][cH0]([cH1][cH0]([cH0]1[OH0][CH3])[OH0][CH3])[CX4]([CX4]([CX4]))
insilico,2472,10426,Un10426,TRUE,,[#8][cH0](:[cH1]:[#6]):[cH0](:[#6])[CH2][#6]
insilico,2473,10427,Un10427,TRUE,,O[CH1]1[CH1]([CH1]([CH1]([CH3])O[CH1]1O[CH1]1[CH1]([CH1]([CH2]O[#6]1)O)O)O)O
insilico,2474,10433,Un10433,TRUE,,n1:[cH1]:[cH0](:[cH0](:[cH0]1[#6])[#6])[CH2][#6]
insilico,2475,10435,Un10435,TRUE,,[cH1]1:[cH1]:[cH1]:[cH1]:[cH1]:[cH0]1[CH2][CH2]N[#6]
insilico,2476,10437,Un10437,TRUE,,[CX4]([CH2][cH0]1[cH1][cH1][cH1][cH1][cH1]1)[NX3]([CX3]a)
insilico,2477,10439,Un10439,TRUE,,O=[CH0](O[CH1]1[CH1](O[CH1]([CH1]([CH1]1O[#6])O)O[#6])[#6])[#6]
insilico,2478,10443,Un10443,TRUE,,O=[CH0]([#8])[CH2][cH0](:[#6]):[#6]
insilico,2479,10444,Un10444,TRUE,,[CH3][CH0]1=[CX3][CH0]([CX4]([CH2][CX4]1))([CH3])[CH3]
insilico,2480,10445,Un10445,TRUE,,[SX2][CX4]([CX4]([CX4]([CX4]([CX4]))))
insilico,2481,10448,Un10448,TRUE,,O=[CH0](O[CH1]([CH1]([CH1]([#6])[#8])[#8])[#6])[CH3]
insilico,2482,10449,Un10449,TRUE,,[#6][CH2][CH2][CH2]n1:[cH1]:[cH0](:[cH0](:[#6]):[cH0]1:[#6])[CH0](=O)[#6]
insilico,2483,10454,Un10454,TRUE,,[cX3](a)[cH0]([cX3]a)[OH0][CH1]1[CX4]([CX4]([CX4]([CH1]([OH0]1)[CX4])))
insilico,2484,10459,Un10459,TRUE,,[CX3](=[OH0])[NH0]([CX4])[CH1]([CX4])[CH0](=[OH0])[OH1]
insilico,2485,10462,Un10462,TRUE,,[#6][CH2]N([CH2][#6])[cH0]1:[#6]:[#6]:[cH0](:[cH1]:[cH1]1)[#7]
insilico,2486,10464,Un10464,TRUE,,[CX3](=[OH0])[cX3](a)[cX3](a)[NH1][CX3][cH0]([cX3]a)[cH1][cX3]a
insilico,2487,10465,Un10465,TRUE,,[CX4]([CH1]([CH1]=[CX3])[OH1])([CX4][OH1])
insilico,2488,10466,Un10466,TRUE,,[cX3]([nX2]a)[nH0]([cX3]a)[CX4]
insilico,2489,10467,Un10467,TRUE,,[CX4]([CX4])[CX3][CX4]([CH1]=[CX3])[CH3]
insilico,2490,10468,Un10468,TRUE,,[CX4]([CX4]([CX4]([CX4][CX3](=[OH0]))))[OH1]
insilico,2491,10469,Un10469,TRUE,,[CX4]([CX3])[CX3][OH0][CH3]
insilico,2492,10471,Un10471,TRUE,,[CX4]([CH2][CH0](=[OH0])[NH2])
insilico,2493,10472,Un10472,TRUE,,[CX3](=[CH1][cH0]1[cH1][cH0]([cX3]([cX3]([cH1]1)))[OH0][CH3])[CH0](=[OH0])[NX3]
insilico,2494,10475,Un10475,TRUE,,[CX3]=[CH1][CX4][CX4]([CX4][OH1])
insilico,2495,10478,Un10478,TRUE,,[CH3][CX4][OH0][CX4]([CH1]([CX4])[OH0][CX3](=[OH0]))
insilico,2496,10479,Un10479,TRUE,,[CH3][CH0]([CH3])([CH3])O[CH0](=O)N([CH2][#6])[CH2][#6]
insilico,2497,10480,Un10480,TRUE,,[#7][cH0]1:[cH0]([#16]):[cH1]:[cX3](:[cH1]:[cH1]1)
insilico,2498,10481,Un10481,TRUE,,[OX2][cH0]([cX3]([cH0]([cX3]a)[cX3]a)a)[cX3]a
insilico,2499,10482,Un10482,TRUE,,[CH2]([#7])[cH0](:[cH1]:[#6]):[#6]
insilico,2500,10484,Un10484,TRUE,,[#8]=[CH0]([#6])N([#6])[cH0](:[#6]):[cH1]:[cH1]:[#6]
insilico,2501,10486,Un10486,TRUE,,[#6][cH0]1:[cH0](:n:[cH0](:o1)[cH0]1:[cX3](:[cH1]:[cH1]:[cX3](:[cH1]1)))[#6]
insilico,2502,10488,Un10488,TRUE,,[CH3][CH2][CH2][CH2][CH1]([#6])[#6]
insilico,2503,10489,Un10489,TRUE,,[#8]=[CH0]([CH2][CH2][CH2][CH2][CH2][CH2][CH2][CH1]=[#6])O[CH2][CH1]([CH2][#8])O[CH0](=O)[CH2][CH2][CH2][CH2][CH2][CH2][#6]
insilico,2504,10490,Un10490,TRUE,,[cX3]1(a)[cH0]([cH1][cX3]a)[nH0][cX3][cH0]([CX4])[cX3]1
insilico,2505,10495,Un10495,TRUE,,[#8]=[CH0]([#7])[CH1]([CH2][cH0](:[cH1]:[#7]):[#7])N[CH0](=O)[#6]
insilico,2506,10496,Un10496,TRUE,,O=[CH0]([CH1]([CH2][#6])N[CH0](=O)[#6])[#8]
insilico,2507,10497,Un10497,TRUE,,[CX3]=[CH1][CH1]=[CX3]([CH0](=[OH0])[NX3])
insilico,2508,10498,Un10498,TRUE,,[cX3](a)[cH0]([cX3][cX3][cX3]a)[OH1]
insilico,2509,10499,Un10499,TRUE,,O=[CH0]([cH0]1:[cH1]:[cX3]:[cH1]:[cH1]:[cX3]1)O
insilico,2510,10500,Un10500,TRUE,,[CH2]1[CH2][#6][#6]([CH1]2[CH0]([CH0]([CH2][CH2][CH0]12[#6])([#6])[#6])=[CH1][#6])
insilico,2511,10501,Un10501,TRUE,,[#8]=[CH0](N[CH1]([#6])[#6])N
insilico,2512,10502,Un10502,TRUE,,[#6]N[CH2][CH2][#6]
insilico,2513,10504,Un10504,TRUE,,[CX3](=[OH0])[cX3](a)[cH1][cX3]([cH1][cX3](a))
insilico,2514,10505,Un10505,TRUE,,O=[CH0](N[CH2][#6])[CH1]([CH2][cH0]1:[cH1]:[cH1]:[cH0](:[cH1]:[cH1]1)O)N
insilico,2515,10506,Un10506,TRUE,,[cX3]1[cH1][cH0]([cH1][cH0]([cH0]1[OX2])[OX2])-[cX3](a)[oX2]a
insilico,2516,10507,Un10507,TRUE,,[CX4]([CX4][cH0]1[cH1][cH1][cH0]([cH1][cH1]1)[OH0][CH3])
insilico,2517,10509,Un10509,TRUE,,[CX4]([CH3])([CX4])[CX4]([CH0](=[OH0])[NH1][CH2][CX4])
insilico,2518,10514,Un10514,TRUE,,[CH2]([CX4][OH1])[CX4]a
insilico,2519,10516,Un10516,TRUE,,[cH1]1:[cH1]:[cH0]([CH2][#7]):[cH1]:[cH1]:[cH0]1[#6]
insilico,2520,10517,Un10517,TRUE,,[CH3]n(:[cH1]:[#7]):[#6]
insilico,2521,10518,Un10518,TRUE,,[cX3]([cX3]([nX3]a))[cX3](a)[NH2]
insilico,2522,10520,Un10520,TRUE,,[CX3]=[CH1][CX4]([CX4]([CH1]([CH2][CX4])[OH1]))
insilico,2523,10521,Un10521,TRUE,,[OX2][cX3]([cH0]([cX3]a)[NH2])a
insilico,2524,10524,Un10524,TRUE,,O=[CH0]([CH2][CH2][#6])[#6]
insilico,2525,10525,Un10525,TRUE,,O=[CH0]([CH1]([CH1]([#6])[#6])[#6])O[#6]
insilico,2526,10526,Un10526,TRUE,,[cX3]([cH1][cH0]([cH1][cX3](a)[OX2])[OH1])a
insilico,2527,10527,Un10527,TRUE,,[CX4][CH1]=[CX3][CX4]([CX3]=[OH0])[CH3]
insilico,2528,10528,Un10528,TRUE,,[NX3][CH1]([CH2][CX3](=[OH0]))[CX3](=[OH0])
insilico,2529,10529,Un10529,TRUE,,O=[CH0]([CH2][CH2][CH2][CH2][CH2][CH2][CH2][CH2][CH2][CH2][#6])O[CH2][CH1]([CH2]O)O
insilico,2530,10530,Un10530,TRUE,,[CH3]O[cH0]1:[cH1]:[cH0](:[#6](:[cH1]:[cH1]1)):[#7]
insilico,2531,10531,Un10531,TRUE,,[CX4]([CX4][OH0][CX3]=[OH0])([CH3])[OH1]
insilico,2532,10532,Un10532,TRUE,,O=[CH0]([#6])[cH0]1:[cH0](:[cH1]:[cH0](O[#6]):[cH1]:[cH0]1[#8])O
insilico,2533,10533,Un10533,TRUE,,[cX3](a)([cX3]([cX3](a)[OX2]))[OH0][CH3]
insilico,2534,10535,Un10535,TRUE,,O=[CH0]([cH0]1:[cH1]:[cH1]:[cH1]:[cH1]:[cH1]1)N[cH0](:[#6]):[#6]
insilico,2535,10536,Un10536,TRUE,,[cX3]1(a)[cH0]([oX2]a)[cH1][cX3]([cH1][cH1]1)
insilico,2536,10538,Un10538,TRUE,,[CX4][CH1]([CX4])[CH0]([CH2][CX4])([CX3])[CH3]
insilico,2537,10539,Un10539,TRUE,,[#8]=[CH0]([CH1]([CH2]S)N[CH0](=O)[#6])[#8]
insilico,2538,10542,Un10542,TRUE,,[#8][CH1]1[CH1]([CH2]O[#15])O[CH1]([#6]1)[#7]
insilico,2539,10545,Un10545,TRUE,,[CH3]O[cH0]1:[cX3](:[cH1]:[cX3](:[cH1]:[cX3]1))
insilico,2540,10546,Un10546,TRUE,,[#8]=[CH0]([cH0](:[#6]):[cH0](:[cH1]:[#6])[#6])N
insilico,2541,10549,Un10549,TRUE,,[cH1]1:[cH1]:[cX3]:[cH1]:[cH1]:[cX3]1
insilico,2542,10553,Un10553,TRUE,,[CH3][CX4]([CX3])[CH1]1[CX4][CH1]2[CH0]([CH2][CX4]1)([CX4]([CH2][CH2]2))[CH3]
insilico,2543,10555,Un10555,TRUE,,F[cH0](:[cH1]:[cH0](:[#6])Br):[#6]
insilico,2544,10557,Un10557,TRUE,,[CX4]([CX3](=[CX3]))[CH2][CH0](=[OH0])[OX2]
insilico,2545,10559,Un10559,TRUE,,[CX4][NX3]([CH0]([cH0]1[cH1][cH1][cH1][cH1][cX3]1)=[OH0])
insilico,2546,10561,Un10561,TRUE,,[NX3][CX4]([CH1]([CX4]([CX4]))[OH1])
insilico,2547,10562,Un10562,TRUE,,[cX3]1[cH1][cX3]([cH1][cH0]([cH0]1[NH2])[CX3](=[OH0]))
insilico,2548,10563,Un10563,TRUE,,[#6][CH0]1([CH1]([#6])[CH2][#6]([CH2][CH2]1))[#6]
insilico,2549,10565,Un10565,TRUE,,[CX4][CH1]([CH2][CX4][CX3](=[OH0]))[OH1]
insilico,2550,10566,Un10566,TRUE,,[CH3][CX4]([CX3][NX3][cH0]1[cH1][cH1][cH1][cH1][cX3]1)
insilico,2551,10572,Un10572,TRUE,,[CX4]([CX4][OX2])[NH0]([CH3])[CH3]
insilico,2552,10573,Un10573,TRUE,,[#8][cH0]1:[cH1]:[cH0]([CH1]=[CH1][CH0](O[CH1]([#6])[CH1]([#6])O)=O):[cH1]:[cH1]:[cH0]1[#8]
insilico,2553,10574,Un10574,TRUE,,[cX3]1[cH1][cH1][cH1][cH1][cH0]1[CX4]([CX4][CX4][OH1])
insilico,2554,10575,Un10575,TRUE,,[#6]:[cH1]:[cH1]:[cH0]([CH1]([#7])[cH0](:[#6]):[#6]):[#6]
insilico,2555,10577,Un10577,TRUE,,[CH3][CH2]O[CH0](=[#8])[cH0](:[#6]):[cH0](:[#6])[#6]
insilico,2556,10578,Un10578,TRUE,,[CX4][CX4]([CX4]([CH2][CH2][CX3]))
insilico,2557,10579,Un10579,TRUE,,[cX3]1[cH0]([cX3]([cH0]([cH1][cH0]1[CX4])[OH0][CX4]))[OH0][CH3]
insilico,2558,10581,Un10581,TRUE,,[CH3][CX4]([CX4]([NX3]([CX4][CX4])))[CH3]
insilico,2559,10583,Un10583,TRUE,,[CX4][CH2][CX4]([CH0](=[OH0])[cH0]1[cH1][cX3]([cX3]([cH1][cH1]1)))
insilico,2560,10585,Un10585,TRUE,,[CH3][cH0](:n:[cH1]:[#6]):[#6]
insilico,2561,10586,Un10586,TRUE,,[CH3][CH0]([#6])([#6])[CH3]
insilico,2562,10587,Un10587,TRUE,,[CX4]([CX4][OH0][CX3]=[OH0])[OH0][CX3]=[OH0]
insilico,2563,10589,Un10589,TRUE,,[CX4][CH2][NX3][CH0](=[OH0])[CH1]=[CH1][cX3](a)[cH1][cX3]a
insilico,2564,10593,Un10593,TRUE,,[#7][cH0]1:[cX3]:[cX3](:n:[cX3](:n1))
insilico,2565,10595,Un10595,TRUE,,[CX4]([CH2][cH0]1[cX3][nH1][cH0]2[cH1][cH1][cH1][cH1][cH0]12)[NX3]
insilico,2566,10598,Un10598,TRUE,,[CX4]([CH3])[CX4]([CX4]([CH3]))([CX3](=[OH0]))
insilico,2567,10599,Un10599,TRUE,,[cX3](a)([cH1][cX3][cH0]([CX4])[cX3]a)[OH0][CH3]
insilico,2568,10601,Un10601,TRUE,,O[CH2][CH1]([CH1]([CH1](O[#6])[#6])O)O
insilico,2569,10602,Un10602,TRUE,,O=[CH0]1[#6]([cH0]2:[cH0](:[cH1]:[cH1]:[cH1]:[cH1]2)N1)
insilico,2570,10603,Un10603,TRUE,,[CX3][cH0]1[cH1][cX3]([cH0]([cX3]([cH1]1))[OH1])
insilico,2571,10604,Un10604,TRUE,,[nX2](a)[cH1][nX3](a)[CX4]
insilico,2572,10606,Un10606,TRUE,,[OX2][cH0]1[cX3][cH1][cH1][cH0]([cX3]1)[OH1]
insilico,2573,10609,Un10609,TRUE,,[CX4][CH2][CH2][CH2][CH0](=[OH0])[OH0][CH2][CH1]([CH2][OX2])[OH1]
insilico,2574,10610,Un10610,TRUE,,[cX3](a)[cH1][cH0]([cH1][cX3](a)[OH0][CX4])[cX3](a)a
insilico,2575,10611,Un10611,TRUE,,[OX2][CH2][CX4]([CH2][OH1])
insilico,2576,10614,Un10614,TRUE,,Cl[cH0]1:[cX3](:[cH1]:[cX3](:[cH1]:[cX3]1))
insilico,2577,10615,Un10615,TRUE,,[#7][cH0]1:[cX3](:[cH1]:[cX3](:[cX3]:n1))
insilico,2578,10617,Un10617,TRUE,,Br[cH0]1:[cH1]:[#6]:[#6](:[cH1]:[cH0]1[#8])
insilico,2579,10621,Un10621,TRUE,,[cX3](a)[cH1][cX3](a)[cH0]([cH1][cX3]a)[OH1]
insilico,2580,10622,Un10622,TRUE,,[CH3][OH0][cH0]([cX3]([cX3](a)))[cX3]([cX3](a)[cX3]a)a
insilico,2581,10624,Un10624,TRUE,,[CX4]([CH2][CX4]([CX4][OX2]))[OX2]
insilico,2582,10626,Un10626,TRUE,,[cX3](a)[cH0]([cH1][cH1][cX3](a))-[cX3]([cH1][cX3]([cX3](a)))a
insilico,2583,10627,Un10627,TRUE,,[CX4]1[CH2][CX4]([CH2][CH2][NH0]1[CX4])
insilico,2584,10628,Un10628,TRUE,,[CH3][CX4]([CX4][OH0][CH1]1[CX4]([CX4]([CH1]([CX4]([OH0]1))[OH1])))
insilico,2585,10630,Un10630,TRUE,,[CH3]N([CH1]([#6])[CH2][cH0]1:[cH1]:[cH1]:[cH0](:[cH1]:[cH1]1)[#8])[#6]
insilico,2586,10633,Un10633,TRUE,,[CX4][CH1]1[CX4]([CX4]([CX4][CH2][NH0]1[CX4]))
insilico,2587,10634,Un10634,TRUE,,[CX4]([CX4][CX3](=[OH0]))[CX3]
insilico,2588,10635,Un10635,TRUE,,[CX4][NH1][CH0](=[OH0])[NH1][CX4]
insilico,2589,10636,Un10636,TRUE,,[SX4](=[OH0])[cH0]1[cH1][cH1][cH1][cH1][cX3]1
insilico,2590,10637,Un10637,TRUE,,[CX3][cH0]1[cH1][sH0][cX3]([nH0]1)
insilico,2591,10641,Un10641,TRUE,,[cX3](a)[cX3]([cH0]([cX3]([cX3](a)))[CX4])
insilico,2592,10644,Un10644,TRUE,,[cH1]1:[cH1]:[cH1]:[#6]:[#6]:[cH0]1[CH1]([#6])[cH0](:[#6]):[#6]
insilico,2593,10645,Un10645,TRUE,,[NX3][CX4][CX4]([OH0][CX4]([CX4][OH1]))
insilico,2594,10646,Un10646,TRUE,,[CX4][NH0]([CH3])[cX3]([nH0][cX3]a)a
insilico,2595,10648,Un10648,TRUE,,[CX4]([CX3][NX3][CX4]([CH2][CX4]))
insilico,2596,10650,Un10650,TRUE,,[cX3]1[cX3]([cH0]([cX3]([cH0]([cH1]1)[CX4][NX3]))[OH0][CH3])
insilico,2597,10651,Un10651,TRUE,,[CX4][CH2][OH0][CH0](=[OH0])[cX3](a)a
insilico,2598,10653,Un10653,TRUE,,[CH2]1[CH2]N[#6][#6]N1[CH2][CH2][#6]
insilico,2599,10654,Un10654,TRUE,,[cH1]1:[cX3]:[cH1]:[cH1]:[cH0](:[cX3]1)[cH0]1:[cH1]:[cH1]:[cH1]:[cH1]:[cH0]1[#6]
insilico,2600,10655,Un10655,TRUE,,O[cH0]1:[cH1]:[cH0](:[cX3](:[cH0]([#6]):[cH1]1))O
insilico,2601,10658,Un10658,TRUE,,[CX4][CH2][CH2][CX4]([CH1]([CX3])[NH2])
insilico,2602,10662,Un10662,TRUE,,[cH1]1:[cH0](N[#6]):[cH1]:[cH1]:[#6](:[#6]1)
insilico,2603,10663,Un10663,TRUE,,[CH3][CH0]1([#6])[CH0](=[#6])[CH2][CH2][CH1]([CH1]1[CH2][#6])[#6]
insilico,2604,10664,Un10664,TRUE,,[CX3]=[CX3]([CX4]([CX4]([CX4][OX2]))[CH3])
insilico,2605,10666,Un10666,TRUE,,[cX3]1[cH1][cX3]([cH0]([cX3]([cH0]1[CX4][CX4]))[OH0][CX4])
insilico,2606,10668,Un10668,TRUE,,O[CH1]1[CH1]([CH1]([CH1](O[CH1]([#6])[CH1]([CH2][#6])[#8])O[CH1]1[#6])O)O
insilico,2607,10669,Un10669,TRUE,,[CH3][CX4][cH0]([cX3]([CX4])a)[cH1][cX3]a
insilico,2608,10670,Un10670,TRUE,,[CX4]([OH0][cH0]1[cH1][cH1][cH1][cH1][cX3]1)[CH3]
insilico,2609,10671,Un10671,TRUE,,[cX3]1[cH0]([cH1][cH1][cH0]([cH1]1)[CH1]=[CX3]([CH0](=[OH0])[NX3]))[OH1]
insilico,2610,10677,Un10677,TRUE,,N[cH0]1:[cH1]:[cH0]([#8]):[cH0](:[cH1]:[#6]1)[#6]
insilico,2611,10679,Un10679,TRUE,,[CX4][CH2][CH1]=[CH1][CX3](=[OH0])
insilico,2612,10680,Un10680,TRUE,,[cX3]([cH0]([cX3]([cX3](a)))[OH1])[cX3](a)[OX2]
insilico,2613,10681,Un10681,TRUE,,[OX2][CH2][CH2][NH0]([CX4])[CX4]
insilico,2614,10682,Un10682,TRUE,,[cX3](a)(a)[NH1][CH0](=[OH0])[CX3]
insilico,2615,10684,Un10684,TRUE,,[#6][cH0]1:[cH0](:[cH1]:[cH1]:[cH0](:[cH1]1)[#17])[#7]
insilico,2616,10685,Un10685,TRUE,,[#8]=[CH0]([CH2][CH2][CH2][CH2][CH2][CH2][CH2][CH1]=[#6])O[#6]
insilico,2617,10688,Un10688,TRUE,,[CX4][OH0][cH0]1[cX3]([cX3]([cX3]([cX3]([cX3]1)))a)a
insilico,2618,10689,Un10689,TRUE,,O=[CH0](N[CH2][CH2][CH2][CH2][#6])[#6]
insilico,2619,10690,Un10690,TRUE,,[CH2]([CH2][OH1])[NX3]
insilico,2620,10691,Un10691,TRUE,,[cX3](a)([cH1][cX3]([cX3]([cX3](a)[CX3](=[OH0]))))[FH0]
insilico,2621,10692,Un10692,TRUE,,O[cH0]1:[cX3]:[cH1]:[cH0](:[cH1]:[cH0]1Cl)[#17]
insilico,2622,10693,Un10693,TRUE,,O[cH0]1:[cH1]:[cH0](:[cH1]:[cH0](:[cH0]1[#6])O)[#8]
insilico,2623,10696,Un10696,TRUE,,[CX4][NX3]([CH2][cH0]1[cH1][cH1][cH1][cH1][cX3]1)
insilico,2624,10703,Un10703,TRUE,,[CH2]([CH2][NX3])[CX3](=[CX3])
insilico,2625,10704,Un10704,TRUE,,[CX4]1[OH0][CX4][CX4][OH0]1
insilico,2626,10707,Un10707,TRUE,,O[CH1]([#6])[#7]
insilico,2627,10709,Un10709,TRUE,,O=[CH1][cH0]1:[cX3](:[cH1]:[cX3](:[cX3]:[cH1]1))
insilico,2628,10711,Un10711,TRUE,,[#7][CH1]([CH2][CH2][CH2][#6])[#6]
insilico,2629,10712,Un10712,TRUE,,[CH2]([CX4])[CH2][CH1]([CX4])[NX3][CH2][CX4]
insilico,2630,10713,Un10713,TRUE,,[CX4]([CX4][CH2][CH3])[OH1]
insilico,2631,10714,Un10714,TRUE,,[NX3]([CX4])[CX4][CX4]([cH0]1[cH1][cH1][cH1][cH1][cH1]1)
insilico,2632,10715,Un10715,TRUE,,[CH3][CH0](=O)[cH0]1:[cH1]:[#6](:[#6](:[cH1]:[cH1]1))
insilico,2633,10716,Un10716,TRUE,,[#8]=[CH0](N[cH0]1:[cH1]:[cH1]:[#6]:[#6]:[cH1]1)[#7]
insilico,2634,10717,Un10717,TRUE,,[NX3][CX4][CH2][CX4]([cH0]1[cH1][cH1][cH1][cH1][cH1]1)
insilico,2635,10718,Un10718,TRUE,,[CX4][CH1]1[CX4][CH1]([CH2][CX4]([CX4]1[CH3]))[OH1]
insilico,2636,10720,Un10720,TRUE,,O=[CH0]([CH1](N[#6])[CH2][CH2][CH2]N=[#6])[#7]
insilico,2637,10724,Un10724,TRUE,,[CX4][NX3][CH2][CH2][NH0]([CX4])[CH2][CX4]
insilico,2638,10728,Un10728,TRUE,,[cX3]1[cH1][sH0][cH0]([cH1]1)[CX3]
insilico,2639,10735,Un10735,TRUE,,[CX4]([cH0]1[cH1][cH1][cH1][cH1][cH1]1)[CX3](=[OH0])
insilico,2640,10736,Un10736,TRUE,,[CX4][CH0](=[OH0])[cH0]1[cX3]([cH1][cX3]([cH1][cX3]1))
insilico,2641,10738,Un10738,TRUE,,O=[CH0](N[CH2][#6])[#6]
insilico,2642,10740,Un10740,TRUE,,[#6][CH2]N([#6])[CH2][CH2][cH0](:[cH1]:[cH1]:[#6]):[#6]
insilico,2643,10744,Un10744,TRUE,,O[CH1]1[CH1]([CH1](O[CH1]([CH2][CH2][#6])[#6])O[CH2][CH1]1O)O
insilico,2644,10745,Un10745,TRUE,,[#6][CH0]1([CH1]([CH2][#6][#6][CH1]1[#6])[#8])[#6]
insilico,2645,10748,Un10748,TRUE,,[CX4][CH2][OH0][cX3](a)[cX3]([cX3]([cH1][cX3]a))
insilico,2646,10751,Un10751,TRUE,,O[CH1]1[CH1]([CH1]([CH1]([CH2]O[#6])O[CH1]1O[cH0](:[#6]):[#6])O)O
insilico,2647,10753,Un10753,TRUE,,[CX4][CH2][CH1]1[CX4]([CH2][CH2][CH1]2[CH1]1[CX4]([CX4]([CX4]([CX4]2[CH3]))))[CH3]
insilico,2648,10754,Un10754,TRUE,,[CH3][CH0]1([CH2][CH2][CH1]2[CH0]([CH1]([CH2][CH2][CH0]2([CH1]1[#6])[CH3])O[CH1]([CH1]([#6])[#8])[#8])([CH3])[#6])[#6]
insilico,2649,10755,Un10755,TRUE,,[#6][CH1]=[CH1][#6]
insilico,2650,10758,Un10758,TRUE,,[cX3](a)[cH0]([cX3]a)-[cH0]1[cH1][cX3]([cH0]([cX3]([cH1]1))[OH0][CH3])
insilico,2651,10763,Un10763,TRUE,,[CX4]1([CH2][CH2][CX4]([CX4]([CX4]1))a)
insilico,2652,10764,Un10764,TRUE,,[CH3][CX3](=[CX3][CX3][OX2])
insilico,2653,10766,Un10766,TRUE,,[CX4]([CH3])([CX3])[NH2]
insilico,2654,10768,Un10768,TRUE,,[cX3]1[cX3]([cH0]([cX3]([cH0]([cH1]1)[CH2][CX4]))[OH1])
insilico,2655,10769,Un10769,TRUE,,[CX4]([OH0][CH1]=[CX3][CX3])[OH0][CH1]1[CH1]([CH1]([CH1]([CH1]([OH0]1)[CH2][OH1])[OH1])[OH1])[OH1]
insilico,2656,10772,Un10772,TRUE,,O=[CH0]([#7])O[cH0](:[cH1]:[#6]):[#6]
insilico,2657,10776,Un10776,TRUE,,[CH3]N[CH2][cH0](:[#6]):[#6]
insilico,2658,10777,Un10777,TRUE,,O=[CH0]([CH2][CH2][#6])O[CH2][CH1]([CH2]OP(=O)(O)O[CH2][CH2]N)O
insilico,2659,10779,Un10779,TRUE,,[CX4]([OX2])[CH2][CH1]([CH3])[CH3]
insilico,2660,10780,Un10780,TRUE,,[CX4][CH2][cH0]1[cH1][cH0]([cH0]([cH1][cX3]1)[OH1])[OH0][CH3]
insilico,2661,10781,Un10781,TRUE,,[CX3][CH0](=[OH0])[CX4]([CX4]([CX4][OH1]))
insilico,2662,10782,Un10782,TRUE,,[#8]=[CH0]([cH0]1:[cH1]:[cH1]:[#6](:[#6]:[cH1]1))N[CH2][#6]
insilico,2663,10785,Un10785,TRUE,,[cX3]([cH1][cX3](a)[CX4][CH2][OX2])a
insilico,2664,10786,Un10786,TRUE,,[#6][cH0]1:[cH1]:[cH0]([#8]):[cH1]:[cH1]:[cH0]1[#7]
insilico,2665,10787,Un10787,TRUE,,[CX4]([CH2][CX3](=[OH0]))
insilico,2666,10788,Un10788,TRUE,,[CH3][CH0]12[CH1]([CH2][#6]([#6]1))[CH1]([CH1]([#6][#6]2)[#6])[#6]
insilico,2667,10789,Un10789,TRUE,,n1:[cX3]:n:[cH0](:[cX3]1)[#6]
insilico,2668,10793,Un10793,TRUE,,[CH3]O[cH0](:[#6]):[cH0](:[#6])[CH2][#6]
insilico,2669,10797,Un10797,TRUE,,O=[CH0]([CH1]1[CH2][CH2][CH2]N1[#6])N[CH1]([CH2][CH2][#6])[#6]
insilico,2670,10799,Un10799,TRUE,,[CH3][CH0]1([CH2][#6])[CH1]([#6])[CH2][#6]([CH0]1=[#8])
insilico,2671,10800,Un10800,TRUE,,[CX4][nH0]([cX3]a)[cX3](a)[cX3](a)[cX3](a)
insilico,2672,10802,Un10802,TRUE,,[CH3][cH0]1:[cH0](:[cH0](:[cH1]:[cH1]:[#6]):[#6]:[#7]1)[CH2][CH2][#7]
insilico,2673,10805,Un10805,TRUE,,[CH3][CH1]1[#6]([#6]([CH2][CH1](O1)[#8]))
insilico,2674,10808,Un10808,TRUE,,O=[CH0]([CH2][CH2][#7])O
insilico,2675,10809,Un10809,TRUE,,[CX4]1[CX4]([CH1]([CH1]([CH1]([OH0]1)[OH0][CX4]([CX4]([CX4])))[OH1])[OH1])
insilico,2676,10810,Un10810,TRUE,,[cH1]1:[cH1]:[cH1]:[cH1]:[cH1]:[cH0]1S[#6]
insilico,2677,10811,Un10811,TRUE,,[CH3]O[cH0]1:[cH1]:[cH0](:[cX3](:[cH0]([#6]):[cX3]1))[#6]
insilico,2678,10812,Un10812,TRUE,,[CX3][CX4]([CX4]([CX4][CX4]([OH0][CX3])))
insilico,2679,10813,Un10813,TRUE,,[CX4]1[CX4]([CH2][CX4]([CX4]([OH0]1)))
insilico,2680,10814,Un10814,TRUE,,[CX3][OH0][cX3]([cX3][cX3](a))a
insilico,2681,10815,Un10815,TRUE,,[#6][CH2][CH2]N[CH2][CH2][#6]
insilico,2682,10817,Un10817,TRUE,,[CX4][cH0]1[cX3]([cH1][cH1][cX3]([cH0]1[OH0][CX4]))
insilico,2683,10818,Un10818,TRUE,,[CX3](=[CX3])[CX4]([CX4][CX4]([CX4]))
insilico,2684,10819,Un10819,TRUE,,[CX4]1[CX4]([CX4]([CX4]([CH1]([CX4]1)[OH0][CX4])))
insilico,2685,10820,Un10820,TRUE,,[CH3][CH0]1([CH2][CH2][#6]([#6]([CH0]1([CH2][#6])[#8])))[#6]
insilico,2686,10827,Un10827,TRUE,,O[cH0](:[cH0](:[cH0](:[#6])O)[CH2][#6]):[#6]
insilico,2687,10829,Un10829,TRUE,,[NX3][CX4]([CH2][OH1])
insilico,2688,10830,Un10830,TRUE,,[#8]=[CH0]([#7])[cH0](:[#6]):[cH0](:[cH1]:[#6])Cl
insilico,2689,10831,Un10831,TRUE,,[CX4]([CH2][NX3][cX3]([cX3](a)[ClH0])a)
insilico,2690,10832,Un10832,TRUE,,[CH3][CH2]N[CH1]([#6])[#6]
insilico,2691,10833,Un10833,TRUE,,O[cH0]1:[cH0]([#8]):[cH1]:[cH1]:[#6](:[#6]1)
insilico,2692,10836,Un10836,TRUE,,O=[CH0]([CH1]=[#6])[#6]
insilico,2693,10842,Un10842,TRUE,,[CH3][OH0][cX3]([cH1][cX3]([nX2]a))a
insilico,2694,10844,Un10844,TRUE,,O[cH0]1:[cX3](:[cH1]:[cH0]([#6]):[cH1]:[cX3]1)
insilico,2695,10846,Un10846,TRUE,,[CX3][CH1]1[CX4]([CH2][CH2][CH1]2[CX4]1([CH2][CH2][CX4]([CX4]2([CH3]))))[CH3]
insilico,2696,10851,Un10851,TRUE,,[NX3][CX3]([NX3]([cH0]1[cH1][cH1][cH1][cH1][cX3]1))
insilico,2697,10852,Un10852,TRUE,,[CH3][cX3]([nX2]a)a
insilico,2698,10857,Un10857,TRUE,,[CX4][CH2][CH2][CH2][CX4][NX3][CX4]
insilico,2699,10861,Un10861,TRUE,,O=[CH0]([cH0](:[#7]):[#6])O
insilico,2700,10863,Un10863,TRUE,,[cX3]([cH0]([cH0]([cX3](a)[OH1])[CX3](=[OH0]))[OH0][CX4][cH0]1[cH1][cH1][cX3]([cH1][cH1]1))a
insilico,2701,10864,Un10864,TRUE,,[#6][CH1]([CH2][cH0]1:[#6]:[#6](:[cH1]:[cH1]:[cH1]1))[#7]
insilico,2702,10866,Un10866,TRUE,,[CX4]1(a)[CX4]([CH1]([CH1]([OH0]1)[CH2][OX2])[OH1])
insilico,2703,10867,Un10867,TRUE,,[NX3][CX4][CH2][cH0]1[cH0]([CX4])[cX3]([cX3]([cH1][cH1]1))
insilico,2704,10868,Un10868,TRUE,,[CH2]=[CH0]1[#6][#6]([CH1]([CH2][CH2]1)[#6])
insilico,2705,10872,Un10872,TRUE,,[#6][CH1]([#6])N[CH0]([#7])=S
insilico,2706,10874,Un10874,TRUE,,[CH3]O[cH0]1:[cX3](:[cH0](:[cX3](:[cH1]:[cH1]1))[#8])
insilico,2707,10875,Un10875,TRUE,,[CX4]([CH2][CH2][CX3])[CH0](=[OH0])[OH1]
insilico,2708,10877,Un10877,TRUE,,[cH1]1[cH1][cH1][cX3]([cH0]([cH1]1)[CX3][cX3]([cH1][cX3]([cX3](a)))a)
insilico,2709,10879,Un10879,TRUE,,[cX3]1[cH1][cX3]([cH0]([nH0][cH1]1)[CX3])
insilico,2710,10882,Un10882,TRUE,,[CX4][CX4]([CX4][OH0][CH0](=[OH0])[CX3])
insilico,2711,10883,Un10883,TRUE,,[CH2]([CH2][CX3](=[OH0]))[CX4]([CH0](=[OH0])[NH1][CX4][CX3](=[OH0]))
insilico,2712,10884,Un10884,TRUE,,[cH1]([cX3]a)[cH1][cX3](a)[NH1][CH0](=[OH0])[CH2][ClH0]
insilico,2713,10886,Un10886,TRUE,,[CX4]([CX4]([CX4][CH3]))[cX3]([cX3][cX3]a)a
insilico,2714,10889,Un10889,TRUE,,[cX3](a)[cH0]([cX3]([cH1][cX3]a))[CX4]([CX4][CX4]([CH3])([CH3]))
insilico,2715,10890,Un10890,TRUE,,O=[CH0]1[cH0]2:[#6](:[cH1]:[cH0](:[cH1]:[cH0]2O[CH1]([CH2]1)[cH0]1:[cH1]:[#6](:[#6](:[cH1]:[cH1]1)))[#8])
insilico,2716,10891,Un10891,TRUE,,[NX3]([CX4][CX4])[cH0]1[cH1][cH1][cH1][cH1][cH1]1
insilico,2717,10893,Un10893,TRUE,,[#6][cH0](:[cH0](:[#6])[CH0](=O)[#8]):[cH1]:[#6]
insilico,2718,10896,Un10896,TRUE,,[NX3]([CH1]([CH0](=[OH0])[OX2])[CX4][CH3])[CH3]
insilico,2719,10899,Un10899,TRUE,,[CX4]([CX4][CH2][OH0][PH0](=[OH0])([OH1])[OX2])[OH1]
insilico,2720,10902,Un10902,TRUE,,[CX3](=[CX3])[CH0](=[OH0])[OH0][CH2][CX4]
insilico,2721,10903,Un10903,TRUE,,[#9][cH0](:[cH1]:[cH0](:[#6])N):[#6]
insilico,2722,10908,Un10908,TRUE,,[CH3]N([#6])[CH2][#6]
insilico,2723,10910,Un10910,TRUE,,[cX3]1[cH1][cH0]([cH1][cX3]([cH0]1[OH1]))[CH0](=[OH0])[OX2]
insilico,2724,10911,Un10911,TRUE,,[nX3+](a)[cH1][cX3]a
insilico,2725,10913,Un10913,TRUE,,[nX3](a)[cH0]1[cH0]([cX3](a))[cX3]([cH1][cH1][cH1]1)
insilico,2726,10915,Un10915,TRUE,,[CX4]1[CX4]([CH1]([CX4]([CX4]1))[CX3](=[CX3]))
insilico,2727,10918,Un10918,TRUE,,[SX2][CH2][CH1]([CX3])[NH2]
insilico,2728,10919,Un10919,TRUE,,[CH3][CH0]([#6])([CH1]([#6])[#6])[CH1]([#6])[#6]
insilico,2729,10920,Un10920,TRUE,,[CX4]([CH2][CH2][CH2][CX4])
insilico,2730,10921,Un10921,TRUE,,O=[CH0]([CH1](N[#6])[#6])N[CH1]([CH2][CH2][CH2]N=[CH0]([#7])[#7])[#6]
insilico,2731,10923,Un10923,TRUE,,[CX4]([CX4]([CX4]([CX4]([CX4]([CX4][OH1])))))
insilico,2732,10924,Un10924,TRUE,,[CX4][CH2][OH0][CH0](=[OH0])[cH0]1[cH1][cH1][cX3]([cH1][cH1]1)
insilico,2733,10926,Un10926,TRUE,,[CX4]([OH0][CX4][nH0]1[cH1][nH0][cX3]([cX3]1))[CH2][OH1]
insilico,2734,10927,Un10927,TRUE,,[cX3](a)[cH0]([cX3]([cH1][cX3]a))[OH0][CX3]
insilico,2735,10931,Un10931,TRUE,,[cX3]1(a)[cH1][cH1][cH1][cH1][cH0]1[cH0]([cX3]a)[OH1]
insilico,2736,10932,Un10932,TRUE,,[cX3]([nH0][cX3]([cX3](a)[CH0]([FH0])([FH0])[FH0]))a
insilico,2737,10933,Un10933,TRUE,,[cX3]1[cH0]([cH0]([cX3]([cX3]([cH0]1[CX4])))[OX2])[OH0][CH3]
insilico,2738,10934,Un10934,TRUE,,[CH3][cH0]1:n:[cH0](:[cX3]:[cX3]1)[#6]
insilico,2739,10937,Un10937,TRUE,,[CX4]([CX4]([CH1]([CX4])[OH0][CH0](=[OH0])[cH0]1[cH1][cH1][cH1][cH1][cH1]1)[CX4])
insilico,2740,10939,Un10939,TRUE,,[CH3][nH0]([cX3]a)[cX3]([nX2]a)
insilico,2741,10940,Un10940,TRUE,,[CH3]N[CH2][CH2][CH2][#7]
insilico,2742,10943,Un10943,TRUE,,[CH3][CH0]([CX4])([OX2])[CH3]
insilico,2743,10945,Un10945,TRUE,,[CX4]([CX4][CX4])[NH1][CH0](=[OH0])[CX4][NH2]
insilico,2744,10946,Un10946,TRUE,,[cX3]1[cH1][cH0]([cH1][cX3]([cH0]1[OH1]))[CH1]=[CH1][CX3]
insilico,2745,10949,Un10949,TRUE,,[CX4][NH0]([CX4])[CX4]([CX4])[CX4]
insilico,2746,10950,Un10950,TRUE,,[CX4][CX4]([CH0](=[OH0])[cH0]1[cH1][cX3]([cH0]([cH1][cH1]1)[OX2]))
insilico,2747,10951,Un10951,TRUE,,[CX4]([CX4]([CH1]([CX4])[OX2]))[CH3]
insilico,2748,10953,Un10953,TRUE,,[CX4]1([CX4]([CH2][CX4][CH0]([CX4][OX2])([CH1]1[CX4])[CH3]))[CH3]
insilico,2749,10954,Un10954,TRUE,,[CH3][cH0](:[cH0](:[#6])N([#6])[#6]):[#6]
insilico,2750,10956,Un10956,TRUE,,[CX4][cX3]([cX3]([cX3](a)[CX4][FH0]))a
insilico,2751,10957,Un10957,TRUE,,[cX3](a)([cX3](a)[OH1])[CX4]([CX4][OH1])
insilico,2752,10959,Un10959,TRUE,,[cX3]1[cH0]([OX2])[cH1][cX3]([cX3]([cX3]1)a)a
insilico,2753,10960,Un10960,TRUE,,O=[CH0]1N[#6]([CH1]([#6])N1)
insilico,2754,10965,Un10965,TRUE,,[cX3](a)(a)[NX3][CH2][CX4]([CX4])
insilico,2755,10966,Un10966,TRUE,,[cX3](a)([cX3]([cX3](a)[OH1]))[CX4]
insilico,2756,10967,Un10967,TRUE,,O=[CH0]([CH2][CH2][cH0](:[cH1]:[#6]):[#6])O
insilico,2757,10969,Un10969,TRUE,,[cX3]([cX3]([cX3]([cX3]([cX3](a)))))(a)[CX3][OH1]
insilico,2758,10970,Un10970,TRUE,,[CH3]O[cH0]1:[cH1]:[cX3](:[cX3](:[cH1]:[cH0]1[#6]))
insilico,2759,10972,Un10972,TRUE,,[cX3](a)([nX2]a)[cX3]([nH0][cX3](a)[NH2])
insilico,2760,10973,Un10973,TRUE,,[CH3][cH0]1:[cH1]:[cX3](:[cH0](:[cH1]:[cH1]1)[#7])
insilico,2761,10974,Un10974,TRUE,,[CX4]1[CX4]([CX4]([CX4]([CX3][CX4]1[CH3])))([CX4])
insilico,2762,10975,Un10975,TRUE,,[CX4][cH0]1[cH0]([cH1][cH0]([cH1][cX3]1)[OH1])[OH1]
insilico,2763,10976,Un10976,TRUE,,[#6][CH0](=[#8])N[CH2][CH1]([#6])[#6]
insilico,2764,10978,Un10978,TRUE,,[cX3]1[cH1][cH0]([cX3](a)[CX3][NX3])[cX3](a)[cH1][cH1]1
insilico,2765,10981,Un10981,TRUE,,F[cH0](:[cH0](:[#6])Br):[#6]
insilico,2766,10984,Un10984,TRUE,,[CH2]=[CH0]([#6])[#6]
insilico,2767,10986,Un10986,TRUE,,O=[CH0](N1[CH2][CH2][CH1]([#6])[CH2][CH2]1)[CH1]([#6])N
insilico,2768,10988,Un10988,TRUE,,[CX4]([CH1]([CH1]=[CX3][CH3])[CX4][CX4])([CX4]([CX3]))
insilico,2769,10989,Un10989,TRUE,,[CX3](=[CH0]([CX4])[CH2][CX4])[CX3]
insilico,2770,10993,Un10993,TRUE,,[CH3]O[cH0](:[cH0](:[#6])Cl):[#6]
insilico,2771,10994,Un10994,TRUE,,[CX4]([OH0][CH1]([CX4][OH0][CH1]1[CH1]([CH1]([CH1]([CH1]([OH0]1)[CH2][OH1])[OH1])[OH1])[OH1])[OX2])
insilico,2772,10996,Un10996,TRUE,,O[CH1]1[CH1]([CH1]([CH1](O[cH0]2:[cH1]:[#6]:[#6](:[cH1]:[cH1]2))O[CH1]1[CH2]O)O)O
insilico,2773,10999,Un10999,TRUE,,[CX4][CH0](=[OH0])[NH1][CH2][CX4][CH2][CH2][CX4]
insilico,2774,11000,Un11000,TRUE,,[CH3][CX4][CX4]
insilico,2775,11002,Un11002,TRUE,,[CX4][CH1]1[CX4][CX4]([CH2][CH1]([CX4]1)[CH2][CX4])
insilico,2776,11003,Un11003,TRUE,,[CH3][CX4]([CX4]([CX4]([CH2][CX4][OX2])))
insilico,2777,11004,Un11004,TRUE,,[CX3](=[OH0])[NH1][SH0](=[OH0])(=[OH0])[cX3]([cH1][cH1][cX3]a)a
insilico,2778,11006,Un11006,TRUE,,O=[CH0]([#6])O[CH2][cH0](:[#6]):[cH1]:[#6]
insilico,2779,11009,Un11009,TRUE,,[NX3](a)[CH0](=[OH0])[cH0]1[cH1][cH0]([cX3]([cH1][cH1]1))[OH0][CX4]
insilico,2780,11013,Un11013,TRUE,,[CX4]([CH2][CH2][CX4])[CH2][OH0][CX3]
insilico,2781,11014,Un11014,TRUE,,[CX4][cH0]1[cH0]([cH1][cX3]([cH1][cH0]1[OX2]))[OH1]
insilico,2782,11015,Un11015,TRUE,,[#8]=[CH0]([CH1]([#7])[CH1]([CH3])[CH3])N[CH1]([CH0](=O)[#7])[#6]
insilico,2783,11019,Un11019,TRUE,,[cX3]1[cH1][cH1][cH0]([cH1][cH1]1)[NH2]
insilico,2784,11020,Un11020,TRUE,,[CX4]([CX4]([CX4][CH0](=[OH0])[OH0][CH3]))
insilico,2785,11021,Un11021,TRUE,,[CX4]([CX4]([CX4]))[cH0]1[cX3][cH1][cH1][cH0]([cH1]1)[OX2]
insilico,2786,11025,Un11025,TRUE,,[CX4]([NH1][cH0]1[cH1][cH1][cH1][cH1][cX3]1)[cX3](a)[cX3](a)
insilico,2787,11035,Un11035,TRUE,,[CX4][NX3][CH2][CX4]([CH2][CX4])
insilico,2788,11038,Un11038,TRUE,,[CX4]([CH1]([OH0][CX4]a)[CX4])
insilico,2789,11041,Un11041,TRUE,,[CX4]([CH1]([CX4][CH3])[OH0][CH0](=[OH0])[CH3])
insilico,2790,11042,Un11042,TRUE,,[cX3](a)[cH1][cH0]([cX3]([cX3]a)a)[cX3](a)[cX3](a)a
insilico,2791,11044,Un11044,TRUE,,[CH2]([CX4]([CX4]))[NH1][CX4]([CX4])[CX4]
insilico,2792,11045,Un11045,TRUE,,[cX3]1[cH1][cX3]([nH0][cH0]([nH0]1)[NX3])
insilico,2793,11049,Un11049,TRUE,,O=[CH0]1O[#6]([#6](:[cH0]1:[#6]))
insilico,2794,11051,Un11051,TRUE,,[CX4][CH2][CH2][cH0]1[cH1][cH1][cX3]([cH1][cH1]1)
insilico,2795,11053,Un11053,TRUE,,[cH1]1:[cH1]:[cH1]:[cH1]:[cH1]:[cH0]1[CH1]([#6])[#7]
insilico,2796,11055,Un11055,TRUE,,[CX3](=[CX3])[CH2][CH2][CX4]([CX4]([CH2][CH2][CX4][CX4][CH3]))
insilico,2797,11056,Un11056,TRUE,,[CX4]([CX4][OH1])([CX4][OH0][CH3])
insilico,2798,11057,Un11057,TRUE,,[nX2](a)[cH0]1[cH1][cX3]([cX3]([cX3]([cX3]1a)))
insilico,2799,11059,Un11059,TRUE,,[cH1]([cX3](a)[CX3](=[OH0]))[cX3]([nH0][cX3]a)
insilico,2800,11060,Un11060,TRUE,,[CH3][CH1]([#6])O[cH0]1:[cH1]:[#6]:[#6]:[cH1]:[cH1]1
insilico,2801,11061,Un11061,TRUE,,[CX4][SH0][cX3]([nH0][cX3]a)a
insilico,2802,11067,Un11067,TRUE,,[#6]=[CH1][CH2][CH2][CH2][CH2][CH2][CH2][CH2][CH2][#6]
insilico,2803,11068,Un11068,TRUE,,[CH3]N1[CH1]([CH2][#6][#6]1)[#6]
insilico,2804,11069,Un11069,TRUE,,[CX3][NH1][CH1]([CX4][OH1])[CX4]([OX2])
insilico,2805,11071,Un11071,TRUE,,[CX3]=[CH1][CX4]([CH1]([CX4]([CH2][CX4]))[CX4])
insilico,2806,11074,Un11074,TRUE,,I[cH0](:[cH1]:[cH1]:[#6]):[#6]
insilico,2807,11076,Un11076,TRUE,,O[CH1]([cH0](:[#6]):[cH0]([#8]):[#6])[#6]
insilico,2808,11077,Un11077,TRUE,,[CX4][CH2][CH2][CH1]([CX4])[CH2][NX3]
insilico,2809,11079,Un11079,TRUE,,[cH1]1:[cX3]:n:[cH1]:[cH1]:[cH1]1
insilico,2810,11080,Un11080,TRUE,,[CH3][NH0]([CX4])[CX4][CX4]([CX4])
insilico,2811,11083,Un11083,TRUE,,O=[CH0]([#6])N[cH0]1:[cH1]:[cH1]:[cH1]:[cH1]:[cH1]1
insilico,2812,11085,Un11085,TRUE,,[cH1]1:[cH1]:[cH1]:[cH1]:[cH1]:[cH0]1[CH1]=[#6]
insilico,2813,11088,Un11088,TRUE,,[cX3]1[cH1][cH0]([cH1][cX3]([cH0]1[OH0][CH3]))[CH0](=[OH0])[NH1][cH0]([cH1][cX3](a))[cX3]a
insilico,2814,11089,Un11089,TRUE,,[OX2][cH0]1[cX3]([cH0]([cX3]([cH0]([cH1]1)[CX3]))[OX2])
insilico,2815,11092,Un11092,TRUE,,[CX4]([CH2][CH2][CX4]([CH2][CX4])[OH1])
insilico,2816,11094,Un11094,TRUE,,[CH3][cX3]([cH0]([cX3](a)[cX3]a)[CX4])a
insilico,2817,11095,Un11095,TRUE,,[CX3][CX4]([CX4]([CH2][CX4][CH3]))
insilico,2818,11098,Un11098,TRUE,,[CX3](=[CH1][CX4]([CH3])[CH3])
insilico,2819,11100,Un11100,TRUE,,[CX4]([CX4]([CX4]))[OH0][CX4][OH0][CX3]
insilico,2820,11102,Un11102,TRUE,,[CX4]([CH2][CX4])[CH0](=[OH0])[OH1]
insilico,2821,11103,Un11103,TRUE,,[nX3]([cX3]a)[cX3](a)[cX3](a)a
insilico,2822,11106,Un11106,TRUE,,[cX3]1[cH0]([cH1][cH0]([cH1][cH0]1[OX2])[CH2][CX4])[OX2]
insilico,2823,11110,Un11110,TRUE,,[OX2][CH2][CX4]([CH2][OX2])
insilico,2824,11112,Un11112,TRUE,,[cX3](a)([cH1][cX3]([cX3](a)[NH2]))[CX3](=[OH0])
insilico,2825,11115,Un11115,TRUE,,[cX3]1[cH1][cH0]([cH1][cH0]([cH0]1[OX2])[OH0][CH3])[CH2][CX4]
insilico,2826,11116,Un11116,TRUE,,[CH3][OH0][cX3](a)[cH0]([cX3]([cX3]a))[CX3]
insilico,2827,11117,Un11117,TRUE,,[CX4][NH1][cH0]1[cX3][cH1][cX3]([cH1][cX3]1)
insilico,2828,11118,Un11118,TRUE,,[CX4]([CX4])[OH0][CX4]([CH2][CX4])
insilico,2829,11119,Un11119,TRUE,,[CH3]N([cH0]1:[cH0](:[#6]:[#6](:[cH1]:[cH1]1))[#6])[#6]
insilico,2830,11121,Un11121,TRUE,,[CX4][CH2][CH0]([NX3]([CH2][CX4]a))=[OH0]
insilico,2831,11122,Un11122,TRUE,,[CX4][OH0][CH1]([CX4])[CX3]
insilico,2832,11124,Un11124,TRUE,,[cH1]1:[cH1]:[cH0](:[cX3]:[cH1]:[cX3]1)[#16]
insilico,2833,11125,Un11125,TRUE,,[CH3][CX4]([CH2][CX4]([CH1]([CX4])[OX2]))
insilico,2834,11126,Un11126,TRUE,,[cX3](a)[cH1][cH1][cH0]([cX3]a)[OH0][CX4]([CX4]([CX4]))
insilico,2835,11128,Un11128,TRUE,,O[CH1]1[CH1]([CH1]([CH1](O[#6])O[CH1]1[CH2]O[#6])O)O
insilico,2836,11130,Un11130,TRUE,,O=[CH0]([CH2][#7])N[#6]
insilico,2837,11131,Un11131,TRUE,,[CX4][NH1][CX3][CH1]([CH2][CH2][CX4])[NH2]
insilico,2838,11133,Un11133,TRUE,,[CX3](=[OH0])[NH1][CH1]([CH2][CH2][CX4])[CH0](=[OH0])[OH1]
insilico,2839,11134,Un11134,TRUE,,[nX3]([cX3](a))[cH0]([nX2]a)[NX3]
insilico,2840,11135,Un11135,TRUE,,[cX3](a)([cH1][cX3]a)[cH0]([cX3]a)[OH0][CH3]
insilico,2841,11136,Un11136,TRUE,,[CX4][cX3]([cH0]([cH1][cX3]a)[cX3](a)[cX3](a))a
insilico,2842,11137,Un11137,TRUE,,[#6]N[cH0]1:n:[cH1]:n:[#6](:[#6]1)
insilico,2843,11139,Un11139,TRUE,,O=[CH0](N[#6])[CH1]([#6])[#8]
insilico,2844,11142,Un11142,TRUE,,O[CH2][CH2][cH0]1:[cH1]:[cH1]:[cX3]:[cH1]:[cH1]1
insilico,2845,11143,Un11143,TRUE,,[NX3]([CX4])[cX3]([cH0]([cH1][cX3](a))[NX3+])a
insilico,2846,11144,Un11144,TRUE,,[CX4]([CX4]([CH2][SX4](=[OH0])))
insilico,2847,11145,Un11145,TRUE,,Cl[cH0](:[#6]):[cH0](:[#6])[CH2][#7]
insilico,2848,11147,Un11147,TRUE,,[cX3](a)([cH1][cX3](a)[OH0][CH1]1[CH1]([CH1]([CH1]([CH1]([OH0]1)[CH2][OH1])[OH1])[OH1])[OH1])[OH1]
insilico,2849,11148,Un11148,TRUE,,[#8]=[CH0](N[#6])[CH1]([CH2][CH2][#6])[#7]
insilico,2850,11149,Un11149,TRUE,,[CH3]O[cH0]1:[#6](:[#6]:[cH0](:[cH1]:[cH0]1O[CH3])[#6])
insilico,2851,11150,Un11150,TRUE,,[NX3][CX4][CX4]([CX4]([CX4]([CH2][OX2])))
insilico,2852,11151,Un11151,TRUE,,[#7][cH0]1:[cH0]([#7]):n:[cH1]:n:[cX3]1
insilico,2853,11152,Un11152,TRUE,,[CX4]([CH2][CX4])[cH0]1[cX3][cH1][cX3]([cH1][cH1]1)
insilico,2854,11154,Un11154,TRUE,,[CX4][CH1]([CH3])[CX4][OX2]
insilico,2855,11158,Un11158,TRUE,,O=[CH0]([#7])[CH1]([CH2][cH0]1:[cH1]:n:[cH0](:[#6]):[cH0]1:[cH1]:[#6])[#7]
insilico,2856,11159,Un11159,TRUE,,[OX2][PH0](=[OH0])([OH1])[OH0][CH2][CH2][NX3]
insilico,2857,11162,Un11162,TRUE,,[CH2]([cH0]1:[#6]:[#7](:[cH0]2:[cH1]:[cH1]:[cH1]:[cH1]:[cH0]12))[CH2][#7]
insilico,2858,11167,Un11167,TRUE,,[CX4][CX4]([CH1]=[CH1][CH2][CH2][CX4])
insilico,2859,11168,Un11168,TRUE,,[cX3](a)[cX3]([cX3]([cX3]([cX3](a)[CX3])))
insilico,2860,11169,Un11169,TRUE,,[CX3](=[OH0])[cH0]([cX3]([nX3]a))[cX3]a
insilico,2861,11170,Un11170,TRUE,,[CX4][CX4]([CX4][CH3])[CH3]
insilico,2862,11171,Un11171,TRUE,,[cX3]1[cH1][cX3]([cH0]([cH0]([cH1]1)[OH1])[OH1])
insilico,2863,11172,Un11172,TRUE,,[CH3][cX3]([cX3]([cX3]([cH1][cH1][cX3]a)a))a
insilico,2864,11175,Un11175,TRUE,,[cX3](a)([oH0][cH1][cX3](a))
insilico,2865,11177,Un11177,TRUE,,[cX3]1[cX3]([cH1][cH0]([cX3]([cH0]1[CH2][CH2][CX4]))[OH1])
insilico,2866,11179,Un11179,TRUE,,[CX4][CH2][CH2][CH2][CX4]([CX4]([CH1]([CX4])[NH1][CX3](=[OH0])))
insilico,2867,11180,Un11180,TRUE,,[cX3](a)[cH0]([cX3]([cX3]a)a)[cX3]([cX3](a)[CH0](=[OH0])[OH1])
insilico,2868,11181,Un11181,TRUE,,[CX4][CH1]([CX3][NH1][CX4])[NH1][CX3][CX4]
insilico,2869,11183,Un11183,TRUE,,[CX4]([CH2][CH2][CX4]([CX4][CH3])[NX3])
insilico,2870,11186,Un11186,TRUE,,[CH2]([CX4]([CX4]a))[cX3](a)[cX3][cX3]a
insilico,2871,11189,Un11189,TRUE,,[cX3]1[cX3]([cH0]([cX3]([cX3]([cH0]1[OH1])))[CH2][CH1]=[CX3][CH3])
insilico,2872,11190,Un11190,TRUE,,[CX4][cX3]([cX3]([cX3]([cX3](a)[CX4])))a
insilico,2873,11191,Un11191,TRUE,,Br[cH0](:[cH1]:[cH0](:[#6]):n:[#6]):[#6]
insilico,2874,11193,Un11193,TRUE,,[CH3][CH2][CX4]([cX3](a)[cH1][cH1][cX3](a))
insilico,2875,11197,Un11197,TRUE,,[NX3]([CX4])[CX4][CX4]
insilico,2876,11200,Un11200,TRUE,,[#6][CH2]N([CH2][CH2][CH2][#6])[CH2][#6]
insilico,2877,11202,Un11202,TRUE,,[NX3][CH1]([CH2][CH2][CX3])[CH0](=[OH0])[OH1]
insilico,2878,11208,Un11208,TRUE,,[CH3][CX3](=[CH1][CX4]([CX4]([CX4]([CX4]([CX4]([CX4])))[CH3])))
insilico,2879,11209,Un11209,TRUE,,[CX4]([CH2][CH1]1[CX4]([CH2][CX4]([CH1]2[CH0]1([CH2][CH2][CX4]([CH0]2([CH3])[CH3]))[CH3]))[CH3])
insilico,2880,11211,Un11211,TRUE,,O[CH1]1[CH1]([CH1](O[#6])[CH1](O[#6]1)O[cH0](:[#6]):[#6])O
insilico,2881,11215,Un11215,TRUE,,[#8]=[CH0]([cH0]1:[cH1]:[cH0]([#8]):[#6](:[cH0](:[cH1]1)[#8]))[#7]
insilico,2882,11217,Un11217,TRUE,,[#6][CH1]([CH1]=[CH0]([#6])[CH3])[#6]
insilico,2883,11221,Un11221,TRUE,,[CX4][CH1]([CH0](=[OH0])[OX2])[OH1]
insilico,2884,11222,Un11222,TRUE,,[NX3][cX3]([nH0][cX3]([nX2]a))a
insilico,2885,11223,Un11223,TRUE,,[CX4][SH0][CH2][CH1]([CH0](=[OH0])[OH1])[NX3]
insilico,2886,11226,Un11226,TRUE,,[CX4][CX4]([CH2][CX4]([CX4]([CH3])))
insilico,2887,11227,Un11227,TRUE,,[CX4][CX4]([CX4][cX3](a)[cH1][cX3]a)([CH2][CX4])
insilico,2888,11229,Un11229,TRUE,,[cX3]1[cX3]([cH1][cH0]([cH1][cH1]1)[OH0][CX4]([CX4]))
insilico,2889,11231,Un11231,TRUE,,[cX3]1[cH0]([cH1][cH1][cX3]([cH1]1))[FH0]
insilico,2890,11236,Un11236,TRUE,,[cX3]1[cH1][cH0]([cH1][cH0]([cH0]1[OH0][CH3])[OX2])-[cX3](a)[oX2]a
insilico,2891,11240,Un11240,TRUE,,[cX3]1[cH1][cH1][cH0]([cH1][cH1]1)[NH1][CX3][NH1][CX4]
insilico,2892,11241,Un11241,TRUE,,[CH2]1[CH2]O[CH2][CH2][#7]1
insilico,2893,11243,Un11243,TRUE,,[CX3](=[CX3]([CH0](=[OH0])[CX4][OH1]))
insilico,2894,11247,Un11247,TRUE,,[OX2][cH0]([cH0]([cX3]a)[OX2])[cX3](a)[OH1]
insilico,2895,11250,Un11250,TRUE,,[CX4][PX4](=[OH0])[OH1]
insilico,2896,11251,Un11251,TRUE,,[CH3][cH0](:[cH0](:[#6])N):[#6]
insilico,2897,11253,Un11253,TRUE,,[CX4][CX4]([CH2][cX3]([cH1][cX3]([cX3](a)[OX2]))a)
insilico,2898,11255,Un11255,TRUE,,O=[CH0]([CH1]([CH2][#6])N[CH0](=O)[CH1]([CH2][cH0]1:[cH1]:[cH1]:[cH1]:[cH1]:[cH1]1)N)[#7]
insilico,2899,11257,Un11257,TRUE,,O=[CH0](N[#6])[cH0]1:[cH1]:[cH1]:[#6](:[cH1]:[cH1]1)
insilico,2900,11259,Un11259,TRUE,,[CX4][CH2][OH0][CX4]
insilico,2901,11260,Un11260,TRUE,,[CX4][CH0]1([CX4]([CX4]([CX4]([CH2][CX4]1)))[OX2])[CX4]
insilico,2902,11262,Un11262,TRUE,,[cH1]1[cH1][cH1][cH0]([cH1][cH1]1)[CH2][CX4]([CH0](=[OH0])[NH1][CX4][CX3])
insilico,2903,11263,Un11263,TRUE,,[#8]=[CH0]([CH1]([CH2][#8])N)[#8]
insilico,2904,11264,Un11264,TRUE,,[cX3](a)(a)[CH2][CH1]([CH0](=[OH0])[OH1])[NH1][CH0](=[OH0])[CX4]
insilico,2905,11265,Un11265,TRUE,,[#7][cH0]1:s:[cX3](:[cX3]:[cH0]1[#6])
insilico,2906,11267,Un11267,TRUE,,[CH3]O[cH0]1:[cH0](:[cX3](:[cH0](:[cX3](:[cX3]1))[#6]))[#6]
insilico,2907,11274,Un11274,TRUE,,[CH3][CH0]1([#6])[CH1]([#6])[#6][CH1]=[CH0]([CH1]1[CH2][#6])[#6]
insilico,2908,11278,Un11278,TRUE,,[cX3](a)([cX3](a)[CH2][nX3]([cH0]1[cH1][cH1][cH1][cH1][cX3]1a)a)
insilico,2909,11288,Un11288,TRUE,,[CX4]([CX4][CH0](=[OH0])[OH1])[OH1]
insilico,2910,11289,Un11289,TRUE,,[cX3]1[cH1][cH1][cH0]([cH1][cH1]1)[NX3]([CX4])
insilico,2911,11290,Un11290,TRUE,,[CX3](=[OH0])[cH0]1[cH0]([CX3])[cX3][cX3]([cH1][cH1]1)
insilico,2912,11291,Un11291,TRUE,,O=[CH0]([#6])[CH2]O
insilico,2913,11296,Un11296,TRUE,,[#8]=[CH0](O[CH2][#6])[cH0](:[#6]):[cH1]:[cH0](:[#6])O
insilico,2914,11297,Un11297,TRUE,,[CH3]O[cH0](:[#6]):[cH1]:[cH0](:[#6])[CH1]=[#6]
insilico,2915,11302,Un11302,TRUE,,[CX3](=[OH0])[NH1][CH2][CH2][cH0]([cX3]a)[cX3](a)a
insilico,2916,11305,Un11305,TRUE,,[cX3]1[cH1][cH0]([cH1][cX3]([cX3]1))[CX4]([CX4][CX4])
insilico,2917,11307,Un11307,TRUE,,[cX3](a)([cX3]a)[OH0][CX4][cH0]([cX3]a)[cX3]a
insilico,2918,11309,Un11309,TRUE,,O[CH1]([CH2][cH0](:[#6]):[#6])[#6]
insilico,2919,11313,Un11313,TRUE,,[CX4][cX3]([cX3]([cX3]([cH1][cX3](a)[OH0][CH3])))a
insilico,2920,11316,Un11316,TRUE,,[nX2](a)[cH0]([nX2]a)[cX3](a)[cX3](a)
insilico,2921,11317,Un11317,TRUE,,[CX4][NH1][CH0](=[OH0])[CX4]([cX3](a)[cH1][cH1][cX3]a)
insilico,2922,11319,Un11319,TRUE,,O[CH1]1[CH1]([CH1]([CH1](O[#6])O[CH1]1[#6])O[CH0](=O)[#6])O
insilico,2923,11323,Un11323,TRUE,,[CX4][CX4][CH2][CH1]([CX4])[OX2]
insilico,2924,11325,Un11325,TRUE,,[CX4][cH0]1[cH1][cH0]([cX3]([cX3]([cH0]1[CX3](=[OH0]))))[OH0][CH3]
insilico,2925,11326,Un11326,TRUE,,[CH3][CX4]([CX4])([CX4]([CX4]([CX4]))([CX3]))
insilico,2926,11327,Un11327,TRUE,,O[CH1]1[CH1]([CH1]([CH1](O[CH1]2[CH1]([CH1](O[#6])O[#6]([#6]2))O)O[#6]1)O)O
insilico,2927,11328,Un11328,TRUE,,[CH3]O[CH0](=O)[CH0]([#6])([#6])O
insilico,2928,11329,Un11329,TRUE,,[CX4][NH1][CX3][CH2][CX4]([CX3](=[OH0]))
insilico,2929,11330,Un11330,TRUE,,[CX4]([CH2][CX4]([CH0](=[OH0])[OH1])[NH2])
insilico,2930,11332,Un11332,TRUE,,[cX3](a)([nH0][cX3](a))[NH2]
insilico,2931,11334,Un11334,TRUE,,[CX4]([CX4])[cH0]1[cH1][cH1][cH1][cH1][cH1]1
insilico,2932,11336,Un11336,TRUE,,[OX2][CH0](=[OH0])[NH1][CX4][CH2][CX4]
insilico,2933,11338,Un11338,TRUE,,[cX3]1[cH1][cH1][cH0]([cH1][cH1]1)[CX4]([CX4][NH2])
insilico,2934,11341,Un11341,TRUE,,[#9][cH0]1:[cH1]:[cX3](:[cX3](:[cH1]:[cH1]1))
insilico,2935,11342,Un11342,TRUE,,O[cH0]1:[cH1]:[cH0](:[#6]:[cH0](:[cH0]1[#6])[#8])O[CH3]
insilico,2936,11348,Un11348,TRUE,,[CX4]1[CX4]([CX4]([CX4][CH0]([CX4]1[CH3])([CH2][CH2][CX4])[CH3]))
insilico,2937,11349,Un11349,TRUE,,[cX3](a)[cX3]([cX3]([cH0]1[cX3](a)[cH1][cH1][cH1][cX3]1))
insilico,2938,11350,Un11350,TRUE,,[#7][CH2][CH2][CH2][CH2][#6]
insilico,2939,11351,Un11351,TRUE,,[NX3][CH2][CX4]([CX4]([CX4]([CX4]([CX4]))))
insilico,2940,11353,Un11353,TRUE,,[#6][CH1]([CH2][#6])O[CH0]([CH1]=[#6])=O
insilico,2941,11354,Un11354,TRUE,,[CX4][CX4]([cH0]1[cH1][cH1][cH0]([cH1][cH1]1)[NX3])
insilico,2942,11356,Un11356,TRUE,,O=[CH0]([#7])[cH0]1:[#6]:[#6](:[cH0](:[cH1]:[cH1]1)O)
insilico,2943,11359,Un11359,TRUE,,[#6][CH1]([CH2][#6])[CH0](=[#8])[CH1]=[#6]
insilico,2944,11362,Un11362,TRUE,,O[CH1]1[CH1]([CH1]([CH1](O[CH1]2[CH2][CH2][CH0]([#6])([#6]([#6]2))[#6])O[CH1]1[CH2]O)O)O
insilico,2945,11363,Un11363,TRUE,,[CX4]1[CH1]([OH0][cH0]([cH1][cX3](a))[cX3](a)[CX3]1)[cH0]1[cH1][cX3]([cH0]([cH1][cH1]1)[OH1])
insilico,2946,11365,Un11365,TRUE,,[OX2][cH0]1[cH0]([cH1][cH1][cH0]([cH1]1)[CH2][CX4])[OH1]
insilico,2947,11366,Un11366,TRUE,,[CH3][cH0]([cX3]([cH1][cX3]a))[cX3]a
insilico,2948,11369,Un11369,TRUE,,[NX3]([CX4])[CH0](=[OH0])[cH0]1[cH1][cX3]([cH1][cX3]([cH1]1))
insilico,2949,11370,Un11370,TRUE,,N[cH0]1:[cH0]2:n:[cH1]:n([CH1]3O[CH1]([#6]([#6]3))[CH2]O[#15]):[cH0]2:n:[#6]:n1
insilico,2950,11371,Un11371,TRUE,,O[cH0]1:[#6](:[#6]:[cH0](:[cH0](:[cH1]1)O[#6])[CH2][#6])
insilico,2951,11372,Un11372,TRUE,,[CH3][CH1]([CH2][CX4])[CH2][CX3]
insilico,2952,11374,Un11374,TRUE,,O=[CH0]([cH0](:[cH0]1:[cH0](:[cH1]:[cH1]:[cH1]:[cH1]1):[#7]):[#6])[#8]
insilico,2953,11379,Un11379,TRUE,,[cH1]1:[cX3]:[cH1]:[cH0](:[cX3](:[cX3]1))[#8]
insilico,2954,11380,Un11380,TRUE,,[#8]=[CH0](N[cH0](:s:[#6]):[#7])[#6]
insilico,2955,11382,Un11382,TRUE,,[cX3]1[cH1][cX3]([cX3]([cX3]([cH0]1-[cH0]([cX3](a)[OH0][CH3])[cX3](a))))
insilico,2956,11383,Un11383,TRUE,,O=[CH0](O[CH1]([#6])[#6])[cH0](:[#6]):[cH1]:[cH0](:[#6])[#8]
insilico,2957,11385,Un11385,TRUE,,[CX4][CX4][CX4]([CH0](=[OH0])[NH1][CH1]([CH2][cH0]1[cH1][cH1][cH1][cH1][cH1]1)[CH0](=[OH0])[OH1])
insilico,2958,11386,Un11386,TRUE,,[NX3][CH1]([CX4][OH1])[CH0](=[OH0])[NX3]
insilico,2959,11389,Un11389,TRUE,,[CX4]12[CH2][CH2][CX4]([CX4]([CH1]1[CH2][CX4]([CX4]2[OH1])))
insilico,2960,11390,Un11390,TRUE,,[CX4]([CX4][CX4]([cH0]1[cH1][cH0]2[cH0]([cH1][cX3]1)[OH0][CH2][OH0]2))
insilico,2961,11392,Un11392,TRUE,,[#8]=[CH0]([CH2][CH2][CH2][CH2][#6])[#7]
insilico,2962,11396,Un11396,TRUE,,[CH3][CH0]12[CH0](=[CH1][CH2][CH1]([CH1]1[#6])[#6])[CH2][CH1]([CH2][CH2]2)O[#6]
insilico,2963,11399,Un11399,TRUE,,[CX3](=[OH0])[CH2][CH2][CH1]([CX3](=[OH0]))[NH2]
insilico,2964,11400,Un11400,TRUE,,[CH3][OH0][cX3](a)[cH0]([cX3](a)[OX2])[CX3](=[OH0])
insilico,2965,11401,Un11401,TRUE,,[CX4]1[CH1]([CH2][CX4]([CX4]1[CH3]))[OX2]
insilico,2966,11403,Un11403,TRUE,,Cl[cH0]1:[cH1]:[cX3](:[cH1]:[cX3](:[cX3]1))
insilico,2967,11404,Un11404,TRUE,,[cX3](a)[cX3](a)[OH0][CX4][OX2]
insilico,2968,11407,Un11407,TRUE,,[cX3]1[cH1][cH0]([cH0]([cH1][cH1]1)[NH1][CX3](=[OH0]))[CX3]
insilico,2969,11409,Un11409,TRUE,,[CH3][CH0]1([CH0](=[CH1][CH2][CH1]([#6]1)[#6])[#6])[#6]
insilico,2970,11411,Un11411,TRUE,,O[CH1]1[CH1]([CH1](O[CH1]2[CH1]([#6]([#6]O[CH1]2[#8]))O)O[CH2][CH1]1O)O
insilico,2971,11412,Un11412,TRUE,,O=[N+]([cH0]1:[cH1]:[#6](:[#6](:[cH1]:[cH1]1)))[O-]
insilico,2972,11415,Un11415,TRUE,,[CX4]([CH1]([CH1]([CX4][OH0][CH0](=[OH0])[CH3])[OH0][CH0](=[OH0])[CH3])[OX2])
insilico,2973,11416,Un11416,TRUE,,[CX4][CX4]([cH0]1[cX3]([cH1][cX3]([cH1][cH1]1)))[OH1]
insilico,2974,11417,Un11417,TRUE,,[CX4]([CX4][CH2][OH0][CX3])[OH0][CH0](=[OH0])[CH3]
insilico,2975,11418,Un11418,TRUE,,[CX4]([OX2])[cH0]1[cH1][cX3]([cH0]([cH1][cH1]1)[OX2])
insilico,2976,11420,Un11420,TRUE,,[CX3](a)(=[OH0])[cX3](a)[cH1][cH1][cX3](a)[ClH0]
insilico,2977,11421,Un11421,TRUE,,[cH1]([cX3]a)[cH1][cX3](a)[nH0][cX3](a)[SH0][CH2][CX3](=[OH0])
insilico,2978,11422,Un11422,TRUE,,[CX4]([CX4]([CX4][CX4][CH0](=[OH0])[OX2]))[CH3]
insilico,2979,11423,Un11423,TRUE,,[cX3]1[cX3][cH0]2[cH1][cH1][cH1][cH1][cH0]2[nX3]1
insilico,2980,11426,Un11426,TRUE,,[NX3][CX4]([CX4][OH1])
insilico,2981,11427,Un11427,TRUE,,[CX4][CX4]([CH1]([CX4][CH3])[OX2])
insilico,2982,11428,Un11428,TRUE,,[OX2][cH0]1[cH1][cH0]([cH1][cH0]([cH0]1[OH0][CH3])[OH0][CH3])[CX4]
insilico,2983,11430,Un11430,TRUE,,[CH3]O[cH0]1:[#6](:[#6]:[cH0](:[cH0](:[cH0]1[#8])[#6])[#6])
insilico,2984,11431,Un11431,TRUE,,[CX4]1[CH2][CH1]([CX4])[CX4]([CX4]1[CX3](=[OH0]))[CH3]
insilico,2985,11432,Un11432,TRUE,,[cX3](a)[cH1][cH0]([cX3](a)[CX4])[CH0](=[OH0])[NX3]
insilico,2986,11436,Un11436,TRUE,,[CX4]([CX4]([CX4]))[CX4]([CX4][NX3])
insilico,2987,11437,Un11437,TRUE,,N[CH2][CH2][cH0]1:[#6](:[#6]:n:[cH1]1)
insilico,2988,11442,Un11442,TRUE,,[CX4]([CX4]([CX4][cH0]1[cH1][cH1][cH1][cH1][cX3]1))[NX3]([CX4])
insilico,2989,11443,Un11443,TRUE,,[cX3](a)[cH0]([cX3]([cX3]a))-[cX3]([cX3][cH0]([cX3](a)a)[cH1][cX3]a)a
insilico,2990,11448,Un11448,TRUE,,[CX4]1([CX4]([CX4]([CH1]([CX4]([CH1]1[OX2]))[OX2])))
insilico,2991,11449,Un11449,TRUE,,[CX3][CX4][OH1]
insilico,2992,11450,Un11450,TRUE,,[CX4]([CX4]([CX4]([CX4][OX2])))[NH2]
insilico,2993,11452,Un11452,TRUE,,[CH3][CH0](=[OH0])[NH1][CX4]([CH2][CX4])
insilico,2994,11454,Un11454,TRUE,,[OX2][cH0]1[cX3]([cH0]([cX3]([cH0]([cH1]1)[CX3]))[OH1])
insilico,2995,11455,Un11455,TRUE,,[CH3][CX4]([CH2][CX4]([CX4]([CH3])))
insilico,2996,11458,Un11458,TRUE,,[#6][CH2][cH0]1:[cH1]:[cH1]:[#6](:[cH1]:[cH1]1)
insilico,2997,11459,Un11459,TRUE,,[CX4]([CH2][CX4]([CH0](=[OH0])[NH1][CX4][CX3]))
insilico,2998,11462,Un11462,TRUE,,[cX3](a)([cH0]([cX3]a)[cH0]([cX3]a)[cX3](a))
insilico,2999,11463,Un11463,TRUE,,[CX4][CH2][CX4][OH0][CH1]1[CH1]([CH1]([CH1]([CX4]([OH0]1))[OH1])[OH1])[OH1]
insilico,3000,11466,Un11466,TRUE,,I[cH0](:[#6]):[cH1]:[cH0]([#6]):[#6]
insilico,3001,11467,Un11467,TRUE,,[CX4][OH0][cH0]1[cH0]([cH1][cH1][cH0]([cH1]1)[CX4]([CX4]))[OX2]
insilico,3002,11469,Un11469,TRUE,,n1:[cH1]:n:[cX3](:[cH0]1[#6])
insilico,3003,11470,Un11470,TRUE,,[CH3][cH0]([cX3]a)[cH0]1[cH1][cX3]([cX3]([cH1][cX3]1a))
insilico,3004,11471,Un11471,TRUE,,[CH2]([CX4])[NH0]([CH2][CX4])[cX3](a)[nH0][cX3]([nX2]a)
insilico,3005,11472,Un11472,TRUE,,[CX3]=[CH1][CX4]([CX4]([CH2][OH1]))
insilico,3006,11476,Un11476,TRUE,,[CX3][CH2][NH1][CX3][CX4]
insilico,3007,11477,Un11477,TRUE,,[#8][cH0]1:[cH0]([#6]):[cX3](:[cH1]:[cH0](:[cH0]1[#6])[#8])
insilico,3008,11478,Un11478,TRUE,,O[cH0](:[#6]):[cH0](:[cH0]([#8]):[#6])[#6]
insilico,3009,11479,Un11479,TRUE,,[CX4][OH0][CH0](=[OH0])[CX4][cH0]1[cH1][cH1][cH1][cH1][cH1]1
insilico,3010,11481,Un11481,TRUE,,[cX3]([cH0]([cH1][cX3]([cX3]a))[NH2])a
insilico,3011,11482,Un11482,TRUE,,[CX4][cX3]([cH0]([nH0][cX3](a))[CH3])a
insilico,3012,11483,Un11483,TRUE,,[CH3][CX4]([CH2][CX3](=[OH0]))[OH1]
insilico,3013,11485,Un11485,TRUE,,[CH3][CH1]([CX4][OX2])[OH1]
insilico,3014,11486,Un11486,TRUE,,O[cH0](:[#6]):[cH1]:[cH0]([CH2][CH2][#6]):[#6]
insilico,3015,11490,Un11490,TRUE,,[CH3][CH0]12[CH2][CH2][CH0](=[#8])[CH1]=[CH0]1[CH2][CH2][CH1]([CH1]2[#6])[CH1]([#6])[#6]
insilico,3016,11491,Un11491,TRUE,,[CH2]([CH2][NX3][CX4])[NH1][CX3]
insilico,3017,11493,Un11493,TRUE,,[cX3]1[cH0]([cH0]([cX3]([cH1][cH1]1))[CH0](=[OH0])[OH1])[OX2]
insilico,3018,11496,Un11496,TRUE,,[cX3]1[cH1][cH0]([cH1][cH0]([cH0]1[OX2])[OH0][CH3])-[cX3](a)a
insilico,3019,11500,Un11500,TRUE,,[#8][CH1]1[CH1]([CH1]=[CH1][#6])[CH1]([#6]([CH2]1))[#6]
insilico,3020,11501,Un11501,TRUE,,[OX2][cX3]([cX3](a)[OH0][CH1]1[CH1]([CH1]([CH1]([CH1]([OH0]1)[CH2][OH1])[OH1])[OH1])[OH1])a
insilico,3021,11502,Un11502,TRUE,,O=[N+]([cH0]1:[cX3]:[cH1]:[cH1]:[cX3](:[cH1]1))[O-]
insilico,3022,11505,Un11505,TRUE,,[CX4][CX4]([CX4]([CX4]))[CH3]
insilico,3023,11507,Un11507,TRUE,,[#8]=[CH0]([CH2][CH2][CH2][#6])N[CH1]([CH2][#8])[#6]
insilico,3024,11509,Un11509,TRUE,,[CH2]1[CH2][NH0]([CH2][CH2][CX4]1)[CH2][cH0]([cX3]a)[cH1][cX3]a
insilico,3025,11511,Un11511,TRUE,,[#6][CH0](=[CH1][CH2][CH2][CH0]([#6])([#8])[CH3])[CH3]
insilico,3026,11513,Un11513,TRUE,,[CX4]([CH2][CH2][OH0][CX3](=[OH0]))
insilico,3027,11518,Un11518,TRUE,,[#7][CH2][CH2][cH0](:[cH1]:[#6]):[#6]
insilico,3028,11520,Un11520,TRUE,,[#8][cH0]1:[#6](:[cH1]:[cH0]([CH0](O[#6])=O):[cH1]:[cH0]1[#8])
insilico,3029,11522,Un11522,TRUE,,O[cH0]1:[cH1]:[cX3]:[cH0](:[cH1]:[cH0]1Cl)[#6]
insilico,3030,11523,Un11523,TRUE,,[#8]=[CH0]([#6])[cH0]1:[cH1]:[#6](:[#6]:[cH1]:[cH1]1)
insilico,3031,11527,Un11527,TRUE,,O[CH1]1[CH1]([CH1]([CH1]([CH2]O[CH0]([#6])=O)O[CH1]1O[cH0](:[#6]):[cH1]:[#6])O)O
insilico,3032,11528,Un11528,TRUE,,n1:[cX3]:[cH0]2:[cH1]:[cH1]:[cH1]:[cH1]:[cH0]2:n:[cH0]1[#6]
insilico,3033,11529,Un11529,TRUE,,[CH3][CX4][CX4][CH0]1([CX4][CX4]([CX4]([CH2][CX4]1)))[CH3]
insilico,3034,11530,Un11530,TRUE,,[cX3](a)[nX3]([cH1][cX3]a)
insilico,3035,11531,Un11531,TRUE,,[CH3][CH0]([CH1]([#6])[#6])([CH1]([CH2][CH2][#6])[#6])[CH2][#6]
insilico,3036,11533,Un11533,TRUE,,[cH1]([cH0]([cX3](a))[ClH0])[cX3](a)[NH2]
insilico,3037,11534,Un11534,TRUE,,[CX4]([OX2])[CX4]([CX3])
insilico,3038,11535,Un11535,TRUE,,[cX3]1[cH1][cH0]([cH1][cH0]([cH0]1[CX3](=[OH0]))[OX2])[OH1]
insilico,3039,11536,Un11536,TRUE,,[CX4](a)[OH0][cH0]1[cX3][cH0]([cX3]([cH0]([cH1]1)[OH1]))[OH1]
insilico,3040,11537,Un11537,TRUE,,[#8]=[CH0]([CH2][CH2][CH2][CH2][#6])[#8]
insilico,3041,11538,Un11538,TRUE,,[CX4][CX4]([CH2][nX3](a)[cH0]1[cH1][cH1][cH1][cH1][cX3]1a)
insilico,3042,11539,Un11539,TRUE,,[cX3](a)[nH0][cH0]([cX3](a))[CX4]
insilico,3043,11541,Un11541,TRUE,,F[cH0](:[cH0](:[#6])Cl):[#6]
insilico,3044,11543,Un11543,TRUE,,[cX3](a)[cH0]([cX3]([cH1][cX3](a)))[NX3]
insilico,3045,11545,Un11545,TRUE,,[CX3](=[OH0])[CH1]([NH1][CH0](=[OH0])[CH1]([NX3])[CX4])[CH2][cH0]1[cH1][cH1][cH0]([cH1][cH1]1)[OH1]
insilico,3046,11546,Un11546,TRUE,,[CX4]([NH1][cH0]1[cX3][cH1][cX3]([cH1][cH1]1))[CX3]
insilico,3047,11548,Un11548,TRUE,,[CH3][CH2]O[cH0]1:[cH1]:[cH0](:[cH1]:[cX3](:[cH0]1[#8]))[#6]
insilico,3048,11549,Un11549,TRUE,,[#7][CH1]([CH2][CH2][CH2]N[#6])[#6]
insilico,3049,11556,Un11556,TRUE,,[CX4]([CX4]([CX4]([CH3])[CH3])([CH2][CX4]))
insilico,3050,11558,Un11558,TRUE,,[NX3][CH1]([CX4])[CH1]([CX4][OX2])[OH1]
insilico,3051,11559,Un11559,TRUE,,[OX2][cX3](a)[cH1][cX3]([cX3]([cX3](a)[OX2]))
insilico,3052,11560,Un11560,TRUE,,[cH1]1[cH1][cH1][cH0]([cH1][cH1]1)[CH2][NH1][cX3](a)a
insilico,3053,11562,Un11562,TRUE,,N[CH2][CH2][CH2][CH2][CH2][CH2][CH2][#6]
insilico,3054,11563,Un11563,TRUE,,O=[N+]([cH0](:[cH0](:[#6])O):[#6])[O-]
insilico,3055,11566,Un11566,TRUE,,[cX3]([cH0]([cH0]([cX3](a))[ClH0])[OH1])a
insilico,3056,11571,Un11571,TRUE,,[CX4]([CX4][OH0][CX4])[CX4]([CH3])
insilico,3057,11572,Un11572,TRUE,,[#8]=[CH0]([#8])[CH1]([CH2][CH2][CH2][#6])[#7]
insilico,3058,11573,Un11573,TRUE,,[cX3](a)(a)-[cX3](a)[nH0][cX3]([cH1][cX3](a))
insilico,3059,11574,Un11574,TRUE,,[cX3]([cX3]([cX3](a)[SH0][cX3]([cH1][cH1][cX3]a)a))a
insilico,3060,11575,Un11575,TRUE,,[CX4][CX4]([CH1]([CH1]([CX4])[OH1])[NX3])
insilico,3061,11577,Un11577,TRUE,,[CX4]([CH1]1[CX4]([CX4]([CH1]([OH0]1)[nX3](a)[cX3](a))))
insilico,3062,11579,Un11579,TRUE,,[#8][cH0]1:[cH1]:[cX3]:[cH1]:[cH0](:[cH0]1[#6])[#8]
insilico,3063,11584,Un11584,TRUE,,[CX3]([NX3])[NX3]
insilico,3064,11585,Un11585,TRUE,,[CX4]([CX4]([CH2][CX4]))[cH0]1[cX3][cH1][cH1][cX3]([cH1]1)
insilico,3065,11586,Un11586,TRUE,,[CX4]([CX4]([CX4]([CX4])))[cH0]1[cH1][cH1][cX3]([cH1][cH1]1)
insilico,3066,11588,Un11588,TRUE,,[#6][cH0]1:[cH1]:[cH1]:n:[cH1]:[cH1]1
insilico,3067,11589,Un11589,TRUE,,[cX3](a)([cX3](a)[cH0]([nX2]a)[NH2])a
insilico,3068,11591,Un11591,TRUE,,[CH3][CH0]([#6])([CH0]([CH2][#6])=[CH1][#6])[#6]
insilico,3069,11592,Un11592,TRUE,,S=[CH0](N[cH0]1:[cH1]:[#6]:[#6]:[cH1]:[cH1]1)N
insilico,3070,11593,Un11593,TRUE,,[#6][CH1]([CH1]([CH0](=[#8])N[CH1]([#6])[#6])N)[#8]
insilico,3071,11596,Un11596,TRUE,,[CH3][CX4]([CH2][CX3](=[CH1][CX4][CX4]))
insilico,3072,11598,Un11598,TRUE,,O[CH2][CH1]([#6])O
insilico,3073,11599,Un11599,TRUE,,[CH3][CH0]1([CH1]([CH2][CH1]([#6][#6]1)[#8])[#6])[#6]
insilico,3074,11600,Un11600,TRUE,,[#6][CH1]([#6])[CH1]([CH1]([CH3])[#6])[#8]
insilico,3075,11602,Un11602,TRUE,,[cX3]1[cH0]([cH0]([cX3]([cH1][cH1]1))[CX3]=[OH0])[OH0][CH3]
insilico,3076,11604,Un11604,TRUE,,[CH3][CH1]([CH1]([#6])O[CH1]([#6])O[CH1]([#6])[CH3])[#8]
insilico,3077,11605,Un11605,TRUE,,[cX3]([cX3](a))[cH0]([cX3](a)a)[cX3]([cX3]([cX3](a)))
insilico,3078,11617,Un11617,TRUE,,[CX4][CH2][NX3][cX3](a)[nX2]a
insilico,3079,11619,Un11619,TRUE,,O=[CH0]([CH2][CH2][CH2][CH2][CH2][CH2][CH2][CH2][CH2][CH2][CH2][CH2][#6])O[CH2][CH1]([CH2]O[#15])O[CH0](=O)[CH2][CH2][#6]
insilico,3080,11620,Un11620,TRUE,,[CX4]([CX4])[CH1]([CX4]([CH2][CX3]))[CX4]
insilico,3081,11623,Un11623,TRUE,,[#9][cH0](:[cH0](:[#6])F):[cH1]:[#6]
insilico,3082,11629,Un11629,TRUE,,[cX3](a)[cH1][cH1][cX3](a)[CX3][NH1][cH0]1[cH1][cX3]([cH1][cH1][cH1]1)
insilico,3083,11630,Un11630,TRUE,,[NX4+]([CH3])([CH3])[CH2][CX4]([CX4])
insilico,3084,11632,Un11632,TRUE,,[CX4]([CH2][CH1]1[CX4][CX4]([CH2][CH1]([CX4]1)[CX4]))
insilico,3085,11634,Un11634,TRUE,,[CH3][CH2][OH0][CH0](=[OH0])[CX4]
insilico,3086,11635,Un11635,TRUE,,[CX4]([CX4]([CX4][CX3]))[OH1]
insilico,3087,11636,Un11636,TRUE,,[cH1]([cX3](a)-[cX3]([cX3]([cH1][cX3]([cX3]a)))a)[cX3]a
insilico,3088,11638,Un11638,TRUE,,[CX4]([CH0](=[OH0])[NH1][CX4]([CH2][cH0]1[cH1][cH1][cH1][cH1][cH1]1))[NH1][CX3](=[OH0])
insilico,3089,11640,Un11640,TRUE,,[CH3][CH1]([CX4])[CX4]([CH3])[OH1]
insilico,3090,11641,Un11641,TRUE,,[cX3](a)[cX3](a)[CX4]([CH2][CX3](=[OH0]))
insilico,3091,11642,Un11642,TRUE,,[cX3](a)[cX3]([cH1][cX3]([cX3](a)[OH0][CH1]1[CH1]([CH1]([CH1]([CH1]([OH0]1)[CH2][OH1])[OH1])[OH1])[OH1]))
insilico,3092,11644,Un11644,TRUE,,[CX4]([CH1]([CX3])[NH1][CX3](=[OH0]))[CX4]([CX4])
insilico,3093,11647,Un11647,TRUE,,[#8]=[CH0]([#7])[CH1]=[CH1][cH0](:[cH1]:[#6]):[cH1]:[#6]
insilico,3094,11648,Un11648,TRUE,,[CX4]([CH2][CH2][CX3](=[OH0]))[CX4]([CX4]([CH2][CX4]))
insilico,3095,11650,Un11650,TRUE,,[CX4]([CX4]([cH0]1[cX3]([cH1][cH1][cX3]([cX3]1))))[CX4]([CH3])[CH3]
insilico,3096,11653,Un11653,TRUE,,[cX3]1[cH1][cH0]2[cH0]([cX3]([cH0]1[CX4]))[OH0][CH2][OH0]2
insilico,3097,11655,Un11655,TRUE,,[CX3][CH2][NX3][CH2][CH2][NX3][CH2][CX4]
insilico,3098,11657,Un11657,TRUE,,[#6][CH2]N([#6])[CH2][CH2][#6]
insilico,3099,11659,Un11659,TRUE,,[CH2]([CH1]1[CH1]([CH1]([CH1]([OH0]1)[nX3]([cX3]a)a)[OH1])[OH1])[OX2]
insilico,3100,11661,Un11661,TRUE,,[CX4][cH0]1[cH1][cH0]([cH1][cH1][cH1]1)[OH0][CX4]
insilico,3101,11662,Un11662,TRUE,,[CH2]([CX4])[CX4]([CH2][CX4])([CX3](=[OH0]))
insilico,3102,11664,Un11664,TRUE,,[#6]1[#6]N([CH2][CH2]N1[CH2][#6])[cH0](:[#6]):[#6]
insilico,3103,11666,Un11666,TRUE,,[CX4]([CH3])[CH0]([CX4])([CX4])[OH1]
insilico,3104,11673,Un11673,TRUE,,[cX3](a)[cH0]([cX3]([cX3](a)[cX3]a)a)[BrH0]
insilico,3105,11674,Un11674,TRUE,,[CH2]([CX4])[CX4][FH0]
insilico,3106,11675,Un11675,TRUE,,[CH3][CH1]([CH2][#6])[CH1]1[CH2][CH2][CH1]([CH0]1([#6])[CH3])[#6]
insilico,3107,11676,Un11676,TRUE,,[cX3](a)[cH0]([cH1][cX3](a)[OH0][CX4])[OH1]
insilico,3108,11680,Un11680,TRUE,,[cX3](a)([cX3](a)-[cX3]([cX3]([cX3](a)[OH1]))a)[OX2]
insilico,3109,11681,Un11681,TRUE,,O=[CH0]([#8])[cH0](:[#6]):[cH1]:[#6]
insilico,3110,11683,Un11683,TRUE,,[cX3](a)([cX3](a)[cH0]([cX3]a)[OH0][CX4]([CX4][OH1]))a
insilico,3111,11685,Un11685,TRUE,,[CX4][cH0]1[cH1][cH1][cX3]([cH1][cH1]1)
insilico,3112,11686,Un11686,TRUE,,[#6][CH2][CH1]([#6])N([CH0](=[#8])[#6])[#6]
insilico,3113,11687,Un11687,TRUE,,[cX3](a)([nX2]a)[CX4]([CH2][CH2][CX4])
insilico,3114,11688,Un11688,TRUE,,O=[CH0](N[cH0](:[cH1]:[#6]):[#6])[CH2][#7]
insilico,3115,11690,Un11690,TRUE,,[CX4][CH2][CX4]([CX4]([CH2][CH1]([CX4])[CH3]))
insilico,3116,11691,Un11691,TRUE,,[cX3](a)[cH1][cX3](a)[nH0][nX2]a
insilico,3117,11692,Un11692,TRUE,,[nX2](a)[cX3]([cX3](a)[cX3](a)[cX3]([cH1][cH1][cX3]a)a)a
insilico,3118,11693,Un11693,TRUE,,[#16][CH2][cH0]1:[cH1]:[cH1]:[cH1]:[#6](:[cH1]1)
insilico,3119,11695,Un11695,TRUE,,[CH3][cH0](:[cH1]:[cH0](:[#7])[#6]):[#7]
insilico,3120,11696,Un11696,TRUE,,[CH3][OH0][cH0]1[cH1][cH1][cH0]([cH1][cH1]1)-[cX3]([cH1][cX3]a)a
insilico,3121,11697,Un11697,TRUE,,[cX3]1[cH1][cH0]([cH1][cH0]([cH0]1[OX2])[OX2])[CH1]=[CH1][CH0](=[OH0])[NX3]
insilico,3122,11698,Un11698,TRUE,,[CX4][CX4]([CX4][cX3]([cH1][oX2]a)a)[CH3]
insilico,3123,11703,Un11703,TRUE,,[#6][cH0](:[#6]):[cH0](:n:[#6])Cl
insilico,3124,11704,Un11704,TRUE,,[OX2][cH0]1[cX3]([cX3]([cX3]([cH0]([cX3]1)[OH1])))
insilico,3125,11705,Un11705,TRUE,,[CX4]([CH3])[CH1]1[CX4]([CX4]([CH0]([CX4])([CX4]([CX4]1))[CH3]))
insilico,3126,11707,Un11707,TRUE,,[CX4]([CX4][CH2][CH2][CH2][CX4])[NH1][CX3](=[OH0])
insilico,3127,11709,Un11709,TRUE,,[#6]N1[#6][#6]N([CH2][CH2]1)[CH2][cH0](:[#6]):[#6]
insilico,3128,11710,Un11710,TRUE,,[cX3](a)[cH1][cH1][cX3](a)[NH1][CX3][CX4]([CH3])
insilico,3129,11714,Un11714,TRUE,,N[cH0]1:[cH1]:[cH1]:[cX3](:[cH1]:[cX3]1)
insilico,3130,11717,Un11717,TRUE,,[CX4]([CH2][SX2])[CX4]
insilico,3131,11720,Un11720,TRUE,,[CH3][CX4][CX4]([CX4]([CX3]=[OH0])[OH1])
insilico,3132,11721,Un11721,TRUE,,N[CH0]([CH2][#6])([#6])[CH2][#6]
insilico,3133,11722,Un11722,TRUE,,O[CH1]([CH1]([CH1]([#6])O)O[CH3])[#6]
insilico,3134,11724,Un11724,TRUE,,[CX3][CX4]([CX4][CH2][CH0](=[OH0])[OH1])
insilico,3135,11726,Un11726,TRUE,,[cX3]([cX3](a)[OH0][CX4])[cX3]([cH1][cH1][cX3]a)a
insilico,3136,11728,Un11728,TRUE,,[#8]=[CH0]([CH2][CH2][#6])O[CH2][#6]
insilico,3137,11730,Un11730,TRUE,,[CX4]([CH1]([CX3])[NH2])[OH1]
insilico,3138,11731,Un11731,TRUE,,[cX3](a)(a)[cH0]([cH1][cX3](a))[cH1][cX3](a)
insilico,3139,11733,Un11733,TRUE,,[CX3](a)(=[OH0])[NX3][CX4]([CH2][cX3](a)[cH0]1[cH1][cH1][cH1][cH1][cX3]1a)
insilico,3140,11739,Un11739,TRUE,,O=[CH0]([CH2][#7])O
insilico,3141,11740,Un11740,TRUE,,O[CH1]1[CH2][CH0]([CH1]([#6])[#6][#6]1)([#6])[CH3]
insilico,3142,11742,Un11742,TRUE,,[CX4]1[CH2][CX4]([CX4][CH0]([CX4])([CX4]1[OX2])[CH3])
insilico,3143,11745,Un11745,TRUE,,[CX4][CH0]([CX4][CX4])([CX4][OH1])[CH3]
insilico,3144,11747,Un11747,TRUE,,[cH1]1:n:[cH0]2:[cH0](:n:[cH1]:n:[cX3]2):n1
insilico,3145,11751,Un11751,TRUE,,O=[CH0]([CH1]([CH2][#6])N[CH0]([CH1]([#7])[CH2][#6])=O)[#7]
insilico,3146,11753,Un11753,TRUE,,[CX4]1[CH2][CH2][CH2][CH2][CX4]1([CX4])
insilico,3147,11754,Un11754,TRUE,,[cX3]1[cX3][cX3][cH0]([cH1][cH1]1)[OH0][CH2][CX4]([CX4])
insilico,3148,11755,Un11755,TRUE,,[CH3][CH2]O[CH0](=O)[cH0](:[#6]):[#6]
insilico,3149,11756,Un11756,TRUE,,[CX4]([CX4]([CH1]([CX4]([CX4][CH3]))[CH3]))([CH3])
insilico,3150,11757,Un11757,TRUE,,[CH3]O[cH0]1:[cH1]:[cH0]2:[cH0](:n:[cH0](:[cX3]2)[#6]):[cH1]:[cH1]1
insilico,3151,11759,Un11759,TRUE,,[cH1]1[cH1][cH1][cH0]([cX3]([cH1]1)a)[nH0][cX3]a
insilico,3152,11760,Un11760,TRUE,,O=[CH0]([CH1](N[#6])[#6])N[CH1]([#6])[#6]
insilico,3153,11761,Un11761,TRUE,,[CH3][CH0]1([CH0]([#6][#6]([CH1]1[#6]))([#6])[CH3])[#6]
insilico,3154,11764,Un11764,TRUE,,[CH3][CH1]1[CH1]([CH1]([CH1]([CH1]([OH0]1)[OH0][CX4][CX4][OH0][CX4])[OH1])[OH1])[OH1]
insilico,3155,11766,Un11766,TRUE,,O=[CH0](N([#6])O)[#6]
insilico,3156,11767,Un11767,TRUE,,[#8][CH1]([CH1]([#6])[#8])O[CH1]([CH2][CH2][#6])[#6]
insilico,3157,11771,Un11771,TRUE,,O=[CH0]([CH2][CH2][CH2][CH2][CH2][CH2][CH2][#6])O[CH2][CH1]([CH2]OP(=O)(O)O)O
insilico,3158,11772,Un11772,TRUE,,O=[CH0]([cH0]1:[cH1]:[cH1]:[cH1]:[cH1]:[#6]1)[#6]
insilico,3159,11775,Un11775,TRUE,,[CH3][CX4][OX2]
insilico,3160,11777,Un11777,TRUE,,[cX3]1(a)[cH1][cX3]([cH0]([cH1][cH0]1[nX2]a)[ClH0])
insilico,3161,11779,Un11779,TRUE,,[cX3](a)([nH0][cX3](a)[NH2])[CX4]
insilico,3162,11780,Un11780,TRUE,,[CH2]1[CH1]([#7])[#6][#6][cH0]2:[cH0]1:[cH1]:[cH1]:[#6](:[#6]2)
insilico,3163,11781,Un11781,TRUE,,[CH3][CH2][CH2][CH2][CH2][CH1]=[CH1][CH2][CH1]=[CH1][CH2][#6]
insilico,3164,11783,Un11783,TRUE,,[NX3][CX4][CH0](=[OH0])[NH1][CX4]([CH2][CH2][SH0][CH3])
insilico,3165,11785,Un11785,TRUE,,[CH3]O[cH0]1:[cH0](:[cH1]:[cH0]([CH2][CH2][#7]):[cH0](:[cH1]1)[#6])[#8]
insilico,3166,11786,Un11786,TRUE,,[CX4][CH2][CH1]1[CX4]([CH2][CH2][CH1]([CX4]1)[CX4]([CX3]=[CH1][CX3](=[OH0])))
insilico,3167,11787,Un11787,TRUE,,[CX4][CH2][CX4]([CH2][CX4]([CH2][CX4]))
insilico,3168,11788,Un11788,TRUE,,[CX4]([CH2][cH0]([cH1][cX3](a))[cX3]a)[NX3]
insilico,3169,11789,Un11789,TRUE,,[NX3]1[CH2][CH2][CH2][CH1]1[CH0](=[OH0])[NH1][CX4][CX4]
insilico,3170,11793,Un11793,TRUE,,[#8][CH1]1[CH1]([CH1]([CH1]([#6])O[CH1]1O[CH1]([CH1]([CH2][#8])[#8])[CH1]([#6])[#8])[#8])O
insilico,3171,11794,Un11794,TRUE,,[#6]O[cH0]1:[cH0]([#6]):[cH0](:[cH0](:[cH1]:[cH1]1)[#6])[#8]
insilico,3172,11795,Un11795,TRUE,,[CX4]([CX4][CX4])[cH0]1[cH1][cH0]([cX3]([cH1][cX3]1))[OX2]
insilico,3173,11797,Un11797,TRUE,,O[cH0]1:[cX3]:[cH0](:[cX3](:[cH1]:[cH1]1))[#6]
insilico,3174,11800,Un11800,TRUE,,[cX3]1[cX3]([cH0]([cX3]([cH1][cH0]1[OX2]))[CH0](=[OH0])[CX4])
insilico,3175,11801,Un11801,TRUE,,[#8][CH1]1[CH1]2[CH1]([CH2][CH2][#6]([#6]2))[#6]([#6]([CH2]1))
insilico,3176,11804,Un11804,TRUE,,[CX4]([CH1]([CH2][OX2])[OH1])
insilico,3177,11805,Un11805,TRUE,,[cX3](a)[cX3]([cH0]1[cX3]([cH1][cX3]([cH1][cX3]1a)))
insilico,3178,11806,Un11806,TRUE,,[CX4]1([CH2][CH1]([CH2][CX4]([CX4]1))[CX4])
insilico,3179,11807,Un11807,TRUE,,[#17][cH0]1:[cH1]:[cH0](:[cH0](:[cH1]:[cH1]1)[#6])[#7]
insilico,3180,11811,Un11811,TRUE,,[cX3](a)[nX3]a
insilico,3181,11812,Un11812,TRUE,,[CX4]1([CX4]([CX4]([CX4]([CH1]([CH1]1[OX2])[OH1]))))
insilico,3182,11813,Un11813,TRUE,,[cX3](a)([nH0][cH0]([nX2]a)[SX2])
insilico,3183,11814,Un11814,TRUE,,[CH3][CH0]1([CH2][#6]([CH2][CH0]([CH1]1[#6])([#6])[CH3]))[CH3]
insilico,3184,11815,Un11815,TRUE,,[CX4]([CX4]([cH0]1[cH0]([cH1][cX3]([cX3]([cH1]1)))[OH0][CH3]))
insilico,3185,11818,Un11818,TRUE,,O=[CH0]([cH0](:[#6]):[cH0]1:[cH1]:[cH1]:[cH1]:[#6]:[#6]1)[#6]
insilico,3186,11821,Un11821,TRUE,,O[CH1]1[CH1]([CH1]([CH1](O[CH0]([CH0]23[CH2][CH2][CH0]4([CH0](=[CH1][CH2][#6]([#6]4))[CH1]2[CH2][CH0]([CH2][CH2]3)([CH3])[CH3])[CH3])=O)O[CH1]1[CH2]O)O)O
insilico,3187,11822,Un11822,TRUE,,[cH1]1:[cH1]:[cH1]:[cX3]:[cH0]2:[cH0]1:[cH1]:[cH1]:[cH1]:[cH0]2[#6]
insilico,3188,11826,Un11826,TRUE,,O=[CH0]([CH0]([#6])([#6])O)[CH2]O
insilico,3189,11827,Un11827,TRUE,,[CH3][CH1]([CH3])[CX4]([CX4])([CX4])
insilico,3190,11828,Un11828,TRUE,,[#6][CH0]([#6])([CH2][#6])[CH0](=O)O[CH3]
insilico,3191,11829,Un11829,TRUE,,[CX4][CH2][CH1]([CH0](=[OH0])[OH1])[NH1][CH0](=[OH0])[CX4][NH2]
insilico,3192,11832,Un11832,TRUE,,O[cH0](:[cH0](:[#6]):[#6]):[#6]
insilico,3193,11834,Un11834,TRUE,,[CX4]([CX4]([CX4][OH1]))[NX3]
insilico,3194,11835,Un11835,TRUE,,F[CH0]([#6])([#6])F
insilico,3195,11837,Un11837,TRUE,,[cX3](a)([cX3](a)-[cX3](a)a)[OH0][CX4]
insilico,3196,11840,Un11840,TRUE,,O=[CH0](O[CH1]1[CH1]([#8])[#6]([CH1](O[CH1]1[#6])[#8]))[CH3]
insilico,3197,11841,Un11841,TRUE,,[CX4][cH0]1[cH1][nH1][cH0]2[cH0]1[cH1][cH1][cH1][cX3]2
insilico,3198,11845,Un11845,TRUE,,[nX2](a)[cH0]([cX3]([cX3]a))[CX3]
insilico,3199,11849,Un11849,TRUE,,[cX3](a)([cX3]a)[CX4]([CX4]([CH2][CH2][CH2][CX4]))
insilico,3200,11850,Un11850,TRUE,,O[CH1]1[CH1]([CH1]([CH1](O[CH1]([#6])[#6])O[CH1]1[CH2]O)O)O
insilico,3201,11851,Un11851,TRUE,,[CX3]([CX4])[NH1][CX3]=[OH0]
insilico,3202,11852,Un11852,TRUE,,[CX3][CX4]([CX4]([CX4][CH0](=[OH0])[NX3]))
insilico,3203,11854,Un11854,TRUE,,[cH1]1:n:[cH1]:n:[cX3]1
insilico,3204,11856,Un11856,TRUE,,[CX4]([CX4][OH0][CH1]1[CH1]([CH1]([CH1]([CH1]([OH0]1)[CX4])[OH1])[OH1])[OH1])[OX2]
insilico,3205,11857,Un11857,TRUE,,[cX3](a)([cH1][cX3](a)[OH1])[CX4]([CX4][OH1])
insilico,3206,11859,Un11859,TRUE,,[CH3][cH0]1:n([#6]):[cH0](:[#6]):[cH0](:[cH0]1[#6]):[#6]
insilico,3207,11861,Un11861,TRUE,,[CX4][CX4]([CX4][CX4][CX3])
insilico,3208,11862,Un11862,TRUE,,[CX4][NH0]([CX4])[CH2][CX4]([CX4])
insilico,3209,11864,Un11864,TRUE,,[CX4][CX4]([CX4][CH2][CX4][CX3])[CH3]
insilico,3210,11866,Un11866,TRUE,,[cX3]([cX3](a)[CH3])[cX3]([cX3]([cX3](a)[CH3]))
insilico,3211,11871,Un11871,TRUE,,[CX4][CH0](=[OH0])[NH1][CH1]([CX4])[CX4]
insilico,3212,11872,Un11872,TRUE,,[cX3]1[cH1][cX3]([cH0]([cX3]([cH1]1))[CX3][OH1])
insilico,3213,11873,Un11873,TRUE,,[CX4]([CX4][CH0](=[OH0])[NX3][cH0]1[cH1][cH1][cX3]([cH1][cH1]1))
insilico,3214,11876,Un11876,TRUE,,[CH2]([CH2][CH2][CX4]([CH2][CH2][CH2][CH2][CX3](=[OH0])))[CX4]
insilico,3215,11879,Un11879,TRUE,,[NX3]([CX4])[CX4]([CX4]([cH0]1[cH1][cH1][cH1][cH1][cX3]1))
insilico,3216,11880,Un11880,TRUE,,[CX4]([CX4]([CH1]([CX4][CX3])[OH1]))[OH1]
insilico,3217,11881,Un11881,TRUE,,[CX4]([CX4][NX3])[SX2]
insilico,3218,11882,Un11882,TRUE,,[CX4]1([CX4][CH2][CX4]([CH2][CH2]1)[CX3](=[OH0]))
insilico,3219,11884,Un11884,TRUE,,[CH3][CH1]([CH2][CH2][#6])[#6]
insilico,3220,11888,Un11888,TRUE,,O=[CH0]1[#6][#6](O[cH0]2:[cH0]1:[cH0](:[#6]:[cH0](:[cH1]2)O)O)
insilico,3221,11892,Un11892,TRUE,,O=[CH0]([#7])[CH1](N([CH2][#6])[#6])[#6]
insilico,3222,11893,Un11893,TRUE,,[CH3][CH2][CX3]
insilico,3223,11894,Un11894,TRUE,,[CH3][NX3]([CH1]([CH2][CX4])[CX4])
insilico,3224,11895,Un11895,TRUE,,[cH1]1:[cH1]:o:[cX3](:[cH0]1[#6])
insilico,3225,11900,Un11900,TRUE,,[CX4]1[CH1]([OH0][CX4]([CX4]1))[CH2][OH1]
insilico,3226,11901,Un11901,TRUE,,[CH3]O[cH0]1:[cH0](:[cH1]:[cH0](:[cH0]([#6]):[cX3]1)[#8])O
insilico,3227,11914,Un11914,TRUE,,[CH2]([CX4])[CH1]([CX4])[NH0]([CX4])[CH2][CX4]
insilico,3228,11915,Un11915,TRUE,,[CX4]([CX4]([CH2][cH0]1[cH0]([cX3]([cX3]([cH1][cX3]1)))[OH1]))
insilico,3229,11917,Un11917,TRUE,,[CX4][CX4][CX4]([CH2][CH2][CX4])([CX4][CH3])
insilico,3230,11919,Un11919,TRUE,,[CH2]([#6])[CH2][CH1]([#6])O[#6]
insilico,3231,11921,Un11921,TRUE,,[cX3]1[cX3][cH1][cH1][cH0]([cH0]1[CX4])[OH1]
insilico,3232,11922,Un11922,TRUE,,[cH1]([cH1][cX3](a)[nH1][cX3]a)[cX3]a
insilico,3233,11924,Un11924,TRUE,,[CX4]([CX4]([CX4]([NX3])[CX4]([CX4][CH3])))
insilico,3234,11932,Un11932,TRUE,,O=[CH0]([CH1]([#7])[#6])O[CH1]([CH0](=O)[#7])[CH1]([CH3])[#6]
insilico,3235,11934,Un11934,TRUE,,O[cH0]1:[cH1]:[cH1]:[cH1]:[cH1]:[cH1]1
insilico,3236,11935,Un11935,TRUE,,[cX3]1[cH1][cH0]([cH1][cH0]([cH0]1[OX2])[OX2])[CX4]([CX4][CX4])
insilico,3237,11936,Un11936,TRUE,,O[cH0]1:[cH1]:[cH1]:[#6](:[cH1]:[cH0]1[CH0](=O)[#7])
insilico,3238,11937,Un11937,TRUE,,[CH3]O[cH0](:[cH0](:[#6])[#6]):[#6]
insilico,3239,11940,Un11940,TRUE,,[CH3][CH0](=[OH0])[OH0][CH1]([CH2][CX4])[CH0]([CX4][CH2][CX4])([CH3])[CH3]
insilico,3240,11945,Un11945,TRUE,,O[CH1]([CH1]([CH1]([#6])O)[CH3])[#6]
insilico,3241,11946,Un11946,TRUE,,[CH3]O[cH0]1:[cH1]:[#6](:[cH0](:[cH1]:[cH1]1)[#7])
insilico,3242,11949,Un11949,TRUE,,[CX4][CH2][cH0]([cX3]a)[nX3]a
insilico,3243,11950,Un11950,TRUE,,[#8]=[CH0](N1[CH1]([CH2][CH2][CH2]1)[#6])[CH1]([#6])N[#6]
insilico,3244,11951,Un11951,TRUE,,[CX4]([CH1]([CX4][OH0][CX3])[OH1])
insilico,3245,11952,Un11952,TRUE,,[CX4]([CX4])[CX4]([CX4][cX3](a)[cH1][cH1][cX3](a))
insilico,3246,11954,Un11954,TRUE,,[cX3]1[cH1][cH1][cH0]([cH1][cH1]1)[NH0]([CH2][CX4])[CH2][CX4]
insilico,3247,11955,Un11955,TRUE,,[CH3][CH2][CX4][OH1]
insilico,3248,11960,Un11960,TRUE,,[#8][cH0]1:[cH0]([CH2][#7]):[#6](:[#6](:[cH1]:[cH1]1))
insilico,3249,11961,Un11961,TRUE,,[CH3][CX4][NH1][CX4]
insilico,3250,11962,Un11962,TRUE,,O[cH0]1:[cH1]:[cH0](:[#6]:[#6](:[cH0]1:[#6]))O
insilico,3251,11963,Un11963,TRUE,,[CH3][CH0]1([#6]([CH2][CH2][CH0]2([CH1]1[CH2][CH2][CH0]([CH1]2[CH2][#6])([#6])[CH3])[CH3]))[CH3]
insilico,3252,11971,Un11971,TRUE,,[CH3][cH0]1:[cH0](:[cH0](:[cH0](:n1[#6]):[#6]):[cH1]:[#6])[CH0](=O)O[#6]
insilico,3253,11972,Un11972,TRUE,,O=[CH0]([CH1]([CH2][#6])[#7])N[CH1]([CH2][#6])[CH0](=O)[#8]
insilico,3254,11973,Un11973,TRUE,,[#8][cH0]1:[cH1]:[cH0](O[#6]):[#6]:[#6]:[cH0]1[#6]
insilico,3255,11974,Un11974,TRUE,,[CX4]([CX4]([CX4])([CH2][OH1]))[OX2]
insilico,3256,11975,Un11975,TRUE,,[CH3][CH1]([CH1]([#6])O)O
insilico,3257,11976,Un11976,TRUE,,[CH3][cH0]1[cX3]([cH1][cX3]([cX3]([cH0]1[OH1])))
insilico,3258,11977,Un11977,TRUE,,[CH3]O[cH0]1:[#6](:[#6]:[cH0]([#6]):[cH0](:[cH1]1)[CH2][#6])
insilico,3259,11978,Un11978,TRUE,,[cX3]1[cH0]2[cH1][cH1][cH1][cX3]([cH0]2[cX3]([cX3]([cX3]1)))
insilico,3260,11979,Un11979,TRUE,,[CH3][CH1]([CH2][CH1](N[#6])[CH0](=O)N[CH1]([#6])[CH0](=[#8])O)[CH3]
insilico,3261,11981,Un11981,TRUE,,[CX4]([CX3][OH1])[NH1][CH0](=[OH0])[CH1]([CH2][CX4])[NH2]
insilico,3262,11983,Un11983,TRUE,,[CX3]([cH0]1[cH1][cH1][cX3]([cH1][cH1]1))a
insilico,3263,11984,Un11984,TRUE,,[cH1]([cH1][cX3](a)[NH1][CH2][CX4])[cX3](a)
insilico,3264,11986,Un11986,TRUE,,[CX4][CX4]([cX3](a)[cH1][cX3]a)([cH0]([cX3]a)[cX3]a)
insilico,3265,11987,Un11987,TRUE,,N#[CH0][cH0](:[cH1]:[cH1]:[#6]):[#6]
insilico,3266,11988,Un11988,TRUE,,[CX4]([NH1][CX3])[cH0]1[cH1][cX3]([cH1][cH1][cH1]1)
insilico,3267,11989,Un11989,TRUE,,[nX2](a)[nH0][nX3](a)
insilico,3268,11990,Un11990,TRUE,,[CX4][cX3](a)[nH0][cH1][cX3](a)[CX4]
insilico,3269,11991,Un11991,TRUE,,[#8]=[CH0](O[CH1]([#6])[CH0]([CH1]([CH2][#6])[#6])([#6])[#6])[#6]
insilico,3270,11992,Un11992,TRUE,,[#8]=[CH0]([#7])N[CH2][CH2][#6]
insilico,3271,11994,Un11994,TRUE,,[CX4][CX3][CX4]([CX4])[CX4]
insilico,3272,11995,Un11995,TRUE,,[CX4][CX4]([CX4]([CX4][FH0]))
insilico,3273,11996,Un11996,TRUE,,[CX4][cH0]1[cH1][cH0]2[cH0]([cX3]([cH0]1[CX4]))[OH0][CH2][OH0]2
insilico,3274,11997,Un11997,TRUE,,[CX4][NH1][CX4][CX3](=[OH0])
insilico,3275,11998,Un11998,TRUE,,[cH1]([cH0]([cX3]a)-[cX3]([nH0][nX2]a)a)[cX3](a)
insilico,3276,12002,Un12002,TRUE,,[#8]=[CH0](N[CH1]([CH2][cH0](:[#6]):[#6])[#6])[#6]
insilico,3277,12004,Un12004,TRUE,,O=[CH0]1[CH2][CH2][CH1](N1)[CH0](=O)N[#6]
insilico,3278,12006,Un12006,TRUE,,[CX4][NX3]([cH0]1[cX3][cH1][cH1][cH1][cH0]1[NX3])
insilico,3279,12016,Un12016,TRUE,,[CX4][CH2][CX4]1([CX4][CH2][CH2][CX4]([CH1]1[CX4])[CH3])
insilico,3280,12017,Un12017,TRUE,,O=[CH0]([CH1]([#7])[CH2][#6])N[CH1]([CH0](=O)[#7])[CH2][cH0]1:[cH1]:n:[cH0]2:[cH1]:[cH1]:[cH1]:[cH1]:[cH0]21
insilico,3281,12018,Un12018,TRUE,,[CX4]([CX4]([CX4]([CX4][OH1])))([CX4][OX2])
insilico,3282,12021,Un12021,TRUE,,[CX3](=[OH0])[CX4][CX4]([CX4][cH0]1[cH1][cH1][cH1][cH1][cH1]1)
insilico,3283,12022,Un12022,TRUE,,O=[CH0]([cH0]1:[cH1]:[cH1]:[cH0](N[#6]):[cH1]:[cH1]1)O
insilico,3284,12023,Un12023,TRUE,,[#8][CH2][CH1]1[CH1]([CH1]([CH1]([CH1](O1)O[#6])O[#6])[#8])[#8]
insilico,3285,12024,Un12024,TRUE,,[CX4]([CX4]1([CX4]([CX4][CX4]([CH1]([CX4]1)[OH1]))))
insilico,3286,12025,Un12025,TRUE,,[CX4][cH0]([cX3]a)[cX3](a)[cX3]([cH1][cX3]a)
insilico,3287,12028,Un12028,TRUE,,[CH3]N[CH0](=O)[CH2][#6]
insilico,3288,12029,Un12029,TRUE,,O=[CH0]([cH0](:[#7]):[#6])O[CH2][CH3]
insilico,3289,12032,Un12032,TRUE,,[CX4]([CH2][CH0](=[OH0])[OH1])[CX4]
insilico,3290,12035,Un12035,TRUE,,[CX3](=[OH0])[cH0]1[cX3]([cX3]([cH0]([cH1][cH1]1)[OH0][CH3]))
insilico,3291,12038,Un12038,TRUE,,n1:[cX3]:n:[cX3](:[cH1]:[cH0]1[#8])
insilico,3292,12039,Un12039,TRUE,,[NX3]1[CX4]([CH2][CH2][CH1]1[CH2][CX4])
insilico,3293,12040,Un12040,TRUE,,[NX3]([CH2][CH2][CH2][CH2][CX4][NX3])
insilico,3294,12041,Un12041,TRUE,,[#8][CH1]1[CH1](O[CH1]([#6]([CH1]1O[#6]))[#8])[#6]
insilico,3295,12042,Un12042,TRUE,,[OX2][cH0]1[cH1][cH0]([cX3][cX3][cH1]1)[OH1]
insilico,3296,12045,Un12045,TRUE,,[cX3](a)([cH0]([cX3]a)[NX3+](=[OH0]))[NH2]
insilico,3297,12046,Un12046,TRUE,,n1:[cH0]([#6]):n(:[cH0]2:[cH1]:[cH1]:[cH1]:[cH1]:[cH0]12)
insilico,3298,12048,Un12048,TRUE,,[NX3][CH0](=[OH0])[CH2][CH2][CX4]
insilico,3299,12049,Un12049,TRUE,,[#6]O[CH2][CH2]O[#6]
insilico,3300,12050,Un12050,TRUE,,[CX3](=[OH0])[cH0]1[cH1][nH0]([cH0]2[cH1][cH1][cH1][cH1][cH0]21)[CH2][CH2][CH2][CH2][CX4]
insilico,3301,12053,Un12053,TRUE,,O[cH0]1:[cH1]:[#6]:[cH0](:[cH1]:[cH1]1):[cH1]:[#6]
insilico,3302,12056,Un12056,TRUE,,[CX4]([CX4]([OH0][cX3](a)[cX3]([cX3](a)[OH1]))a)[OX2]
insilico,3303,12057,Un12057,TRUE,,[CX3](=[OH0])[OH0][CX4]([CX4][CH2][CH3])
insilico,3304,12059,Un12059,TRUE,,[cX3]1[cX3]([cH0]([cH0]([cX3]([cH1]1))[CX3]=[OH0])[OH1])
insilico,3305,12060,Un12060,TRUE,,[CX4][CH2][CH2][CH2][CX4][CX3]
insilico,3306,12063,Un12063,TRUE,,O=[CH0]([#6])[cH0]1:[cH1]:[cH0](:[cH0](:[cH1]:[cH1]1)O[#6])[#8]
insilico,3307,12071,Un12071,TRUE,,O[cH0](:[#6]):[cH0]1[CH0](=O)[CH2][CH1](O[cH0]1:[#6])[cH0]1:[#6]:[#6]:[cH0](:[cH1]:[cH1]1)O
insilico,3308,12072,Un12072,TRUE,,[CX4][CX4]([CH2][CH2][NX3][CX4][CH2][CX4])
insilico,3309,12074,Un12074,TRUE,,[CX4][CH1]([CH1]([CX4][OH1])[NX3])[OH1]
insilico,3310,12077,Un12077,TRUE,,[cX3](a)[nH0]([nX2]a)[CX4]
insilico,3311,12078,Un12078,TRUE,,[CX4]1[CX4]([CH1]([CH2][CX4]([OH0]1))[OH0][CH3])
insilico,3312,12079,Un12079,TRUE,,[OX2][cH0]1[cH0]([CX4])[cX3][cH1][cH0]([cX3]1)[OX2]
insilico,3313,12081,Un12081,TRUE,,[#8]=[CH0]([CH2][CH2][#6])[cH0](:[#6]):[#6]
insilico,3314,12084,Un12084,TRUE,,O=[CH0]([CH1]([#6])O)O[#6]
insilico,3315,12087,Un12087,TRUE,,[CX4][CH0](=[CX3])[CX4]([CX3])[CH3]
insilico,3316,12090,Un12090,TRUE,,[CX4]1[CX4][CH0]([CH2][CX4])([CX4][CX4]([CX4]1))[CH3]
insilico,3317,12091,Un12091,TRUE,,[CH3][CX4]([CX4]([cH0]([cX3]a)[cX3]a))
insilico,3318,12093,Un12093,TRUE,,O=[CH0]([cH0](:[cH0](:[#6])O):[#6])[CH3]
insilico,3319,12097,Un12097,TRUE,,[CX4][CX4]([CH0]1([CX4]([CX4]([CX3]([CH2][CX4]1))[CH3]))[CH3])
insilico,3320,12098,Un12098,TRUE,,[cX3]1[cH1][cX3]([cH1][cX3]([cH0]1[OH1]))
insilico,3321,12101,Un12101,TRUE,,[CX4][CH2][cX3]([cH1][nX2]a)a
insilico,3322,12102,Un12102,TRUE,,[CX4]([CX4])[CH0](=[OH0])[NH1][CH2][CX4]
insilico,3323,12104,Un12104,TRUE,,[cX3](a)[cH1][cX3]([cX3](a)[cH1][cX3](a)[OH1])a
insilico,3324,12106,Un12106,TRUE,,O=[CH0](N[CH1]([#6])[CH2][CH2][#6])[CH1]([#6])N
insilico,3325,12108,Un12108,TRUE,,[CX3]=[CH1][CX4]([CX4][CH0](=[OH0])[NX3])
insilico,3326,12115,Un12115,TRUE,,[CH3][CH1]([CH3])[CH2][CH1]([#6])N[CH0](=O)[CH1]([CH2][cH0]1:[cH1]:[cH1]:[#6](:[cH1]:[cH1]1))[#7]
insilico,3327,12116,Un12116,TRUE,,[CH3]O[CH2][#6]
insilico,3328,12118,Un12118,TRUE,,[cX3](a)[cH1][cX3]([cH0]([cX3](a))[CH0](=[OH0])[OX2])
insilico,3329,12119,Un12119,TRUE,,O[cH0]1:[cH0](:[cH0](O[#6]):[#6](:[#6](:[cH1]1)))[CH2][#6]
insilico,3330,12121,Un12121,TRUE,,O=[CH0]([CH2][CH2][CH2][CH2][#6])O[CH2][CH1]([CH2]O)O
insilico,3331,12124,Un12124,TRUE,,[OX2][cH0]1[cX3](a)[cX3](a)[cH0]([cX3]([cX3]1))[OH0][CH3]
insilico,3332,12125,Un12125,TRUE,,[CX3](=[CX3])[CX4]([CH2][CH2][CX4]([CX4]))
insilico,3333,12127,Un12127,TRUE,,[#8][cH0]1:[#6]:[cH1]:[cH0](:[cH1]:[cH1]1)[CH1]=[#6]
insilico,3334,12128,Un12128,TRUE,,[CX4][cH0]1[cH1][cH1][cH0]([cH1][cH1]1)[OX2]
insilico,3335,12129,Un12129,TRUE,,[CX4]1[CH1]([OH0][CH1]([CX4]([CH1]1[OX2]))[OH1])[CH2][OH1]
insilico,3336,12131,Un12131,TRUE,,[#8]=[CH0]([#6])O[CH1]([#6])[CH1]([#6])O[CH0](=[#8])[CH3]
insilico,3337,12133,Un12133,TRUE,,[NX3][CX4][CH0](=[OH0])[NH1][CH1]([CX4][CH3])[CH0]([NX3])=[OH0]
insilico,3338,12134,Un12134,TRUE,,[cX3](a)[cX3]([nH0][cX3]([cX3](a)a))
insilico,3339,12135,Un12135,TRUE,,[CX4]([CX4]([CX4][OH0][CH0](=[OH0])[CH3]))[OX2]
insilico,3340,12136,Un12136,TRUE,,[CX4][CH2][CH1]1[CX4]([CH2][CX4]([CX4]([CX4]1[CX4])))[CH3]
insilico,3341,12141,Un12141,TRUE,,[CH3][CH0](=[#6])[CH3]
insilico,3342,12142,Un12142,TRUE,,[CX4]([CX4][CX4])([cH0]1[cH1][cH0]([cX3]([cH1][cX3]1))[OH1])
insilico,3343,12146,Un12146,TRUE,,[#6][CH2][CH2][CH2]S[#6]
insilico,3344,12147,Un12147,TRUE,,[CX4][OH0][cH0]1[cH1][cH0]([cH1][cH0]([cH0]1[CX3]=[OH0])[OH1])[OH1]
insilico,3345,12148,Un12148,TRUE,,[CX4][CH1]([CH2][CH1]([CX4])[CX4])[CX4]
insilico,3346,12149,Un12149,TRUE,,N[cH0]1:[cH1]:[cH1]:[cH0](:[cH1]:[cH1]1)Cl
insilico,3347,12150,Un12150,TRUE,,O[cH0]1:[cH0]([#8]):[cH1]:[cH1]:[cH0](:[cH1]1)[CH2][CH2][#6]
insilico,3348,12152,Un12152,TRUE,,[CX4][cH0]1[cX3]([cX3]([cH1][cX3]([cH1]1)))
insilico,3349,12153,Un12153,TRUE,,[CX4][CH1]([CH3])[CH1]([CX3](=[OH0]))[NX3]([CH0]([CX4][CH1]([CH3])[CH3])=[OH0])
insilico,3350,12156,Un12156,TRUE,,[CX4]([CX4]([CX4][OH0][CH0](=[OH0])[CH3])[CX4])
insilico,3351,12157,Un12157,TRUE,,[NX3][CX4]([cH0]1[cH1][cH0]([cX3]([cH1][cX3]1))[OH0][CX4])
insilico,3352,12158,Un12158,TRUE,,[CH3][CH1]([CH3])[CH1]([#6])N([#6])[#6]
insilico,3353,12159,Un12159,TRUE,,Cl[cH0](:[cH0](:[cH0](:[#6])[#6])[#8]):[#6]
insilico,3354,12161,Un12161,TRUE,,Br[cH0](:[#6]):[cH0](:[#6])[#8]
insilico,3355,12168,Un12168,TRUE,,[CX4]([CH0](=[OH0])[NH1][CX4][CX4])[CH2][cH0]1[cH1][cH1][cH0]([cH1][cH1]1)[OH1]
insilico,3356,12169,Un12169,TRUE,,O=[CH0]([#7])[CH1]([CH2][#6])N[CH0](=[#8])[CH1]1[CH2][CH2][CH2]N1[CH0](=O)[CH1]([#6])N[#6]
insilico,3357,12172,Un12172,TRUE,,[CH3]O[cH0]1:[cX3](:[cX3](:[cH1]:[cH0]([#6]):[cH0]1[#6]))
insilico,3358,12175,Un12175,TRUE,,[NX3][CH2][CX4]([cX3]([cH1][cX3]([cX3]([cX3]a)))a)
insilico,3359,12176,Un12176,TRUE,,[CX3](=[OH0])[NH0]([CX3]=[OH0])[CX4]
insilico,3360,12177,Un12177,TRUE,,[cX3]([cX3]a)[cX3](a)-[cH0]1[cH1][cH1][cH1][cH1][cH1]1
insilico,3361,12178,Un12178,TRUE,,[CH3]O[cH0](:[#6]):[cH1]:[cH0](:[#6])[CH2][#6]
insilico,3362,12179,Un12179,TRUE,,O[CH2][CH1]([#6])[#7]
insilico,3363,12182,Un12182,TRUE,,[CX4]1[CX4]([CH2][CH1]([CH1]1[CH2][CH1]=[CH1][CH2][CH2][CH2][CX3])[OH1])
insilico,3364,12184,Un12184,TRUE,,[CX4]([CH1]([CH1]([CX4])[OH1])[OH1])[OX2]
insilico,3365,12185,Un12185,TRUE,,[cH1]1:[cH1]:[cH1]:[cH1]:[cH0]2:[cH0]1:n(:[cH1]:[cX3]2)[#6]
insilico,3366,12188,Un12188,TRUE,,[CH3][CX4]([CX4]([CX4][OH0][CX3](=[OH0])))
insilico,3367,12189,Un12189,TRUE,,[CH2]([CH1]([OX2])[CH2][OH1])[OX2]
insilico,3368,12193,Un12193,TRUE,,[CX4][CH1]([CX3][NH1][CH2][CX3])[NH1][CX3]
insilico,3369,12196,Un12196,TRUE,,[#6]O[cH0]1:[cH1]:[cH0](:[cH0]([#6]):[#6](:[cH1]1))O[#6]
insilico,3370,12198,Un12198,TRUE,,[cH1]1:n:[cH0](:[cX3](:n1[#6]))[#6]
insilico,3371,12204,Un12204,TRUE,,[NX3][CX4][CH0](=[OH0])[NH1][CX4][CH0](=[OH0])[OH1]
insilico,3372,12206,Un12206,TRUE,,[#8]=[CH0](N[CH2][#6])[CH2][#16]
insilico,3373,12208,Un12208,TRUE,,[cX3](a)[cH1][cH0]([cX3]a)[OH0][CX4]([CX4])
insilico,3374,12212,Un12212,TRUE,,[CX4]([CX4]([CX4]([CX3])[NH2]))
insilico,3375,12213,Un12213,TRUE,,O[cH0]1:[cX3](:[cH0](:[cX3]:[cH1]:[cH1]1)[#8])
insilico,3376,12214,Un12214,TRUE,,[cH1]1:[cH1]:[cX3](:n:[cH1]:[cX3]1)
insilico,3377,12215,Un12215,TRUE,,[CX4]([CX4][cH0]1[cH1][cH1][cH0]([cH1][cH1]1)[OH1])[CX3](a)
insilico,3378,12216,Un12216,TRUE,,[CX4][CH2][cH0]1[cH1][cX3]([cH0]([cH1][cH0]1[CX4])[OH0][CX4])
insilico,3379,12217,Un12217,TRUE,,O=[CH0]([CH2][CH2][CH2][#6])O[CH1]([#6])[#6]
insilico,3380,12220,Un12220,TRUE,,[OX2][cX3]([cH1][cH0]([cX3](a)[CX3](=[OH0]))[OX2])a
insilico,3381,12221,Un12221,TRUE,,[CX4]1([CH2][CX4]([CH1]([CX4][CH3])[CX4]([CX4]1)[CH3]))[CH3]
insilico,3382,12223,Un12223,TRUE,,[#6][CH2][CH2][CH1]=[CH1][CH2][#6]
insilico,3383,12224,Un12224,TRUE,,[CX4]([CX4])([CH0]1([CX4]([CX4]([CX4]([CX4]1))))[CH3])[CX4]
insilico,3384,12226,Un12226,TRUE,,[CX4][CH1]1[CX4][CH2][CH2][CX4]([CX4]1([CH2][CX4]([CX3])))
insilico,3385,12229,Un12229,TRUE,,[CX4][OH0][cH0]1[cX3][cH1][cH1][cH0]([cH1]1)[CX3]
insilico,3386,12231,Un12231,TRUE,,[#6][CH0]1([#6])[CH1]([CH1]([#6])[#6])[CH2][CH2][CH1]1[#8]
insilico,3387,12232,Un12232,TRUE,,[CX4]([CH2][cH0]1[cH1][cH1][cX3]([cH1][cH1]1))[CH0](=[OH0])[NX3]
insilico,3388,12234,Un12234,TRUE,,[CX3]=[CX3][CH0](=[OH0])[OH0][CX4][CX4]([CX4][OH1])
insilico,3389,12237,Un12237,TRUE,,[CX4][CH1]1[CX4][CH2][CX4]([CX4]([CX4]1)[CH3])
insilico,3390,12240,Un12240,TRUE,,[NX3][CH0](=[OH0])[CX4]([CH0]([CH3])([CH3])[CX4])
insilico,3391,12241,Un12241,TRUE,,[cH1]1[cH1][cX3]([cH1][cH1][cH0]1[CX4]([CX4][NX3]))
insilico,3392,12242,Un12242,TRUE,,[CH3][CX4]([CH1]1[CX4]([CX4]([CX3](=[CH1][CX4]1)))[CH3])
insilico,3393,12245,Un12245,TRUE,,[cX3]1[cH0]([cX3]([cH1][cH1][cH1]1))[NH0]([CX4]([CX4]))[CX3]
insilico,3394,12246,Un12246,TRUE,,O=S([#6])(=O)N[CH2][CH2][CH2][#6]
insilico,3395,12248,Un12248,TRUE,,[CX4]1([CX4])[CH0](=[CX3])[CX4]([CH2][CX4]([CX4]1))
insilico,3396,12251,Un12251,TRUE,,[CX4]([CX4]([CH1]1[CH1]([CX4])[CX4]([CX4]([CH2][CH2]1))))
insilico,3397,12252,Un12252,TRUE,,[CX4][NX3][CH2][CH1]([CX4])[OH1]
insilico,3398,12254,Un12254,TRUE,,[CX4][CX4]([CH2][CX4]([CX4][NH2]))
insilico,3399,12255,Un12255,TRUE,,[cX3]1[cX3]([cH0]([cH0]([cH0]([cX3]1)[OH1])[CH2][CX3])[OH1])
insilico,3400,12259,Un12259,TRUE,,[CX4]([CH3])[CH1]([CX3](=[OH0]))[OH1]
insilico,3401,12263,Un12263,TRUE,,[CX3][CH1]([CX4][OH1])[OX2]
insilico,3402,12264,Un12264,TRUE,,[CH3][CH2][cH0](:[cH0](:[#6])[#6]):[cH1]:[#6]
insilico,3403,12265,Un12265,TRUE,,[CX4][CH1]([NX3][CH0](=[OH0])[CH1]([CX4])[NH2])[CH0](=[OH0])[NX3]
insilico,3404,12268,Un12268,TRUE,,O=P(O[CH2][CH1]([CH1]([CH1]([#6])O)O)O)(O)O
insilico,3405,12270,Un12270,TRUE,,[cX3]1[cH0]([cX3]([cH0]([cH1][cH1]1)[CX4][CX4]))[OX2]
insilico,3406,12271,Un12271,TRUE,,[#6][cH0](:[#6]):[cH0](:[cH0](:[#6])[#6])O
insilico,3407,12274,Un12274,TRUE,,[cX3](a)[cH0]([cH1][cX3](a))[CH2][CX4]([CH0](=[OH0])[OH1])
insilico,3408,12277,Un12277,TRUE,,O[cH0]1:[cX3](:[cH0](:[cH0]([#6]):[cH1]:[cH1]1)[#6])
insilico,3409,12280,Un12280,TRUE,,N[cH0]1:[cH0]2:n:[cH1]:n([CH1]3[#6]([#6]([CH1]([#6])O3))):[cH0]2:n:[cH1]:n1
insilico,3410,12281,Un12281,TRUE,,[CX4]([CX4][NH1][CX3](=[OH0]))[OH1]
insilico,3411,12282,Un12282,TRUE,,[CX4]([CX4])[OH0][cH0]1[cX3]([cH0]([cH1][cH0]([cX3]1)[OX2])[OH1])
insilico,3412,12283,Un12283,TRUE,,[CH3][CX4][NH1][CH0]([CX4][CH2][CH1]([CH3])[CH3])=[OH0]
insilico,3413,12285,Un12285,TRUE,,[CX3](=[OH0])[NH1][CH1]([CH2][cH0]1[cH1][nH1][cX3](a)[cX3]1a)[CH0](=[OH0])[OH1]
insilico,3414,12287,Un12287,TRUE,,[CX4][CH2][CH2][CX4][CX4]([CX4])[CX3]
insilico,3415,12289,Un12289,TRUE,,[CH3]O[cH0]1:[cX3]:[cH1]:[cH1]:[cX3](:[cX3]1)
insilico,3416,12290,Un12290,TRUE,,[CH3][CX4]([CX3](=[CH1][CX4]([CH1]=[CX3])))
insilico,3417,12292,Un12292,TRUE,,O[cH0](:[cH0](:[cH0]([#7]):[#6])O):[#6]
insilico,3418,12293,Un12293,TRUE,,[CX4][CH1]([CH1]([CX4])[NX3])[OX2]
insilico,3419,12295,Un12295,TRUE,,[OX2][CH1]1[CH1]([OH0][CH1]([CH1]([CH1]1[OX2])[OH1])[OH0][CX4]([CX4]))[CH2][OH1]
insilico,3420,12297,Un12297,TRUE,,[CX3][NH1][CX4]([CH1]([CX4]([CX4]))[OH1])
insilico,3421,12302,Un12302,TRUE,,O[CH1]1[CH1]([CH1]([CH1](O[CH1]2[CH1](O[CH1]([CH2][#6])[#6])O[CH1]([CH1]([CH1]2O)O)[#6])O[CH1]1[CH2]O)O)O
insilico,3422,12303,Un12303,TRUE,,[cH1]([cX3](a)[BrH0])[cX3](a)[cX3](a)[nX2]a
insilico,3423,12306,Un12306,TRUE,,[cH1]1[cH1][cH0]([cH0]([cH1][cX3]1)[ClH0])[CX4]
insilico,3424,12307,Un12307,TRUE,,[#6]S(=[#8])[cH0]1:[cH1]:[cH1]:[#6](:[cH1]:[cH1]1)
insilico,3425,12311,Un12311,TRUE,,[CH3][CH2][#7]
insilico,3426,12319,Un12319,TRUE,,[CX4]([CH2][CH1]([CX3](=[OH0]))[NX3]([CX3]=[OH0]))
insilico,3427,12322,Un12322,TRUE,,[#6]S[cH0](:[#6]):[cH0](:[#6])[#7]
insilico,3428,12326,Un12326,TRUE,,O=[CH0]([CH1]=[CH0]([#6])[#6])[#6]
insilico,3429,12328,Un12328,TRUE,,[CX3][NH0]1[CH2][CH2][CH1]([CH2][CH2]1)[CX3](=[OH0])
insilico,3430,12330,Un12330,TRUE,,[CX4][CX4]([CX4]([CX4]))[FH0]
insilico,3431,12331,Un12331,TRUE,,[cX3]1[cH0]([SX2])[cH1][cX3]([cH1][cH1]1)
insilico,3432,12332,Un12332,TRUE,,[cX3]1[cH0]([cX3]([cH1][cH1][cH1]1))[NX3]([CX4])
insilico,3433,12333,Un12333,TRUE,,[OX2][cH0]1[cH1][cH1][cH0]([cH1][cH1]1)[CH2][CX4]
insilico,3434,12339,Un12339,TRUE,,[OX2](a)[CH2][CH0](=[OH0])[NH0]([CH2][CX4])[CH2][CX4]
insilico,3435,12342,Un12342,TRUE,,[#8][CH1]([CH2][CH2][#6])[CH1]=[CH1][CH1]([#6])[CH1]([#6])[CH2][CH1]=[CH1][CH2][CH2][#6]
insilico,3436,12344,Un12344,TRUE,,[CX4]1[CH2][CH1]([CH1]([CX4])[CX4]2([CH0]1([CX4]([CH2][CH2]2))[CH3]))[CX4]([CH2][CX4])[CH3]
insilico,3437,12346,Un12346,TRUE,,[CX3](=[OH0])[NH1][CH1]([CH0](=[OH0])[NX3])[CX4]a
insilico,3438,12350,Un12350,TRUE,,[CX4]([CX4]([CX4][CX4][CX4])([CX4]([CX3])))[CH3]
insilico,3439,12351,Un12351,TRUE,,[CH1]1[CH2][CH2][#6][#6][CH0]1[#6]
insilico,3440,12352,Un12352,TRUE,,[CH2]([#6])[CH1]([CH2][#6])[CH2][#6]
insilico,3441,12354,Un12354,TRUE,,[#6]N([CH2][#6])[CH2][cH0](:[#6]):[cH1]:[#6]
insilico,3442,12356,Un12356,TRUE,,[cX3](a)[cX3]([cH0]([cX3]a)[cX3]([cX3]a)a)
insilico,3443,12359,Un12359,TRUE,,[cX3]([cH0]([OX2])[cX3]([cX3]a))[cX3]a
insilico,3444,12362,Un12362,TRUE,,[CX4]([CH3])[cH0]([cX3](a))[nH1][cX3]a
insilico,3445,12363,Un12363,TRUE,,O=[CH0]([CH1]([#6])N)N[CH1]([CH1]([CH3])[CH3])[#6]
insilico,3446,12364,Un12364,TRUE,,[CX4]([CX4]([CX4][CX3][OH1]))[NH2]
insilico,3447,12370,Un12370,TRUE,,[cX3]([cH1][cH0]1[cX3]([cH1][cH1][cX3]([nH0]1))a)a
insilico,3448,12377,Un12377,TRUE,,[cX3]([cX3](a)[OH1])[cH1][cH1][cX3](a)
insilico,3449,12378,Un12378,TRUE,,[CH3][CX3](=[OH0])
insilico,3450,12382,Un12382,TRUE,,[CX3][CH1]([CX4]([CH2][OX2]))[OH1]
insilico,3451,12383,Un12383,TRUE,,[CX4][OH0][CX3][cH0]1[cH1][cH1][cH1][cH1][cX3]1
insilico,3452,12385,Un12385,TRUE,,[CX4][CH2][CX3][cX3](a)[cH0]([cX3]a)[OH1]
insilico,3453,12386,Un12386,TRUE,,[CH3][CH0]1([CH0](=[CH1][CH0]([#6]([#6]1))=O)[#6])[#6]
insilico,3454,12389,Un12389,TRUE,,[CX4]([CX4][NX3]([CX4]([CX4][OH1])))
insilico,3455,12393,Un12393,TRUE,,[cX3](a)([cH1][cX3](a)[CH0]([OX2])=[OH0])[OH1]
insilico,3456,12394,Un12394,TRUE,,O[CH1]1[CH1]([CH1](O[cH0](:[#6]):[cH1]:[cH0](:[#6])[#8])O[CH1]([CH1]1[#8])[CH2][#8])O
insilico,3457,12395,Un12395,TRUE,,[CX3](=[OH0])[CH1]([CH2][cX3](a)a)[NX3]
insilico,3458,12397,Un12397,TRUE,,[cX3]([cX3]([cX3](a)[CX4]([FH0])[FH0]))[nX2]a
insilico,3459,12398,Un12398,TRUE,,[#8][CH1](O[CH2][CH1]([#6])[#8])[#6]
insilico,3460,12399,Un12399,TRUE,,[CX3](=[CH1][CX4])[CH1]([CX4][CX4])[CX4]
insilico,3461,12400,Un12400,TRUE,,[CX4]1[CH2][NH0]([CH2][CH2][CX4]1)[CH2][CX4]
insilico,3462,12401,Un12401,TRUE,,[OX2][cH0]1[cH1][cH0]([cH1][cH0]([cH0]1[OX2])[OX2])[CX3](=[OH0])
insilico,3463,12407,Un12407,TRUE,,[CX3][CH2][CX4]([CX4]([CH3])[CX4]([CX4]([CX4])))
insilico,3464,12408,Un12408,TRUE,,[CX4]([CH1]([OH0][CX4][nX3](a)a)[CH2][OH1])[OH1]
insilico,3465,12409,Un12409,TRUE,,O[CH1]1[CH1]([CH1]([CH1](O[CH1]([CH2][#6])[#6])O[CH1]1[CH0](=O)O)O)O
insilico,3466,12410,Un12410,TRUE,,[CX4]([CX4]([CX4]([CH3])[CH3]))[CH3]
insilico,3467,12411,Un12411,TRUE,,[cH1]1:[cH0]([CH2][CH2][#7]):[cH1]:[cH1]:[#6](:[#6]1)
insilico,3468,12417,Un12417,TRUE,,[cX3](a)[cH1][cH1][cX3](a)-[nX3]([cX3]([nX2]a))a
insilico,3469,12419,Un12419,TRUE,,[CX4][cH0]1[cX3]([cH0]([cX3]([cX3]([cX3]1)))[cX3]a)a
insilico,3470,12420,Un12420,TRUE,,[NX3][CH2][CX4]([CH2][OX2]a)
insilico,3471,12421,Un12421,TRUE,,[cX3](a)[cH1][cH1][cX3]([cX3](a)[cX3]([cH1][cX3]a))
insilico,3472,12422,Un12422,TRUE,,[CX4][CX4]([CX3][cH0]1[cH1][cX3]([cX3]([cH1][cH1]1)))
insilico,3473,12423,Un12423,TRUE,,[cX3](a)[cX3](a)[CX4]([NH1][cX3](a)[cX3](a))
insilico,3474,12427,Un12427,TRUE,,[CH3]O[cH0](:[#6]):[cH0](:[cH0](:[#6])[#6])[#8]
insilico,3475,12430,Un12430,TRUE,,[CX3](=[OH0])[nH0]([cX3]a)[cX3]a
insilico,3476,12431,Un12431,TRUE,,[#6][CH2][CH2][CH2][CH2][CH1]=[CH1][CH1]=[CH1][#6]
insilico,3477,12434,Un12434,TRUE,,[CX4]([CX4]([CX4]([CX4]))([CX4][OH1]))[CX4][CH3]
insilico,3478,12437,Un12437,TRUE,,O[CH1]1[CH1]([CH1]([CH1](O[CH1]([CH2][#6])[#6])O[CH1]1[CH2][#8])[#8])[#8]
insilico,3479,12438,Un12438,TRUE,,[CH3][CH1]([CH3])[CH2][CH2][#6]
insilico,3480,12439,Un12439,TRUE,,[#8]=[CH0](O[CH1]([CH1]([CH2][#8])[#8])[#6])[#6]
insilico,3481,12444,Un12444,TRUE,,O[CH1]([CH1]([#6])O[CH0](=O)[CH1]=[CH1][cH0]1:[cH1]:[#6](:[cH0](:[cH1]:[cH1]1)[#8]))[#6]
insilico,3482,12447,Un12447,TRUE,,[cX3]1[cH1][cH1][cH0]([cH1][cH1]1)[NH0]([CX4])[CX3]=[OH0]
insilico,3483,12448,Un12448,TRUE,,O[CH1]([CH1]([CH1](O[CH1]1O[CH1]([CH1]([CH1]([CH1]1O[#6])O)O)[CH2]O)[#6])O)[#6]
insilico,3484,12450,Un12450,TRUE,,[CH2]1[CH2][#6]([#6][CH2][CH1]1O[#6])
insilico,3485,12452,Un12452,TRUE,,[CH3][CH1]([CH3])[CH2][CH1]([CH0](=O)[#8])N[CH0](=O)[CH1]([#6])[#7]
insilico,3486,12453,Un12453,TRUE,,O=P(O[#6])(O[#6])[#8]
insilico,3487,12456,Un12456,TRUE,,O[CH1]1[CH1]([CH1](n2:[#6](:[#6](:n:[cH1]2)))O[CH1]1[CH2]OP(=O)(O)O)O
insilico,3488,12458,Un12458,TRUE,,[CX4][OH0][cX3](a)[cX3]([cX3]([oX2]a))
insilico,3489,12460,Un12460,TRUE,,[CH3][CX4][CX4]([CX4]([CH2][CH1]([CX4])[CX4]))
insilico,3490,12461,Un12461,TRUE,,[#8][CH1]1[CH1]([CH1]([#8])O[CH1]([CH1]1[#8])[CH3])O[#6]
insilico,3491,12463,Un12463,TRUE,,[nX2](a)[cX3]([cH0]([cX3](a)a)[nX2]a)
insilico,3492,12464,Un12464,TRUE,,[CX4]([CX3](=[OH0]))[NX3]([CX4]([CX4]))
insilico,3493,12465,Un12465,TRUE,,[CX4]([CX4][CX4])[cH0]1[cX3][cH1][cH0]([cH1][cH1]1)[OX2]
insilico,3494,12466,Un12466,TRUE,,[CH3]O[cH0]1:[cH0](:[cH0](:[cX3]:[cH1]:[cH0]1O)[#6])[#6]
insilico,3495,12467,Un12467,TRUE,,[CX4]([CX4])([CX4][CX4][OH1])[CH3]
insilico,3496,12469,Un12469,TRUE,,[CH3]S[CH2][CH2][CH1]([#7])[CH0](=O)[#7]
insilico,3497,12472,Un12472,TRUE,,[CX4][CX4][CX3][NH1][cX3](a)[cH1][cX3]a
insilico,3498,12473,Un12473,TRUE,,[#8][CH0]1([#6])[CH2][CH2][CH1]2[CH0]1([#6][#6]([CH1]1[CH1]2[CH2][CH2][#6]([#6]1)))[CH3]
insilico,3499,12476,Un12476,TRUE,,[CX4]([CH1]([CH1]([CX4][CX4])[OH1])[OX2])[OH0][CH1]1[CH1]([CH1]([CH1]([CH1]([OH0]1)[CH2][OH1])[OH1])[OH1])[OH1]
insilico,3500,12477,Un12477,TRUE,,[CX3]=[CH1][CX4]([CX4]([CH2][OX2]))
insilico,3501,12481,Un12481,TRUE,,[CH3][OH0][cH0]1[cX3][cX3][cH0]([cH1][cX3]a)[cX3](a)[cH1]1
insilico,3502,12482,Un12482,TRUE,,O=[CH0]([cH0](:[#6]):[cH1]:[#7])N[#6]
insilico,3503,12483,Un12483,TRUE,,[cX3]1[cH0]([cH1][cH1][cH0]([cH1]1)[CH2][CX4])[OH1]
insilico,3504,12484,Un12484,TRUE,,[#6][CH0]1([CH2][CH2][CH1]([#8])[#6]([CH1]1[#6]))[#6]
insilico,3505,12485,Un12485,TRUE,,[CX4]([CX4][CX4])[CX4]([CX3])[CH3]
insilico,3506,12491,Un12491,TRUE,,[cX3](a)[nH0][cH1][cX3](a)
insilico,3507,12495,Un12495,TRUE,,[CX4]1([CH2][OH0][CH0](=[OH0])[CX4]1)
insilico,3508,12500,Un12500,TRUE,,[CX4]([CH1]([NX3])[CX3](=[OH0]))
insilico,3509,12502,Un12502,TRUE,,[CX4][CH1]([CX3][OH1])[NH1][CH0](=[OH0])[CX4]([CX4])
insilico,3510,12503,Un12503,TRUE,,[CX3](a)[OH0][CH2][CX4]([CX4])
insilico,3511,12517,Un12517,TRUE,,[OX2][cH0]1[cH1][cH0]([cX3]([cX3]([cH1]1)))[CX4]
insilico,3512,12519,Un12519,TRUE,,[CX4]([CX3])[NH1][CH0](=[OH0])[CH3]
insilico,3513,12520,Un12520,TRUE,,[CX4][CX3][NX3][CX4]([CH2][CH2][CX4])
insilico,3514,12522,Un12522,TRUE,,[CH3][CX4][CH1]([CX4])[CX4]([CH3])[OH1]
insilico,3515,12523,Un12523,TRUE,,[CX4][CX4][cX3](a)[nX2]a
insilico,3516,12528,Un12528,TRUE,,[CX4]([CX4]([CX4]([CH1]=[CX3]))([CX4][CX3]))[CH3]
insilico,3517,12530,Un12530,TRUE,,[#8]=[CH0]([CH1]([CH2][cH0]1:[cH0]2:[cH0](:[cH1]:[cH1]:[cH1]:[cH1]2):n:[cH1]1)[#7])[#8]
insilico,3518,12534,Un12534,TRUE,,[OX2][CH1]([CX4]([CX4][OH0][CH0](=[OH0])[CH3]))[CX4]([OX2])
insilico,3519,12535,Un12535,TRUE,,[#6]O[cH0]1:[cH0](:[#6](:[#6](:[cH0](:[cH0]1O)[#6])))O
insilico,3520,12536,Un12536,TRUE,,[NX3][CH0](=[OH0])[CX4]([CH2][CH2][CX3])
insilico,3521,12540,Un12540,TRUE,,[cH1]1:[cH0]2:[cH0](:[cH1]:[cX3](:[cX3]1)):n:[cX3](:n2)
insilico,3522,12542,Un12542,TRUE,,O=[CH0]([CH0]1([#6]([#6][CH0]([CH0](=[CH1][#6])[CH1]1[#6])([#6])[CH3]))[#6])O
insilico,3523,12543,Un12543,TRUE,,[#8]=[CH0](N[CH1]([#6])[#6])[CH1]([CH2][#6])N
insilico,3524,12545,Un12545,TRUE,,[CX4]([CX4]([CX4]))
insilico,3525,12546,Un12546,TRUE,,[#6][CH1]1[cH0]2:[cH0]([CH2][CH2][#7]1):[cH0]1:[cH1]:[cH1]:[cH1]:[cH1]:[cH0]1:n2
insilico,3526,12547,Un12547,TRUE,,[CX3](=[CH1][CX4])[CX4][CH3]
insilico,3527,12548,Un12548,TRUE,,[cX3]([cX3]a)[cX3](a)-[cH0]1[cX3]([cX3]([cX3]([cH1][cH0]1[CX4])))
insilico,3528,12549,Un12549,TRUE,,[CX3](=[OH0])[NH1][CX4][CX4]([OH0][CX4][CX4])
insilico,3529,12550,Un12550,TRUE,,[cX3]1[cH1][cH0]([cH1][cX3]([cX3]1))[OH0][CX4][OH0][CH1]([CH1]([CX4][OH1])[OH1])[CX4]
insilico,3530,12552,Un12552,TRUE,,[OX2][cH0]1[cH1][cH0]([cX3](a)[CX4])[cX3](a)[cH1][cH1]1
insilico,3531,12555,Un12555,TRUE,,[CX4][CH2][CX4]([CH2][CX4])([CX4])
insilico,3532,12557,Un12557,TRUE,,[CX4][CH2][CX4]([CH1]([CX4])[CH2][CX4][CX3])
insilico,3533,12558,Un12558,TRUE,,[CX4](a)[OH0][CH1]([CH1]([CX4][OH1])[OH1])[CH2][OH1]
insilico,3534,12559,Un12559,TRUE,,[NX3][CH1]([CX3](=[OH0]))[CH2][cH0]1[cH1][cH1][cH1][cH1][cH1]1
insilico,3535,12560,Un12560,TRUE,,[cH1]1:[cH0](:n:[cH1]:n1)[#6]
insilico,3536,12562,Un12562,TRUE,,[#8][cH0]1:[cH1]:[cH1]:[cH0](:[cH1]:[cH1]1)[#7]
insilico,3537,12563,Un12563,TRUE,,[CH3][cH0](:[cH0](:[#6])O[CH3]):[#6]
insilico,3538,12565,Un12565,TRUE,,[CH3][cH0]1[cX3]([cX3]([cX3]([cH0]([cX3]1)[OH0][CH3])))
insilico,3539,12566,Un12566,TRUE,,n1:[cH1]:[cX3]:[cX3](:n:[cX3]1)
insilico,3540,12568,Un12568,TRUE,,[cX3](a)[cX3][cH0]([CX4][CX4])[cX3][cX3]a
insilico,3541,12570,Un12570,TRUE,,[#7][cH0]1:n:[cH0](:[cH0]([#7]):[cX3](:n1))[#7]
insilico,3542,12571,Un12571,TRUE,,[SX4](=[OH0])(=[OH0])[CH3]
insilico,3543,12572,Un12572,TRUE,,[#8][cH0]1:[cH1]:[#6](:[#6]:[cH0](:[cH1]1)O[CH1]([cH0]1:[cH1]:[cH1]:[cH0](:[cH1]:[cH1]1)[#8])[#6])
insilico,3544,12576,Un12576,TRUE,,[cH1]1:[cH1]:[cH1]:[#6]:[#6]:[cH0]1[CH1]([#6])N([#6])[#6]
insilico,3545,12577,Un12577,TRUE,,[#6][CH0](=[#8])[cH0]1:[cH1]:[cH1]:[cH1]:[cH1]:[cH1]1
insilico,3546,12578,Un12578,TRUE,,[CX4]([CH3])[CH1]([CX3][OH1])[NH1][CH0](=[OH0])[CX4][NX3]
insilico,3547,12579,Un12579,TRUE,,[CH3][CH1]([CH1]([CH1]([#6])O[#6])O)[#8]
insilico,3548,12583,Un12583,TRUE,,[CX3][CH1]([NX3])[cX3]([cX3]a)a
insilico,3549,12585,Un12585,TRUE,,N#[CH0][CH2][#6]
insilico,3550,12586,Un12586,TRUE,,O=[CH0]([CH2][#6])[#8]
insilico,3551,12588,Un12588,TRUE,,[NX3][CH0](=[OH0])[CX4][CX4][CX4][CH3]
insilico,3552,12592,Un12592,TRUE,,[CX3][CX4]([CX4]([CH2][CH2][CX4][CH3]))[CH3]
insilico,3553,12593,Un12593,TRUE,,[CH3]N[CH2][CH2][#8]
insilico,3554,12597,Un12597,TRUE,,[CX4]([CH1]([CX4][nX3]([cX3]a)a)[OH1])
insilico,3555,12599,Un12599,TRUE,,[CX4]([CH2][OX2])([CX4])[CX4]
insilico,3556,12603,Un12603,TRUE,,n1:[cH1]:[cX3]:s:[cX3]1
insilico,3557,12606,Un12606,TRUE,,[CX4]([CX4][CH2][CX4]([CX4][CX3](=[CX3])))[CH3]
insilico,3558,12607,Un12607,TRUE,,S[cH0](:[#6]):[#6]
insilico,3559,12609,Un12609,TRUE,,[CH3][CH0]12[CH2][CH2][CH0]([#6])([CH1]([CH0]1=[CH1][CH2][CH1]1[CH0]2([CH2][CH2][CH1]2[CH0]1([CH2][CH2][CH1]([#6]2)O[#6])[CH3])[CH3])[#6])[CH0](=O)[#8]
insilico,3560,12610,Un12610,TRUE,,[CX4][CH2][CX3](=[CX3][CH0](=[OH0])[CX4])
insilico,3561,12613,Un12613,TRUE,,[CX3]=[CH1][CX4][CX4]([CX4])[OH1]
insilico,3562,12615,Un12615,TRUE,,[#8]=[CH0](O[#6])[cH0]1:[cH1]:[cH1]:[#6](:[cH1]:[cH1]1)
insilico,3563,12617,Un12617,TRUE,,O=[CH0]([CH1](N[#6])[#6])N[CH1]([#6])[CH0](=[#8])O
insilico,3564,12618,Un12618,TRUE,,[CX4]([NX3][CX3]=[OH0])[CH0](=[OH0])[OH1]
insilico,3565,12619,Un12619,TRUE,,[CH3][CH0]1[CH2][CH2][#6][#6][CH1]1
insilico,3566,12620,Un12620,TRUE,,[CH3][NX3]([CX4][cH0]([cX3]a)[cX3]a)
insilico,3567,12624,Un12624,TRUE,,O=P(O[CH2][CH1]([#6])O[#6])(O)O
insilico,3568,12625,Un12625,TRUE,,[cX3](a)[cH1][cX3](a)[SX4][NX3]a
insilico,3569,12627,Un12627,TRUE,,[cX3]([cX3]([cH1][cX3](a)))[cX3](a)[ClH0]
insilico,3570,12629,Un12629,TRUE,,[CH3][CX4]([CH1]([CX4])[OH0][CX4])
insilico,3571,12631,Un12631,TRUE,,[CX4][CH2][CX4]([CH1]([CH1]1[CX4][CH2][CX4]([CX4]1[CH3]))[CH3])
insilico,3572,12632,Un12632,TRUE,,[cX3](a)([cH1][cH1][cX3](a)[CX4]([CX4]([CX3](=[OH0]))))[OH1]
insilico,3573,12633,Un12633,TRUE,,[CX4][CH2][CX4]([CH1]1[CH2][CX4]([CX4]([CX4]1[CX4])))
insilico,3574,12635,Un12635,TRUE,,[NX3][CH0](=[OH0])[CH1]([CX4])[NX3]([CX4])
insilico,3575,12636,Un12636,TRUE,,[CX4][CH2][CX4]1([CH2][CH2][CH1]2[CX4]3([CH2][CH2][CX4]([CH0]3([CH2][CH2][CH1]2[CX4]1)[CH3])))
insilico,3576,12639,Un12639,TRUE,,[CX4][CH2][CH2][CH2][CH2][CX4]
insilico,3577,12640,Un12640,TRUE,,[CX4]1[CH2][CH2][CH2][CH2][CX4]1[OH1]
insilico,3578,12643,Un12643,TRUE,,[NX3][CH2][CH2][CX4][CX3](=[OH0])
insilico,3579,12645,Un12645,TRUE,,[CX4][CX4]([CX4][OH0][CX3]=[OH0])[CH3]
insilico,3580,12646,Un12646,TRUE,,[CX4][NX3][CH2][CX4]([CX4])
insilico,3581,12647,Un12647,TRUE,,[cX3](a)([cH1][cX3]a)[cX3]([cH0]([cH1][cX3]a)[cX3](a)a)
insilico,3582,12648,Un12648,TRUE,,[cX3]1[cX3]([cH1][cX3]([cX3]([cH0]1[OH1])))
insilico,3583,12649,Un12649,TRUE,,Cl[cH0]1:[cH1]:[cH0](:[cX3]:[cH1]:[cH1]1)[#17]
insilico,3584,12651,Un12651,TRUE,,O=[CH0]([CH1](N[#6])[CH2][cH0](:[#6]):[cH1]:[cH1]:[#6])O
insilico,3585,12652,Un12652,TRUE,,[CH3][CH0](=O)N[CH1]1[CH1]([CH1]([CH1](O[CH1]1O[#6])[CH2][#8])O)[#8]
insilico,3586,12654,Un12654,TRUE,,[CX4]1[cH0]2[cH1][cX3]([cH0]([cH1][cH0]2[CH2][CH2][NX3]1)[OH0][CH3])
insilico,3587,12660,Un12660,TRUE,,[cX3]1[cH1][cX3]([cH0]([cH0]([cX3]1)[CX4])[NH2])
insilico,3588,12661,Un12661,TRUE,,[CX4][CH2][CH1]([NX3][CX3]=[OH0])[CH0](=[OH0])[OH1]
insilico,3589,12662,Un12662,TRUE,,[#7][CH1]([CH1]([CH1]([CH1]([#6])[#8])O)[#8])[#6]
insilico,3590,12663,Un12663,TRUE,,[CX4]([CH2][NX3][CH2][CX4][CH2][CX4])
insilico,3591,12665,Un12665,TRUE,,[CH3][CH0]1([CH1]=[CH1][#6]([#6](=[CH0]1[CH2][#6])))[#6]
insilico,3592,12666,Un12666,TRUE,,[cH1]1:[cH0]([#6]):[cH0]2:[cH1]:[cH1]:[cH1]:[cH1]:[cH0]2:n1[CH2][CH2][#6]
insilico,3593,12668,Un12668,TRUE,,O[CH2][CH1]([CH2][#8])[#8]
insilico,3594,12674,Un12674,TRUE,,[CX4][CH0](=[OH0])[NH1][cH0]1[cX3][cX3]([cH1][cH1][cH1]1)
insilico,3595,12676,Un12676,TRUE,,[cX3]1[cH1][cX3]([cH0]([cX3]([cH1]1))[CX3](=[OH0]))
insilico,3596,12677,Un12677,TRUE,,[cH1]1[cH1][cX3]([cH0]([cH1][cX3]1)-[cX3]([nH0][nX3]a)a)
insilico,3597,12680,Un12680,TRUE,,O=[CH0](O[#6])[cH0](:[#6]):[cH1]:[cH1]:[#6]
insilico,3598,12683,Un12683,TRUE,,[CH2]([CH2]N([CH2][CH1]=[#6])[#6])[#6]
insilico,3599,12684,Un12684,TRUE,,[CX4]([CX4]([CH1]([CX4]([CX4]))[OH1]))
insilico,3600,12685,Un12685,TRUE,,[cX3](a)([cX3]a)[OH0][CX3][NX3]
insilico,3601,12686,Un12686,TRUE,,[cX3](a)([cX3](a))[cH0]([cX3]([cX3]a))[nX2]a
insilico,3602,12688,Un12688,TRUE,,[CX4]([CH2][CX4][CX4]([CH2][CX4]))[CH3]
insilico,3603,12689,Un12689,TRUE,,[#6][CH0]([CH1]([#6])O)([CH3])[#6]
insilico,3604,12691,Un12691,TRUE,,[#6][CH0](=[#8])N1[CH2][#6][#6]([CH2][CH2]1)
insilico,3605,12692,Un12692,TRUE,,I[cH0](:[#6]):[cH1]:[#6]
insilico,3606,12694,Un12694,TRUE,,[#6][cH0]1:[cH0]([#6]):n:[cH0]2:[cH1]:[cX3](:[cH0](:[cH1]:[cH0]12)[#8])
insilico,3607,12696,Un12696,TRUE,,[CX3](=[CX3]([CX4][CH0](=[CX3])[CX4]))
insilico,3608,12697,Un12697,TRUE,,[CX4][NX3][CH1]([CH2][CH2][CX4])[CX4]
insilico,3609,12698,Un12698,TRUE,,O=[CH0]([#7])[CH1]([#6])N[CH0](=O)[CH1]([#6])N[#6]
insilico,3610,12700,Un12700,TRUE,,[#8]=[CH0]([cH0]1:[cH1]:[cH1]:[cH0](O[#6]):[cH1]:[cH1]1)N
insilico,3611,12701,Un12701,TRUE,,O([#15])[CH2][#6]
insilico,3612,12705,Un12705,TRUE,,[CH3][cH0]([cH0]([cH1][cX3]a)[OX2])[cX3](a)
insilico,3613,12706,Un12706,TRUE,,[CH3][CH0]1=[CH1][CX4]([CX4]([CX4]([CX4]1)))
insilico,3614,12714,Un12714,TRUE,,[CX4]([CX4]([cH0]1[cH1][cH1][cH1][cH1][cH1]1))[NX3][CH2][CH2][CX4]
insilico,3615,12716,Un12716,TRUE,,[CH3]O[cH0]1:[cH0](:[cH1]:[cH1]:[cH0](:[cH1]1)[CH1]=[#6])O[#6]
insilico,3616,12720,Un12720,TRUE,,[CX4]([CX4][CX4])([CH2][CX4])[CH0](=[OH0])[OX2]
insilico,3617,12721,Un12721,TRUE,,[CX4][cH0]1[cX3]([cH1][cH0]([cH1][cH1]1)[ClH0])
insilico,3618,12722,Un12722,TRUE,,[CH3][CH0]12[CH2][CH2][CH0]([CH1]=[CH0]2[#6][#6]([CH1]([CH1]1[CH2][#6])[#6]))=[#8]
insilico,3619,12723,Un12723,TRUE,,O=[CH0](O[CH1]([CH1]([#6])[#8])[#6])[CH1]=[CH1][cH0]1:[cH1]:[cH1]:[cH0](:[cH1]:[cH1]1)[#8]
insilico,3620,12724,Un12724,TRUE,,[#8]=[CH0]([cH0]1:[cH0](:[cH1]:[cH1]:[cH1]:[cH1]1)[#6])N[#6]
insilico,3621,12727,Un12727,TRUE,,[CX4][CH2][CX4]([CX4]([CX4]([CH2][OH1])))
insilico,3622,12728,Un12728,TRUE,,[CX4][CX4]([CH0]([CX4]([CX4]))([CH3])[CH3])
insilico,3623,12729,Un12729,TRUE,,[nX3](a)[cH0]1[cX3](a)[cH1][cH1][cX3]([cX3]1)
insilico,3624,12730,Un12730,TRUE,,[NX3]([CX4][CH2][cX3](a)[cH1][cX3]a)[CH3]
insilico,3625,12732,Un12732,TRUE,,[CX4]([CH1]([CH1]=[CX3])[OH0][CH3])
insilico,3626,12733,Un12733,TRUE,,[cX3]([cX3](a)[CH3])[cX3](a)[cX3]([cX3]([cX3](a)))
insilico,3627,12737,Un12737,TRUE,,[cX3](a)[cH1][cX3]([nX2]a)
insilico,3628,12739,Un12739,TRUE,,[CX4][CH2][OH0][cH0]1[cX3]([cH1][cX3]([cH1][cX3]1))
insilico,3629,12741,Un12741,TRUE,,[CH3][CH1]1[CX4]([CX4]([CH1]([CH1]([OH0]1)[OH0][CX4]([CX4]))[OH1]))
insilico,3630,12743,Un12743,TRUE,,[cH1]1:[#6]:[#6]:[cH0](:[cH0](:[cH0]1O[#6])[#6])[#8]
insilico,3631,12745,Un12745,TRUE,,[CH3]O[cH0]1:[#6]:[#6]:[cH1]:[cH1]:[cH0]1[#7]
insilico,3632,12746,Un12746,TRUE,,[CX4]([CH1]=[CH1][CX4]([CX4]([CH2][CX4])))[OH1]
insilico,3633,12748,Un12748,TRUE,,[NX3]1[CX4][CH2][CX4]([CX4]([CH1]1[CX4]))
insilico,3634,12751,Un12751,TRUE,,[cX3]([cH1][cX3](a)[cH0]([nH0][cX3](a))[cX3]a)a
insilico,3635,12756,Un12756,TRUE,,O=[CH0](N[CH2][#6])[cH0](:[#6]):[#6]
insilico,3636,12758,Un12758,TRUE,,[cX3]([cX3]([sH0][cX3](a)[NX3]))a
insilico,3637,12759,Un12759,TRUE,,[CX4]([CH1]([CX4][CH3])[OH0][CX3])([CH3])
insilico,3638,12760,Un12760,TRUE,,n1:[cH1]:n:[cH0]2:[cH0]1:n:[cH1]:n:[cH0]2N[#6]
insilico,3639,12761,Un12761,TRUE,,[CX4]1[CH2][CX4]([CX4]([CX4])([CX4]([CH0]1([CX3](=[OH0]))[CH3])))
insilico,3640,12762,Un12762,TRUE,,[CX4]([CX4])([CH1]([CX4])[OH1])[CH3]
insilico,3641,12763,Un12763,TRUE,,[cX3](a)([cX3]([cX3]a))[CX4]([CH2][NX3])
insilico,3642,12765,Un12765,TRUE,,[#8]=[CH0](O[#6])[cH0](:[#6]):[cH1]:[cH0](:[#6])[#6]
insilico,3643,12771,Un12771,TRUE,,[#6]:[cH0](:[cH1]:[#6])[CH2][CH2][#6]
insilico,3644,12773,Un12773,TRUE,,[CH3][CH1]([CH0](=O)[#7])[#7]
insilico,3645,12774,Un12774,TRUE,,[#8]=[CH0]([#7])[CH0](=[CH1][cH0](:[cH1]:[cH1]:[#6]):[#6])[#6]
insilico,3646,12775,Un12775,TRUE,,[CX4][CX4][CX4]([CX4])([CX3])
insilico,3647,12776,Un12776,TRUE,,[CH3][cH0]1[cH1][cX3]([cX3]([cH0]([cX3]1a)[cX3](a)))
insilico,3648,12779,Un12779,TRUE,,[cH1]1:[cH0](:[cX3](:[cX3]:[cH1]:[cH1]1))[#7]
insilico,3649,12781,Un12781,TRUE,,[#8]=[CH0]([CH1]=[CH1][#6])[cH0]1:[cH1]:[cH1]:[cH1]:[#6]:[#6]1
insilico,3650,12783,Un12783,TRUE,,[CX4][CH0](=[OH0])[CX4][OH1]
insilico,3651,12784,Un12784,TRUE,,O=[CH0](N[CH2][CH2][#6])[#6]
insilico,3652,12786,Un12786,TRUE,,[CH3][CH0]12[CH2][CH2][#6][#6]([CH1]1[#6][CH1]=[CH0]([CH0]2([#6])[CH3])[#6])
insilico,3653,12789,Un12789,TRUE,,[NX3][cX3](a)[cH1][cH1][cX3](a)[NH2]
insilico,3654,12793,Un12793,TRUE,,[CH3][CH1]=[CH0]([#6])[CH1]([CH2][#6])[#6]
insilico,3655,12795,Un12795,TRUE,,[CX3](=[CH1][cH0]1[cH1][cX3]([cH0]([cX3]([cH1]1))[OX2]))[CH0](=[OH0])[NX3]
insilico,3656,12797,Un12797,TRUE,,O[cH0](:[cH1]:[cH0](:[#6])[CH1]=O):[#6]
insilico,3657,12802,Un12802,TRUE,,[CX4][CH2][CH1]1[CX4]([CX4]([CH2][CX4]([CH1]1[CX4]([CX4]))))[CH3]
insilico,3658,12803,Un12803,TRUE,,[CX4][CX4]([CH1]([CH2][OH1])[NX3])
insilico,3659,12807,Un12807,TRUE,,[cH1](:[#6]):[cH0](:[cH1]:[#6])O[#6]
insilico,3660,12809,Un12809,TRUE,,[CX3](=[OH0])[OH0][CH2][CX3]
insilico,3661,12812,Un12812,TRUE,,[CH3][CH2]O[cH0]1:[cH1]:[cH1]:[cX3](:[cH1]:[cH1]1)
insilico,3662,12814,Un12814,TRUE,,O[CH1]([CH1]([#7])[#6])[#6]
insilico,3663,12815,Un12815,TRUE,,[CX4]([CH0](=[OH0])[NX3])[CH2][cH0]1[cH1][cH1][cH0]([cH1][cH1]1)[OX2]
insilico,3664,12820,Un12820,TRUE,,[cX3]1[cX3]([cH0]([cX3]([cH0]([cH1]1)[CH1]=[CX3]))[OH1])
insilico,3665,12821,Un12821,TRUE,,[CX3](=[OH0])[cH0]1[cX3]([cH1][cH0]2[cH1][cH1][cH1][cX3]([cH0]2[cX3]1))
insilico,3666,12824,Un12824,TRUE,,[CH2]([CH1]([#6])O[#6])[#7]
insilico,3667,12826,Un12826,TRUE,,[CX4][CH2][CX4]([CX4]([CX4]([CH2][CX3])))
insilico,3668,12828,Un12828,TRUE,,[NX3][CX4][cH0]1[cH1][cH1][cH1][cH1][cX3]1
insilico,3669,12830,Un12830,TRUE,,[CX4]([CX4][OH1])[OH0][CH1]([CH1]([CH1]([CX4][OH1])[OH1])[OH1])[OX2]
insilico,3670,12834,Un12834,TRUE,,[cX3](a)[cH0]1[cH1][cH1][cH1][cH1][cX3]1a
insilico,3671,12835,Un12835,TRUE,,[cX3]([cH0]([cH1][cX3]a)[BrH0])a
insilico,3672,12839,Un12839,TRUE,,[CX4]([CX4][NH1][CX3](=[OH0]))[CX4]([CX4]([CX4]))
insilico,3673,12840,Un12840,TRUE,,[nX2](a)[cX3]([nH0][cX3](a)[OH0][CH3])
insilico,3674,12841,Un12841,TRUE,,[OX2][cX3](a)[cX3]([cX3](a)[CX4]([CX4]))
insilico,3675,12844,Un12844,TRUE,,[CX4]([CH2][OH1])[NH2]
insilico,3676,12846,Un12846,TRUE,,[#8][CH1]1[CH1]([CH1]([CH1]([#6])O[CH1]1O[CH1]([CH1]([#6])[#8])[CH1]([#6])[#8])[#8])O
insilico,3677,12849,Un12849,TRUE,,[CH3][OH0][cH0]([cH0]([cX3]a)[OX2])[cH0]([cX3](a))[OH1]
insilico,3678,12851,Un12851,TRUE,,[CX3][CH1]([CH2][CH2][CX4])[NH2]
insilico,3679,12856,Un12856,TRUE,,[#8][CH1]([CH1]([#8])[cH0](:[#6]):[cH1]:[cH1]:[#6])[#6]
insilico,3680,12857,Un12857,TRUE,,[CX4]([CH2][CX4])[CX4][CH0](=[CX3])[CX4]
insilico,3681,12860,Un12860,TRUE,,[CH3][CX4][CX4][CH0]1([CX4][CH1]2[CH1]([CH2][CX4]1)[CH0]1([CH1]([CH2][CX4]2)[CH2][CX4]([CH2][CH2]1))[CH3])[CH3]
insilico,3682,12861,Un12861,TRUE,,[#17][cH0]1:[cH1]:[cX3]:[cH0](:[cH1]:[cH0]1[#17])[#7]
insilico,3683,12871,Un12871,TRUE,,[CX4][CH2][CH2][NH1][CH0](=[OH0])[cX3](a)[cH1][cX3]a
insilico,3684,12872,Un12872,TRUE,,[CX3][CX4][cX3]([cH1][cX3](a)[OH0][CH3])a
insilico,3685,12875,Un12875,TRUE,,[CX4]([cH0]1[cX3][cX3]([cH0]([cH1][cH0]1[CH2][CX4])[OX2]))
insilico,3686,12876,Un12876,TRUE,,[CX3][NH1][cH0]1[nH0][cH1][cX3]([cH1][cH1]1)
insilico,3687,12877,Un12877,TRUE,,O=[CH0]([CH1]([CH2][cH0]1:[cH1]:[cH1]:[cH1]:[cH1]:[cH1]1)N)N[CH1]([#6])[CH0](=O)O
insilico,3688,12881,Un12881,TRUE,,[cX3](a)([nH0][cX3](a)[NH1][CX4])[NX3]
insilico,3689,12882,Un12882,TRUE,,[CH3][cH0](:[cH1]:[#6]):[cH0](:[#6])[#6]
insilico,3690,12883,Un12883,TRUE,,[NX3][CH1]([CH0](=[OH0])[NH1][CX4]([CH0](=[OH0])[NH1][CX4]))[CH3]
insilico,3691,12884,Un12884,TRUE,,[CX4][CH1]([cH0]1[cH1][cX3]([cH0]([cH1][cH1]1)[OX2]))[OH1]
insilico,3692,12885,Un12885,TRUE,,[CX4][CH0](=[OH0])[NH0]([CX4])[CX4]
insilico,3693,12886,Un12886,TRUE,,[cX3](a)[cH1][cX3]([cX3]([cX3](a)[OH0][CH3]))
insilico,3694,12887,Un12887,TRUE,,[#8]=[CH0]([CH2][#6])N[cH0]1:[cH1]:[cH1]:[cH1]:[cH1]:[#6]1
insilico,3695,12888,Un12888,TRUE,,[CX4][OH0][CH1]1[CX4]([CX4]([CX4]([CH1]([OH0]1)[CX4])))
insilico,3696,12889,Un12889,TRUE,,[CX4]([OH0][cX3](a)[cX3](a)[CX3]=[OH0])[cX3](a)a
insilico,3697,12890,Un12890,TRUE,,[OX2][CH2][CH1]([CH2][OX2])[OH1]
insilico,3698,12893,Un12893,TRUE,,O=[CH0]([#6])N[CH1]([CH0](=O)N[#6])[CH2][cH0]1:[cH1]:n:[cH0]2:[cH1]:[cH1]:[cH1]:[cH1]:[cH0]21
insilico,3699,12894,Un12894,TRUE,,[#8][cH0]1:[cX3](:[cX3](:[cH1]:n:[cX3]1))
insilico,3700,12895,Un12895,TRUE,,[cX3](a)[cH0]1[cH1][cH1][cH1][cH1][cH0]1[cX3]([cX3](a))
insilico,3701,12897,Un12897,TRUE,,F[cH0](:[#6]):[cH1]:[cH0](:[#6]):[#7]
insilico,3702,12899,Un12899,TRUE,,[CH2]1[CH1]([#6][#6](O1))[#6]
insilico,3703,12900,Un12900,TRUE,,O[cH0]1:[cH1]:[cH0]([CH1]([#6])O[cH0](:[#6]):[#6]):[cH1]:[cH1]:[cH0]1O
insilico,3704,12901,Un12901,TRUE,,[cH1]1[cH1][cX3]([cH1][cH1][cH0]1[CH2][CH1]([CX3](=[OH0]))[NH1][CH0](=[OH0])[CX4])
insilico,3705,12903,Un12903,TRUE,,[CX4][CH2][NH1][CH0](=[OH0])[cX3]([cH1][cX3](a))a
insilico,3706,12904,Un12904,TRUE,,O[cH0](:[#6]):[cH1]:[cH0](:o:[#6]):[#6]
insilico,3707,12907,Un12907,TRUE,,[CX4][NH0]([CH2][CH2][CX4])[CX3][CX4]
insilico,3708,12909,Un12909,TRUE,,[cX3](a)([cX3](a)[CH0](=[OH0])[CX4])[OH1]
insilico,3709,12910,Un12910,TRUE,,[cH1]([cX3](a))[cH0]([cX3]([cX3](a)))[CX3](=[OH0])
insilico,3710,12913,Un12913,TRUE,,[CH3][CH1]([CH1]([CH1]([#6])O)[#6])[#6]
insilico,3711,12914,Un12914,TRUE,,[#6][CH1]=[CH1][CH2][CH2][CH2][CH2][CH2][CH2][CH2][CH2][CH2][CH2][#6]
insilico,3712,12915,Un12915,TRUE,,[#6][CH2][cH0](:[#6]):[cH0](:[cH1]:[#6])[#6]
insilico,3713,12917,Un12917,TRUE,,O=[CH0]([CH0]1=[CH1]O[CH1]([#6]([CH1]1[#6]))O[CH1]1[CH1]([CH1]([CH1]([CH1](O1)[CH2]O)O)O)O)O[CH3]
insilico,3714,12921,Un12921,TRUE,,O[cH0](:[cH0](:[#6])[#8]):[cH0]([#8]):[#6]
insilico,3715,12922,Un12922,TRUE,,[CX3](=[OH0])[cX3]([cH0]([cX3]a)[OH0][CX4])a
insilico,3716,12923,Un12923,TRUE,,O=[CH0]([CH2]O[cH0](:[cH1]:[cH1]:[#6]):[#6])N
insilico,3717,12928,Un12928,TRUE,,[CX4]([CX4][CX3])[OH0][CX3][CH3]
insilico,3718,12931,Un12931,TRUE,,O[cH0]1:[cH1]:[cH1]:[cH0](:[cH1]:[cH0]1O)[CH0](=O)[#8]
insilico,3719,12933,Un12933,TRUE,,O=[CH0]([#8])[cH0]1:[cH1]:[cH1]:[cH1]:[cH1]:[cH0]1N[CH0](=O)[#6]
insilico,3720,12939,Un12939,TRUE,,O=[CH0]([#6])[cH0]1:[cH1]:[cH1]:[cH0](:[cH1]:[cH1]1)O
insilico,3721,12940,Un12940,TRUE,,[CH3][CH1]([CH1]([#6])O[#6])O
insilico,3722,12942,Un12942,TRUE,,O=[CH0]([#6])O[CH2][CH2]O[#6]
insilico,3723,12947,Un12947,TRUE,,[cX3]([cX3]([cX3](a)))([cX3]([nX2]a))
insilico,3724,12950,Un12950,TRUE,,[OX2][cH0]1[cH1][cH0]([cH1][cX3]([cX3]1))[CH2][CX4]([CX4])
insilico,3725,12953,Un12953,TRUE,,[#8]=[CH0]([cH0](:[#6]):[#6])N[cH0](:[#6]):[cH1]:[cH1]:[#6]
insilico,3726,12963,Un12963,TRUE,,[#6][CH1]1[CH1]([CH1]([#6][#6](O1))O[CH3])O[#6]
insilico,3727,12964,Un12964,TRUE,,[#8]=[CH0]([CH1]=[CH1][cH0]1:[cH1]:[cH1]:[#6]:[cH1]:[cH1]1)[cH0](:[#6]):[cH1]:[#6]
insilico,3728,12967,Un12967,TRUE,,[CX4][OH0][CH0]([CX4])=[OH0]
insilico,3729,12971,Un12971,TRUE,,[CX4][CH1]([CX4])[CX4]([CH2][CH2][CX3]=[OH0])[CH3]
insilico,3730,12973,Un12973,TRUE,,[CX3][cH0]1[cX3]([nH1][cH0]2[cH1][cH1][cH1][cH1][cH0]21)
insilico,3731,12975,Un12975,TRUE,,[CX3](=[OH0])[OH0][CH1]1[CH1]([CH1]([CH1]([CH1]([OH0]1)[CX4])[OH1])[OH1])[OH1]
insilico,3732,12976,Un12976,TRUE,,[cH1]1[cH1][cH0]([cX3]([cH1][cH0]1[NH1][CH0](=[OH0])[CX4]))[FH0]
insilico,3733,12977,Un12977,TRUE,,[CX4]1[CX4]([CH2][CX4]([OH0][CH1]1[CX4]))
insilico,3734,12979,Un12979,TRUE,,[CX4][NH0]1[CH2][CX4]([CH2][CH2][CX4]1)
insilico,3735,12980,Un12980,TRUE,,[cH1]1:[cX3]:[cH1]:[cH0](:[cH0](:[cX3]1)[#6])[#8]
insilico,3736,12983,Un12983,TRUE,,[CX4]([CX4]([CH1]([CX4]([CX3]))[OH1]))
insilico,3737,12984,Un12984,TRUE,,[CX4][NX3]([CH2][CH2][cH0]1[cH1][cH1][cH1][cH1][cX3]1)
insilico,3738,12986,Un12986,TRUE,,[CH3][CH2][CH2][CH2][CH2][CH2][CH2][CH2][CH2][CH2][CH2][CH2][CH2][CH2][CH2][CH2][#6]
insilico,3739,12988,Un12988,TRUE,,[#6][CH0](=[CH1][CH2][cH0]1:[cH0]([#8]):[cH1]:[cH1]:[#6](:[#6]1))[CH3]
insilico,3740,12995,Un12995,TRUE,,[#7]:[cH0](N[#6]):n:[cH1]:[#6]
insilico,3741,12997,Un12997,TRUE,,[cX3]1[cX3][cX3](a)[cX3](a)[cH1][cH1]1
insilico,3742,13003,Un13003,TRUE,,[cX3]1[cH1][cX3]([cH0]([cH0]([cH1]1)[OX2])[CX4])
insilico,3743,13004,Un13004,TRUE,,[CH2]([CX4][NH1][CX3][CX4])[SX2]
insilico,3744,13006,Un13006,TRUE,,[CX4]([CX4]([CX4]([CX4]([CX4][NX3]))))[NH2]
insilico,3745,13011,Un13011,TRUE,,[#8]=[CH0]([cH0]1:[cH1]:[cH0]([#8]):[cH0](:[#6](:[#6]1))[#8])[#7]
insilico,3746,13013,Un13013,TRUE,,[CX4][CX4][CX4]([CX4])([CX4][CX4])
insilico,3747,13015,Un13015,TRUE,,[#8]=[CH0]([#6])N[CH1]([CH2][CH2][CH2][#6])[#6]
insilico,3748,13016,Un13016,TRUE,,[CH3][CH0]([CH1]([#6])[#8])([CH3])O
insilico,3749,13017,Un13017,TRUE,,[CX4]([CX4])[NH0]([CX4])[CH0](=[OH0])[CH1]([NX3])[CX4]([CH3])
insilico,3750,13019,Un13019,TRUE,,[CH3][CH1]1[CH2][#6]([#6]([CH1]1O))
insilico,3751,13021,Un13021,TRUE,,[CH3][CH2][#8]
insilico,3752,13022,Un13022,TRUE,,[CX4][NH1][CH2][CX4][OH1]
insilico,3753,13030,Un13030,TRUE,,[NX3][CX4]([CH2][CH2][OX2])
insilico,3754,13031,Un13031,TRUE,,[#8][cH0]1:[cH0]([#8]):[#6]:[cH0](:[cH1]:[cH1]1)[CH2][#6]
insilico,3755,13034,Un13034,TRUE,,[cX3](a)([OX2])[cX3](a)[ClH0]
insilico,3756,13036,Un13036,TRUE,,[cX3](a)[cH0]([cH1][cH1][cX3]a)[CX4]
insilico,3757,13037,Un13037,TRUE,,O=[CH0]([CH0](=[CH1][#6])[#6])[#8]
insilico,3758,13038,Un13038,TRUE,,[CX4]([CH1]([CX4][OH1])[NX3])
insilico,3759,13041,Un13041,TRUE,,[CX4][CX4]1([CX4][CH2][CX4]([CH2][CX4]1))
insilico,3760,13044,Un13044,TRUE,,[CX3](=[CH1][CH2][cH0]1[cX3]([cH1][cX3]([cH0]([cX3]1)[CX3])))[CH3]
insilico,3761,13045,Un13045,TRUE,,[CH3][cH0](:n:[#6]):[cH1]:[#6]
insilico,3762,13046,Un13046,TRUE,,[CX3][CH0](=[OH0])[CX4][CH3]
insilico,3763,13048,Un13048,TRUE,,[CH3]N1[CH2][#6][#6][CH2][CH2]1
insilico,3764,13049,Un13049,TRUE,,[CH2]1[cH0](:[#6]):[cH0](:[cH1]:[#6])[#6][#6]1
insilico,3765,13054,Un13054,TRUE,,O=[CH0](N[CH1]([CH2][#6])[#6])[CH1]([CH2][CH2][#6])N
insilico,3766,13057,Un13057,TRUE,,N[CH1]([CH2][CH2][CH2][#7])[#6]
insilico,3767,13058,Un13058,TRUE,,[CH3][CH1]([#6])N([CH0]([#6])=[#8])[CH3]
insilico,3768,13060,Un13060,TRUE,,[cX3](a)[cH1][cH1][cX3](a)-[cH0]([cX3](a)-a)[cX3]a
insilico,3769,13061,Un13061,TRUE,,[NX3][CH1]([CH0](=[OH0])[NX3])[CX4]([CH3])
insilico,3770,13062,Un13062,TRUE,,[cX3](a)[cX3](a)[cX3]([cX3](a)[CH2][CX3](=[OH0]))
insilico,3771,13063,Un13063,TRUE,,[CX4]([CH1]([CX4])[OH1])[OH0][CX4][CX3]
insilico,3772,13067,Un13067,TRUE,,[cX3](a)(a)[CX4][OH0][CX4]([CX4][OH1])
insilico,3773,13071,Un13071,TRUE,,[cX3]1[cH0]([cH1][cH1][cH0]([cX3]1)[CX4][CX4])[OH1]
insilico,3774,13072,Un13072,TRUE,,[cX3]1[cH1][cX3]([cH0]([cH1][cH1]1)[nH0][cX3]([cX3](a)[cX3]a)a)a
insilico,3775,13073,Un13073,TRUE,,[CX4][CH1]([OH0][CX4][CX3](=[OH0]))[OH0][CX4]
insilico,3776,13075,Un13075,TRUE,,[CH2]([CH2][CX4][cX3]([cH1][cX3]([cX3](a)))a)[CX4]
insilico,3777,13077,Un13077,TRUE,,[CX4]([CX4]([CH1]1[CX4][CX4]([CX4]([CH2][CH2]1))))[CX4]([CX4])
insilico,3778,13079,Un13079,TRUE,,[NX3][CX4]([CH2][SH0][CX4])
insilico,3779,13080,Un13080,TRUE,,O=[CH0]([CH1]([CH2][CH2][CH2]N=[CH0](N)N)N)N[#6]
insilico,3780,13082,Un13082,TRUE,,[nX2](a)[cH1][cX3](a)[CH0]([OH0][CX4])=[OH0]
insilico,3781,13085,Un13085,TRUE,,O=[CH0]([cH0](:[cH0]([#6]):[#6]):[#6])O[#6]
insilico,3782,13089,Un13089,TRUE,,[CX4]([CX4][cH0]1[cH1][cH1][cH0]([cH1][cH1]1)[OX2])[CX3]=[OH0]
insilico,3783,13090,Un13090,TRUE,,[NX3]1[CH2][CH2][cH0]([cX3]a)[cX3](a)[CX4]1
insilico,3784,13091,Un13091,TRUE,,[CH3][CH0]([CH1]([CH1]([#6])[#8])O)([#6])[#6]
insilico,3785,13093,Un13093,TRUE,,[nX2](a)[nH1][nX2]a
insilico,3786,13094,Un13094,TRUE,,[cX3](a)[cX3]([cX3](a)[CX4][CX3](=[CX3]))
insilico,3787,13096,Un13096,TRUE,,[CH3][CH0]([CH1]([#6])O)([#6])[CH2]O
insilico,3788,13099,Un13099,TRUE,,[cX3]1[cH0]([cH0]([cX3]([cX3]([cH0]1[CX4])))[OH0][CH3])[OH0][CH3]
insilico,3789,13100,Un13100,TRUE,,[NX3][cX3](a)[nH0][cX3]([nH0][cX3](a))
insilico,3790,13105,Un13105,TRUE,,[CH3][CH2][NH0]([CX4])[CH2][CX4]
insilico,3791,13106,Un13106,TRUE,,[cH1]1[cH1][cX3]([cH1][cH1][cH0]1-[cH0]([cX3]([cX3]a))[cH1][cX3]a)
insilico,3792,13109,Un13109,TRUE,,[CH3][cH0]1:[cH1]:[cH0](:[cH0](:[#6](:[cH1]1))[#8])[#6]
insilico,3793,13113,Un13113,TRUE,,[CX4]([CH3])[cH0]1[cH1][cH1][cH0]([cH1][cH1]1)[CX4]
insilico,3794,13114,Un13114,TRUE,,[NX3][CX4]([CH1]([CH1]([CX4][CX4])[OH1])[OH1])
insilico,3795,13116,Un13116,TRUE,,[#6][CH2]O[cH0]1:[cH1]:[#6](:[cH0](:[cH1]:[cH1]1)[#7])
insilico,3796,13117,Un13117,TRUE,,[#8]=S([cH0](:[#6]):[#6])(=O)N[CH1]([#6])[#6]
insilico,3797,13120,Un13120,TRUE,,[CX3](=[OH0])[NX3][cH0]1[cH1][cH1][cH1][cH1][cX3]1
insilico,3798,13124,Un13124,TRUE,,[cX3](a)[cH1][cX3]([nH0][cX3](a)[CX4])
insilico,3799,13126,Un13126,TRUE,,[CX4][cH0]([cX3](a)[OX2])[cH0]([cX3]a)[OH1]
insilico,3800,13130,Un13130,TRUE,,O=[CH0]([CH0]([CH1]([#6])[#6])=[#6])O
insilico,3801,13132,Un13132,TRUE,,[cH1]1[cH1][cX3]([cH1][cH1][cH0]1-[cX3]([cX3]([cX3]([cX3]a)))a)
insilico,3802,13136,Un13136,TRUE,,[#8][cH0]1:[cH0](:[cH1]:[cH0]([CH0]([#8])=[#8]):[cH1]:[cH0]1[#8])[#8]
insilico,3803,13144,Un13144,TRUE,,[CX3](=[OH0])[CX4]1([CX4]([CH2][CH1]2[CX4]1([CH2][CH1]([CX4]1([CH1]2[CH2][CX4]([CH0](=[CX3])[CX4]1[CH3])))[OH1])))
insilico,3804,13145,Un13145,TRUE,,O[cH0](:[cH0](:[#6])F):[#6]
insilico,3805,13149,Un13149,TRUE,,[#8]=[CH0]([cH0]1:[#6]:[#6](:[cH1]:[cH1]:[cH1]1))[#7]
insilico,3806,13155,Un13155,TRUE,,[CX4]([CX4][CX4]([CX3]))([CX4]([CX4]))[CH3]
insilico,3807,13157,Un13157,TRUE,,[CX4][CX4][nH0]1[cH1][nH0][cX3]([cX3]1)
insilico,3808,13160,Un13160,TRUE,,[NX3]([cH0]([nH0][cX3](a)[NH2])[cX3](a))
insilico,3809,13161,Un13161,TRUE,,[CH3][CX4]([CH2][CH1]([CX4])[OX2])
insilico,3810,13162,Un13162,TRUE,,[CH3][CH0](=[#8])N[CH2][#6]
insilico,3811,13163,Un13163,TRUE,,[#6]=[CH1][CH2][CH2][CH2][CH2][CH2][CH2][CH2][#6]
insilico,3812,13164,Un13164,TRUE,,[#8]=[CH0]([CH1](N[CH2][#6])[CH2][#6])[#8]
insilico,3813,13165,Un13165,TRUE,,O=[CH0]([CH1]([#6])N[CH0](=O)[CH1]([CH2][#6])N)O
insilico,3814,13166,Un13166,TRUE,,[cX3]1[cH0]([cH1][cH1][cH1][cX3]1)[CH0](=[OH0])[cH0]([cX3]a)[cX3]a
insilico,3815,13167,Un13167,TRUE,,[#6][CH2][CH2][CH2][CH2][cH0](:[cH1]:[#6]):[cH1]:[#6]
insilico,3816,13169,Un13169,TRUE,,[#6][cH0]1:[cH1]:[cH0](:[cH1]:[cX3](:[cX3]1))O[CH3]
insilico,3817,13170,Un13170,TRUE,,[CX4]([CX4]([CX4]))[CX4][OH0][cX3]([cX3]a)a
insilico,3818,13171,Un13171,TRUE,,[CH3]N[CH0](=O)[#7]
insilico,3819,13173,Un13173,TRUE,,[cX3]1[cH1][cH1][cH1][cH0]([cH1]1)[CX4]
insilico,3820,13178,Un13178,TRUE,,O=[CH0]([#7])[CH2]S[cH0]1:n:[cH0](:n:[#6]):[cH0](:[#6]):n1
insilico,3821,13180,Un13180,TRUE,,[cX3](a)[cX3](a)-[cH0]1[cH1][cX3]([cH0]([cX3]([cH1]1))[OH0][CH3])
insilico,3822,13181,Un13181,TRUE,,[OX2][cH0]([cX3]([cX3]([cX3](a)[OH0][CH3])))[cX3]a
insilico,3823,13183,Un13183,TRUE,,[#8]=[CH0](N([CH1]([#6])[CH0](=O)[#8])[#6])[CH1]([#6])[#7]
insilico,3824,13184,Un13184,TRUE,,[CH3][CH1]([CX4])[CH1]1[CH2][CH2][CH1]2[CH0]1([CX4]([CH2][CH1]1[CH1]2[CX4]([CH2][CH1]2[CH0]1([CH2][CH2][CH1]([CH2]2)[OH1])[CH3])))[CH3]
insilico,3825,13185,Un13185,TRUE,,[#8][cH0]1:[cH0](:[#6](:[#6]:[cH0]([CH2][#6]):[cH1]1))[#6]
insilico,3826,13187,Un13187,TRUE,,[CX4]([CX4][OH1])[OH0][CH1]1[CH1]([CX4]([CX4]([CH2][OH0]1)))[OH1]
insilico,3827,13188,Un13188,TRUE,,[CX4][cH0]1[cH1][cX3]([cX3]([cH0]([cH1]1)[BrH0]))
insilico,3828,13190,Un13190,TRUE,,[CX3][NH1][CX4]([CX4]([CX4][OH1]))
insilico,3829,13191,Un13191,TRUE,,[cH1]1:[cH0]([#6]):[cH1]:[cH0](:[cX3](:[cX3]1))[#8]
insilico,3830,13192,Un13192,TRUE,,[CX4]([CX3][NX3][CX4]([CH2][CX4]))[NX3]
insilico,3831,13194,Un13194,TRUE,,[cX3](a)[cH0]([cX3]a)[NH1][cH0]([nH0][cX3]a)[cX3](a)a
insilico,3832,13197,Un13197,TRUE,,n1:[cH0]2:[cH1]:[cH1]:[cH1]:[cH1]:[cH0]2:[cX3](:[cX3]:[cX3]1)
insilico,3833,13200,Un13200,TRUE,,[cX3]1[cH1][cH0]([cH1][cX3]([cH0]1[CX3]))[OH0][CH3]
insilico,3834,13202,Un13202,TRUE,,[cX3]([cX3](a)[CH0]([FH0])([FH0])[FH0])a
insilico,3835,13204,Un13204,TRUE,,[CX4]1[CH2][CH1]([CH1]2[CH2][CX4]([CH0](=[CX3])[CX4]([CX4]2)[CH3]))[CX4]([CX4]1)[CH3]
insilico,3836,13210,Un13210,TRUE,,[cX3](a)[cH0]([cH1][cX3]a)-[cX3]([cH1][cX3]([cX3]a))a
insilico,3837,13211,Un13211,TRUE,,[NX3][CX4][CH2][cH0]1[cH1][nX3]([cH0]2[cH1][cH1][cH1][cX3][cH0]12)
insilico,3838,13215,Un13215,TRUE,,O[cH0]1:[cH1]:[cH0](:[cH0]([#6]):[cX3](:[cX3]1))O
insilico,3839,13219,Un13219,TRUE,,[CH3][CH0]([#6])([CH1]1[CH2][CH2][CH0]([CH1]([#6])[CH1]1[#6])([#6])[#6])[CH2][#6]
insilico,3840,13221,Un13221,TRUE,,[CX3](=[OH0])[NH1][CX4]([CX4]([CX3]))
insilico,3841,13222,Un13222,TRUE,,O=[N+]([cH0](:[cH1]:[cH0]([#7]):[#6]):[#6])[#8-]
insilico,3842,13224,Un13224,TRUE,,[CH3]O[cH0]1:[cX3](:[cH0](:[cH1]:[cH1]:[cH1]1)[#8])
insilico,3843,13225,Un13225,TRUE,,[CH2]([CH2][NH0]([CX4])[CX4])[NH0]([CX4])[CX4]
insilico,3844,13227,Un13227,TRUE,,[#8]=[CH0]([cH0](:[#6]):[cH1]:[cH1]:[#6])[CH1]([CH3])[#7]
insilico,3845,13228,Un13228,TRUE,,[CX3](=[OH0])[CH1]=[CX3][CX4]([CX4]([CH2][CX4])[CH3])
insilico,3846,13229,Un13229,TRUE,,O[CH1]1[CH1]([CH1]([CH1]([CH3])O[CH1]1O[CH1]([CH1]([CH1]([#6])O)O)[#6])O)O
insilico,3847,13234,Un13234,TRUE,,[cX3]1[cH1][cX3]([cX3]([cH0]([cX3]1)-[cH0]1[cH1][cH1][cH1][cH1][cX3]1))
insilico,3848,13237,Un13237,TRUE,,[CX3](=[NH0][CX4])[NX3]
insilico,3849,13238,Un13238,TRUE,,[cH1]([cH1][cX3]([cX3]([cH0]([cX3]a)[NX3]))a)[cX3]a
insilico,3850,13240,Un13240,TRUE,,[CX4]([cH0]1[cH1][cX3]([cH0]([cH0]([cH1]1)[OX2])[OH1]))
insilico,3851,13242,Un13242,TRUE,,O=[CH0]([#6])[CH2][CH0]([#6])([#6])[CH3]
insilico,3852,13243,Un13243,TRUE,,O[CH1]1[#6]([#6]([CH1]([cH0]2:[cH0](:[cH1]:[cH0](:[cH0]([#6]):[cH0]2[#8])[#8])O)O[CH1]1[CH2]O))
insilico,3853,13244,Un13244,TRUE,,O=[CH0]([#6])N[cH0]1:[cH1]:[cH1]:[#6](:[cH1]:[cH1]1)
insilico,3854,13245,Un13245,TRUE,,O=[CH0]([#8])[cH0]1:[#6]:[#6](:[cH0](:[cH1]:[cH1]1)[#8])
insilico,3855,13246,Un13246,TRUE,,[cH1]1:[cH1]:[cX3]:[cH0]2:[cX3](:[cH1]:[cH1]:[cX3](:[cH0]2:[cX3]1))
insilico,3856,13248,Un13248,TRUE,,O=[CH0]([CH1]([CH2][#6])N[CH0](=O)[#6])N[#6]
insilico,3857,13249,Un13249,TRUE,,[CX4][NH0]([CH2][CX4])[CH2][CX4]
insilico,3858,13250,Un13250,TRUE,,[cX3]([cX3](a))[cX3]([cH0]([cX3](a))[CH1]1[CX4]([CH1]([CH1]([CH1]([OH0]1)[CH2][OH1])[OH1])[OH1]))
insilico,3859,13252,Un13252,TRUE,,n1:[cX3]:s:[cH1]:[cH0]1[cH0]1:[cH1]:[cH1]:[cX3](:[cH1]:[cH1]1)
insilico,3860,13256,Un13256,TRUE,,[cH1]1[cH1][cH1][cH0]([cH1][cH1]1)[CH0](=[OH0])[NH1][CX4]
insilico,3861,13257,Un13257,TRUE,,[CX4]([CH1]([OH0][CX4])[CH2][OH1])
insilico,3862,13258,Un13258,TRUE,,[cH1]1[cH1][cX3]([cH1][cH1][cH0]1[CH2][CH1]([CH0](=[OH0])[NX3])[NH2])
insilico,3863,13260,Un13260,TRUE,,[cX3]1[cH1][cH1][cH0]([cH1][cH1]1)[CX4]([CX4])([cH0]1[cH1][cH1][cH1][cH1][cH1]1)
insilico,3864,13262,Un13262,TRUE,,[CX4][CX4][CX4][CH2][OX2]
insilico,3865,13265,Un13265,TRUE,,[cH1]1:[cH1]:[cX3](:[cX3]:[cH1]:[cH0]1[cH0]1:[cH1]:[cH1]:[cH1]:[cH1]:[cX3]1)
insilico,3866,13267,Un13267,TRUE,,[CX4]([CX4][OH0][PX4](=[OH0])[OH1])[OX2]
insilico,3867,13270,Un13270,TRUE,,[CH3]O[cH0]1:[cH0](:[cH1]:[cH0](:[cH0](:[cH0]1[#8])[#6])[#8])O[#6]
insilico,3868,13280,Un13280,TRUE,,[cH1]1[cH1][cX3]([cH1][cH1][cH0]1-[cX3](a)[oH0][cX3]([cX3]a))
insilico,3869,13282,Un13282,TRUE,,[CX4][cX3](a)[cH0]1[cH1][cH1][cH1][cH1][cX3]1a
insilico,3870,13283,Un13283,TRUE,,[CX3][CX4]([CH1]([CX4]([CH2][CX4]))[CX4])
insilico,3871,13288,Un13288,TRUE,,[#8]=[CH0]([#6])N[CH1]([CH2][CH2][CH2][#7])[#6]
insilico,3872,13290,Un13290,TRUE,,[CH3][CX4]([CX4]1([CH2][CH2][CX4]([CX4]1([CX4]))))
insilico,3873,13294,Un13294,TRUE,,[NX3][CX3]([cH0]1[cH1][cH0]([cX3]([cH1][cX3]1))[ClH0])
insilico,3874,13295,Un13295,TRUE,,O=[CH0]([cH0]1:[cH1]:[cH1]:[#6](:[#6]:[cH0]1O))O
insilico,3875,13299,Un13299,TRUE,,[CX4]([CH2][CH2][CX3](=[CX3][CX3](=[OH0])))
insilico,3876,13302,Un13302,TRUE,,[CH3][CH0]([#6])([CH2][#6])[#6]
insilico,3877,13306,Un13306,TRUE,,O[CH1]1[CH1](O[#6])[CH1]([CH1](O[CH1]1O[#6])[CH2][#8])[#8]
insilico,3878,13307,Un13307,TRUE,,[CX4]1[CX4][CX4]([CH2][CH0](=[CH1][CX3](=[OH0]))[CX4]1[CH3])
insilico,3879,13309,Un13309,TRUE,,[OX2][CX4][nX3](a)[cH0]1[nH0][cX3]([nH0][cH0]([cX3]1a)[NH2])
insilico,3880,13311,Un13311,TRUE,,O=[CH0]([CH2][#6])N([#6])[#6]
insilico,3881,13317,Un13317,TRUE,,[CX3][CX4]1([CX4]([CH2][CX4]([CX4]([CX4]1)([CX4]))))
insilico,3882,13318,Un13318,TRUE,,[CX4][cH0]1[cX3]([cX3]([cH0]([cX3]([cH0]1[OH1]))[OX2]))
insilico,3883,13319,Un13319,TRUE,,[CH3][cH0]1:[cH0](:[cH0]2:[cH0](:n1):[cH1]:[cH1]:[cX3](:[cH1]2))[#6]
insilico,3884,13320,Un13320,TRUE,,[cX3]([cX3](a)[CH2][CX4]([CX3][NH1][CX4]))a
insilico,3885,13322,Un13322,TRUE,,O=[CH0](N[CH2][cH0]1:[cH1]:[cH1]:[cH1]:[cH1]:[cH1]1)[#6]
insilico,3886,13325,Un13325,TRUE,,[CX3](=[CH1][cH0]1[cH1][cH1][cH0]([cH1][cH1]1)[OH1])
insilico,3887,13329,Un13329,TRUE,,[CH2]([CH2][CH2][NX3][cX3](a)[nH0][cX3](a))[CX4]
insilico,3888,13334,Un13334,TRUE,,[#8]=[CH0]1[cH0](:[cH0](:[cH1]:[#6])[#8][#6]([CH2]1)):[#6]
insilico,3889,13336,Un13336,TRUE,,[SX2][CX3][NX3]
insilico,3890,13337,Un13337,TRUE,,[NX3][CX3][cH0]1[cH1][cX3]([cX3]([cX3]([cH1]1)))
insilico,3891,13338,Un13338,TRUE,,[CX4][CX4]([CX4]([CX4]))[cH0]1[cX3][cH1][cH1][cX3]([cX3]1)
insilico,3892,13339,Un13339,TRUE,,[cH1]1:[cH0]([#6]):[cH1]:[cX3](:[cX3](:[cX3]1))
insilico,3893,13342,Un13342,TRUE,,O=[CH0]([#8])[CH1]=[CH1][cH0](:[#6]):[cH1]:[cH1]:[#6]
insilico,3894,13348,Un13348,TRUE,,[cX3](a)([cH1][cX3]([cX3](a)[OX2]))[CX3]
insilico,3895,13355,Un13355,TRUE,,[cX3](a)[cX3]([cH1][cH0]([cX3](a)[OH1])[OX2])
insilico,3896,13359,Un13359,TRUE,,[CX4][CH2][CX4]([CX4])[CX4]([CX3]=[OH0])
insilico,3897,13360,Un13360,TRUE,,[#8]=[CH0](N[CH1]([CH2][#6])[CH2][#6])[#6]
insilico,3898,13363,Un13363,TRUE,,[CX4][cH0]1[cH0]([CH2][CX4])[cH0]2[cH0]([nH1]1)[cH1][cH1][cH0]([cH1]2)[OX2]
insilico,3899,13365,Un13365,TRUE,,[CX4][cX3](a)[cX3]([cH1][cX3](a)[OH0][CX4])
insilico,3900,13368,Un13368,TRUE,,O[CH1]([CH1]([#7])[#8])[#6]
insilico,3901,13372,Un13372,TRUE,,[cX3]1[cH1][cX3]([cH0]([CX3](=[CX3]([CH2][CX4])))[cX3]([cH1]1))
insilico,3902,13374,Un13374,TRUE,,[CX4]([CX4]([CX4]([CX4]([CX4][OX2]))))
insilico,3903,13375,Un13375,TRUE,,[#6][cH0]1:n:[cH0]2:[cH1]:[cH1]:[cH1]:[cH1]:[cH0]2:[cX3]1
insilico,3904,13377,Un13377,TRUE,,[CX3](=[CX3][CH3])[CX4][cH0]1[cH1][cH0]([cH0]([cX3]([cH1]1))[OH1])[OX2]
insilico,3905,13378,Un13378,TRUE,,O[CH1]1[CH1]([CH1]([CH1](O[CH1]([CH0]([CH3])([#6])[CH3])[#6])O[CH1]1[CH2]O)O)O
insilico,3906,13379,Un13379,TRUE,,O[CH1]1[CH1]([CH1]([CH1]([CH3])O[CH1]1O[CH1]([CH1]([#6])O)[CH1]([#6])O)O)O
insilico,3907,13380,Un13380,TRUE,,[CX4][CH1]([CX4])[CH1]=[CX3]
insilico,3908,13381,Un13381,TRUE,,[CH3][CH0](=[OH0])[NH1][CX4][CX4][CX4]
insilico,3909,13382,Un13382,TRUE,,[cH1]([cX3]a)[cH0]([cX3](a)[FH0])[NH1][CH0](=[OH0])[CX4]
insilico,3910,13389,Un13389,TRUE,,[CX4][OH0][cH0]1[cX3]([cH1][cX3][cH0]([CH2][CX4])[cH1]1)
insilico,3911,13391,Un13391,TRUE,,[#6][cH0]1:[cH0]([#8]):[cH1]:[cH1]:[cX3](:[cX3]1)
insilico,3912,13393,Un13393,TRUE,,[CH3][CH1]=[CH1][CX3]
insilico,3913,13395,Un13395,TRUE,,[CH3][CX4][CX4]([CX4]([CX4]([CX4])))[OH1]
insilico,3914,13396,Un13396,TRUE,,[CH1]#[#6]
insilico,3915,13398,Un13398,TRUE,,S[CH2][CH1]([#6])N
insilico,3916,13401,Un13401,TRUE,,[CX4][OH0][cH0]1[cX3][cH1][cX3][cX3][cH0]1[OX2]
insilico,3917,13402,Un13402,TRUE,,[cX3](a)([cX3]a)[OH0][CH2][CH0](=[OH0])[NH1][CH1]([CX4]a)[CH0](=[OH0])[OH1]
insilico,3918,13408,Un13408,TRUE,,[CH3][CH0](=O)N[CH1]([#6])[CH0](=O)O
insilico,3919,13410,Un13410,TRUE,,[CX3][CX4]([CX4]([CH2][cH0]1[cH1][cH1][cX3][cH1][cH1]1))
insilico,3920,13415,Un13415,TRUE,,[#6][CH2]N([cH0](:n:[#6]):[#6])[#6]
insilico,3921,13416,Un13416,TRUE,,[#8]=[CH0](N([#6])[#6])[CH1]([CH2][cH0]1:[#6]:[#7]:[cH0](:[#6]):[cH0]1:[#6])N
insilico,3922,13422,Un13422,TRUE,,[#6][CH0]12[CH2][CH1]([CH1]([CH1]([CH2][#6])[CH1]1[CH2][#6][#6]2)[#6])[#8]
insilico,3923,13424,Un13424,TRUE,,[CX4][NH1][CX3]([CX4][CH2][CX4]([CH3]))
insilico,3924,13425,Un13425,TRUE,,[CX4]([CH1]([CX3](=[OH0]))[NH1][CX3](=[OH0]))
insilico,3925,13431,Un13431,TRUE,,O[cH0]1:[#6](:[#6]:[cH1]:[cH0](:[cH0]1[#6])[CH0](=O)[#6])
insilico,3926,13432,Un13432,TRUE,,[CH2]([CH2][CH2][CH2][CH2][CH2][#6])[CH2][CH2][CH2][#6]
insilico,3927,13433,Un13433,TRUE,,O=[CH0](N[cH0](:[cH1]:[#6]):[#6])[CH2]S
insilico,3928,13435,Un13435,TRUE,,[CH3][CH0]1([CH1]([CH2][CH2][CH0]2([CH1]1[CH2][CH2][CH0]([CH1]2[CH2][#6])([#6])[CH3])[CH3])O[CH1]([CH1]([#6])O)O[#6])[CH3]
insilico,3929,13439,Un13439,TRUE,,[CH3]O[cH0](:[#6]):[cH0](:[#6])Br
insilico,3930,13440,Un13440,TRUE,,[CX3]=[CH1][CH2][CX4]([CX4][CH2][CX4])
insilico,3931,13441,Un13441,TRUE,,[CX4]([CH1]([CX4][CH3])[CX4]([CX4])[CH3])
insilico,3932,13442,Un13442,TRUE,,[NX3][CH1]([CH2][cH0]1[cH1][nH0][cH1][nH1]1)[CH0](=[OH0])[NX3]([CX4])
insilico,3933,13444,Un13444,TRUE,,[cX3]1[cH0]([CH2][CH2][NX3])[cX3](a)[cX3](a)[nH1]1
insilico,3934,13445,Un13445,TRUE,,[CX4]([CX4][OH1])[CX4]([CH2][CX4])
insilico,3935,13446,Un13446,TRUE,,[#8][cH0]1:[#6](:[#6](:[cH1]:[cH0]2:[cH0]1O[CH2]O2))
insilico,3936,13447,Un13447,TRUE,,[cH1]1:[cH1]:o:[cH0]2:[cH0]1:[cX3](:[cH0]([#6]):[cH0](:[cX3]2)[#8])
insilico,3937,13448,Un13448,TRUE,,O[cH0]1:[#6](:[cH1]:[cH0]([CH2][#7]):[cH1]:[cH1]1)
insilico,3938,13449,Un13449,TRUE,,[cX3](a)[cH0]([cH1][cX3](a)[OH0][CH3])[cX3](a)a
insilico,3939,13450,Un13450,TRUE,,O[CH1]1[#6]([#6]O[CH1]1[CH2]O)
insilico,3940,13452,Un13452,TRUE,,[cX3](a)[nH0][cX3](a)[cX3]([cX3]([cX3]a))
insilico,3941,13453,Un13453,TRUE,,[cX3]1[cH1][cH0]([cX3]([cH1][cH1]1))[OH0][CX3]
insilico,3942,13454,Un13454,TRUE,,[CX4]([CH1]([OH0][CX4])[CX4])[CX4][OX2]
insilico,3943,13457,Un13457,TRUE,,[CH2]([CH2][NH1][CX3])[CX4]
insilico,3944,13458,Un13458,TRUE,,O=[CH0]([CH0](=[CH0]([#7])[CH3])[CH1]([#6])[#6])[#8]
insilico,3945,13459,Un13459,TRUE,,O=[CH0](N[cH0](:[#6]):[#6])[CH2]Cl
insilico,3946,13461,Un13461,TRUE,,[CX4]([CX3](=[OH0]))[NH1][CX3][CX3]([NX3])
insilico,3947,13468,Un13468,TRUE,,[CX4][cH0]1[cH1][cH0]([cX3]([cX3]([cH0]1[CX3](=[OH0]))))[OH1]
insilico,3948,13470,Un13470,TRUE,,[CX4]([CX4][NX3][CH3])
insilico,3949,13471,Un13471,TRUE,,[CX3](=[OH0])[cH0]1[cX3][cH1][cH0]([cH1][cH0]1[OH0][CH3])[OH0][CH3]
insilico,3950,13473,Un13473,TRUE,,O=[CH0]([CH1]([#6])N)O[#6]
insilico,3951,13474,Un13474,TRUE,,[CX4]([CX4]([CH1]([CX4][CX4])[NH2]))
insilico,3952,13475,Un13475,TRUE,,[cX3](a)([cH0]([cX3](a)[OX2])[CX4])[OH0][CH3]
insilico,3953,13479,Un13479,TRUE,,[OX2][CX4]([CX4]([CX4]([OH0][CX3])))
insilico,3954,13480,Un13480,TRUE,,[#6][cH0]1:[cX3](:[cH0]([CH3]):[cH1]:[cH1]:[cX3]1)
insilico,3955,13483,Un13483,TRUE,,[CX4]([CX4][CX4])([CH1]=[CX3][CX3])[CH3]
insilico,3956,13485,Un13485,TRUE,,[#6]N([#6])[CH1]([#6])[CH2][cH0](:[#6]):[cH1]:[cH1]:[#6]
insilico,3957,13487,Un13487,TRUE,,[cX3]1(a)[cX3](a)[cH0]([nH0][cH0]([nH0]1)[NX3])[NX3]
insilico,3958,13491,Un13491,TRUE,,[PX4]([OH0][CX4])[OX2]
insilico,3959,13492,Un13492,TRUE,,O[cH0]1:[cH1]:[cH1]:[cH0](:[cH0]([CH2][#6]):[cH1]1)[#6]
insilico,3960,13493,Un13493,TRUE,,[cX3]1[cH0]2[cH0]([cH1][cH1][cH1]1)[cX3]([cX3]([nH1]2))
insilico,3961,13495,Un13495,TRUE,,[NX3][CH1]([CH2][CH2][CX4])[CH0](=[OH0])[OH1]
insilico,3962,13498,Un13498,TRUE,,[NX3][cH0]1[cH0]([CX3]=[OH0])[cH1][cH1][cH1][cX3]1
insilico,3963,13500,Un13500,TRUE,,[CX3][CX4]([CX4])[CH1]([CX4])[CX4][CH3]
insilico,3964,13506,Un13506,TRUE,,[#8][cH0]1:[cH1]:[cH0](:[cH1]:[cH1]:[cH0]1[#6])O[CH2][#6]
insilico,3965,13507,Un13507,TRUE,,[CX4]([CX4])[CH2][OH0][CH0](=[OH0])[CX4]
insilico,3966,13510,Un13510,TRUE,,[cH1]1:[cH1]:[cH0](:[cH0](O[#6]):[#6]:[#6]1)O[#6]
insilico,3967,13515,Un13515,TRUE,,[CX4][NH1][CH0]([CH1]([NX3])[CH2][cH0]1[cH1][nH1][cH0]2[cH1][cH1][cH1][cH1][cH0]21)=[OH0]
insilico,3968,13516,Un13516,TRUE,,[OX2][cH0]1[cH1][cX3](a)[cX3](a)[cH1][cH1]1
insilico,3969,13517,Un13517,TRUE,,[CX4]([CX4][NH2])[OH0][CX4]([CX4])
insilico,3970,13520,Un13520,TRUE,,[CH3][CH1]([CH3])[CH1]([CH0](=O)N[CH2][#6])N
insilico,3971,13523,Un13523,TRUE,,[CX4]([CH1]([CX4][CX4])[OH1])[CH1]([CX4])[OH1]
insilico,3972,13524,Un13524,TRUE,,[CX4]([CX4]([CH0]([FH0])([FH0])[FH0]))
insilico,3973,13525,Un13525,TRUE,,[cH1]1:n([#6]):[cH0]2:n:[cH1]:n:[cX3](:[cH0]2:n1)
insilico,3974,13527,Un13527,TRUE,,O=[CH0](N[#6])[CH1]([#6])N([CH0](=O)[#6])[#6]
insilico,3975,13528,Un13528,TRUE,,[CX4][CH2][CH1]([CX3](=[OH0]))[NH1][CX3][CX4]
insilico,3976,13532,Un13532,TRUE,,[nX2](a)[cH0]([cX3]([cX3](a)[nX3](a))a)[NX3]
insilico,3977,13534,Un13534,TRUE,,[#8][cH0]1:[cH1]:[cH0](:[cH1]:[cH0](:[cH0]1[#6])[#8])O[#6]
insilico,3978,13535,Un13535,TRUE,,[CH2]([CX4])[CX4]([CX4][CH0](=[OH0])[OH1])
insilico,3979,13536,Un13536,TRUE,,O=[CH1][cH0](:[cH0](:[#6])O):[#6]
insilico,3980,13540,Un13540,TRUE,,[cH1](:[#6]):[cH1]:[cH0](:[#6])[CH2][#16]
insilico,3981,13544,Un13544,TRUE,,[CX3](=[OH0])[CX4][CH0]([CH2][CX4])([CX4])[CH3]
insilico,3982,13547,Un13547,TRUE,,[CX4]([CX4]([CH2][CX4]([CX4][OH1]))[CH3])
insilico,3983,13550,Un13550,TRUE,,[cX3]([cX3](a)-[cH0]1[cH1][cH1][cH1][cH1][cH1]1)[cH0]([cX3](a)a)[cX3]([cX3](a))
insilico,3984,13558,Un13558,TRUE,,[cX3](a)[cX3][cH0]([CH2][CX3])[cX3]a
insilico,3985,13562,Un13562,TRUE,,[CH3][CH0]1([CH1]([CH2][CH2][CH1]2[CH1]1[CH2][CH2][CH0]([CH1]2[#6])([#6])[#6])[#6])[CH2][#6]
insilico,3986,13565,Un13565,TRUE,,[CX4][CX4][CH2][cH0]1[cH1][cX3]([cX3]([cH1][cH1]1))
insilico,3987,13566,Un13566,TRUE,,[CX4][CH1]([CX4][CH3])[CX4]([CH3])[CX3](=[OH0])
insilico,3988,13568,Un13568,TRUE,,O=[CH0]([#6])N[CH1]([CH2][CH2][#6])[#6]
insilico,3989,13570,Un13570,TRUE,,[CH2]([CH2][CH2][CX4][OH1])[CX4]
insilico,3990,13572,Un13572,TRUE,,[CH3][CX4][OH0][CX3]
insilico,3991,13574,Un13574,TRUE,,O[cH0]1:[cX3](:[cH1]:[cH0]2:[cH0](:[cH1]:[cH1]:[cH1]:[cH1]2):[cX3]1)
insilico,3992,13575,Un13575,TRUE,,[CX4]([CH0]1([CH1]([CX4])[CX3](=[CH1][CX3][CX4]1))[CH3])
insilico,3993,13577,Un13577,TRUE,,[CX4][CH1]([CH1]([CX4])[CX4]([CX4])([CH3]))[CX4]
insilico,3994,13579,Un13579,TRUE,,[CX4][CH0](=[OH0])[CX4][CH0]([CX4])([CX4])[CH3]
insilico,3995,13583,Un13583,TRUE,,[CX4]1[CH1]([OH0][CX4]([CX4]([CH1]1[OH0][CX3](=[OH0]))))[CX4]
insilico,3996,13585,Un13585,TRUE,,[CX4][OH0][cX3](a)[cH1][cH0]([cX3]a)[CX4]
insilico,3997,13587,Un13587,TRUE,,O=S([cH0]1:[cH1]:[cH1]:[cX3](:[cH0]([#6]):[cH1]1))(=O)N
insilico,3998,13589,Un13589,TRUE,,[#8]=[CH0]([CH1]([CH2][cH0](:[cH1]:[cH1]:[#6]):[#6])N[CH0](=[#8])[CH1]([#6])[#7])[#8]
insilico,3999,13590,Un13590,TRUE,,[CX3][NH1][CH1]([CH2][cH0]1[cH1][nH1][cH0]2[cH0]1[cH1][cX3]([cH1][cH1]2))[CX3](=[OH0])
insilico,4000,13593,Un13593,TRUE,,O[cH0]1:[cH1]:[cX3](:[cH0](:[cH0]([#8]):[cX3]1)[#6])
insilico,4001,13594,Un13594,TRUE,,[CX4][CX4]([CX4][CH2][CH2][CX3])[CX4]
insilico,4002,13599,Un13599,TRUE,,[CX4][CX4]([CH1]([CX4]([CX4]([CX4])))[NX3])
insilico,4003,13600,Un13600,TRUE,,[#8]=[CH0](N[cH0](:[#6]):[cH1]:[#6])N[CH2][#6]
insilico,4004,13601,Un13601,TRUE,,[CX4]([CH2][cH0]1[cH1][cX3]([cH0]([cH1][cH1]1)[OX2]))[NX3]
insilico,4005,13603,Un13603,TRUE,,[CH3][CX4]([CH1]([CX4][OH1])[OX2])
insilico,4006,13605,Un13605,TRUE,,[CX4]1[CX4][CX4]([CH0]([CX4][CX3](=[CX3]))([CH2][CX4]1)[CH3])
insilico,4007,13606,Un13606,TRUE,,[CX3](=[CX3][CH2][CX4]([CX3][OH1]))
insilico,4008,13610,Un13610,TRUE,,[#6][CH0]([CH0](=[CH1][#6])[#6])([#6])[CH2][#6]
insilico,4009,13613,Un13613,TRUE,,N[cH0]1:n:[#6]:[cH0]2:[cH0](:n1):n(:[#6]:n2)[#6]
insilico,4010,13617,Un13617,TRUE,,O[CH2][CH2][cH0](:[#6]):[cH1]:[#6]
insilico,4011,13618,Un13618,TRUE,,[CH3][CH1]([CX4])[CH0](=[OH0])[OH1]
insilico,4012,13622,Un13622,TRUE,,[CX4][CH2][CH0](=[OH0])[NH1][CX4][CH0](=[OH0])[OH1]
insilico,4013,13623,Un13623,TRUE,,[cX3]([cH1][cX3](a)[cH0]([cH1][cX3]([cX3](a)))[cX3]a)a
insilico,4014,13626,Un13626,TRUE,,[#6][cH0]1:[cX3](:[cX3](:[cH1]:[cX3](:[cX3]1)))
insilico,4015,13628,Un13628,TRUE,,O=[CH0]([CH2][CH2][CH1]([CH0](=O)N[CH1]([CH2][#6])[#6])N)[#8]
insilico,4016,13629,Un13629,TRUE,,[CX4][CX4]([CX4]([CX4]([CH3])[CH3]))
insilico,4017,13636,Un13636,TRUE,,N[cH0]1:[#6]:[#6](:[cH0](N[#6]):[cH1]:[cH1]1)
insilico,4018,13639,Un13639,TRUE,,[cX3]1[cH1][cH0]([cH1][cH0]([cH0]1[OH1])[OX2])[CH1]=[CH1][CX3]
insilico,4019,13644,Un13644,TRUE,,[#8][CH1]1[CH2][CH2][CH0]2([CH0](=[CH1][CH2][CH1]3[CH1]2[CH2][CH2][CH0]2([CH1]3[#6][#6][CH1]2[#6])[CH3])[CH2]1)[#6]
insilico,4020,13646,Un13646,TRUE,,[#6]O[cH0]1:[cH1]:[cH0]([CH2][CH2][#7]):[cH0](:[cH1]:[cH0]1O[#6])[#6]
insilico,4021,13647,Un13647,TRUE,,[cX3](a)[cH1][cH1][cH0]([cX3](a))[OH0][CH3]
insilico,4022,13648,Un13648,TRUE,,[CX4]([CX4])[CX4]([NX3])([CX4])
insilico,4023,13650,Un13650,TRUE,,[CH2]1[#6](:[#6][CH2][CH2][CH2]1)
insilico,4024,13651,Un13651,TRUE,,O[cH0]1:[cH1]:[cH0]([#6]):[cX3](:[cH1]:[cX3]1)
insilico,4025,13652,Un13652,TRUE,,O[CH1]([CH1]([CH1]([#6])[#8])O[#6])[#6]
insilico,4026,13655,Un13655,TRUE,,O=[CH0]([CH1]([#6])N)N[CH1]([CH2][CH2][CH2]N=[#6])[CH0](=[#8])[#8]
insilico,4027,13656,Un13656,TRUE,,[nX3]1[cH1][cH0]([cH0]2[cH1][cH1][cH1][cH1][cH0]21)[CH0](=[OH0])[cH0]1[cH1][cH1][cH1][cH0]2[cH0]1[cX3]([cH1][cH1][cH1]2)
insilico,4028,13657,Un13657,TRUE,,[cX3](a)([cH1][cX3](a)[CX4]([FH0])[FH0])-[cX3](a)a
insilico,4029,13658,Un13658,TRUE,,[CH3][OH0][cX3](a)[cH0]([cX3]([cH1][cX3]a))[OH1]
insilico,4030,13661,Un13661,TRUE,,O=[CH0]([cH0]1:[cH1]:[cH1]:[cH0](:[cH0]([#8]):[cH1]1)O[#6])[#7]
insilico,4031,13662,Un13662,TRUE,,[#6][CH2]N([CH2][#6])[CH2][CH2][#7]
insilico,4032,13665,Un13665,TRUE,,[cX3]([cH0]([cX3](a)[CH2][CX3])[OH0][CH3])a
insilico,4033,13668,Un13668,TRUE,,[CH2]1[CH2][CH1]2[#6]([#6]([CH2][CH2][CH1]2[#6]([#6]1)))
insilico,4034,13672,Un13672,TRUE,,[#6]N([#6])[CH2][CH2][cH0](:[cH1]:[#6]):[#6]
insilico,4035,13674,Un13674,TRUE,,[#6][CH2][CH2][CH2][CH2][CH2][CH2][CH2][CH2][CH2][CH1]([#6])[#6]
insilico,4036,13676,Un13676,TRUE,,[CH3]O[cH0](:[#6]):[cH1]:[cH0]([#8]):[#6]
insilico,4037,13680,Un13680,TRUE,,[CX4]1[CH2][CH2][CX4]([CX4][CX4]1)[CX3](=[OH0])
insilico,4038,13681,Un13681,TRUE,,[#8]=[CH0](O[CH1]([CH1]([CH1]([CH1]([#6])[#8])[#8])[#8])[#6])[CH3]
insilico,4039,13683,Un13683,TRUE,,[CX4]([CH1]1[CX4][CH2][CH1]([CX4]1[CH3])[CX4])[CH3]
insilico,4040,13684,Un13684,TRUE,,O=[CH0]([cH0]1:[cX3]:[cH1]:[cX3](:[cH1]:[cH1]1))O
insilico,4041,13685,Un13685,TRUE,,[CH3]O[cH0]1:[cH0](:[cH1]:[cH1]:[cH0](:[cH1]1)[#6])[#8]
insilico,4042,13688,Un13688,TRUE,,[CX4]([CX4]([CH1]([CX4]([CX4][CH3]))[OH1]))
insilico,4043,13690,Un13690,TRUE,,O=[CH0](N[CH1]([CH2][#6])[#6])[CH1]([#6])[#7]
insilico,4044,13692,Un13692,TRUE,,[CH2]1[CH2][CH2][#6]N1[#6]
insilico,4045,13693,Un13693,TRUE,,[CX4][CH2][CX4]([CX4][CX4]([CX3]))
insilico,4046,13694,Un13694,TRUE,,O=[CH0](O[CH2][CH1]([#6])[#8])[cH0](:[#6]):[#6]
insilico,4047,13695,Un13695,TRUE,,[cX3]([nH0][cX3]a)[cX3]a
insilico,4048,13696,Un13696,TRUE,,[#7][cH0]1:n:[cH1]:n:[cH0]2:n:[cX3]:n:[cH0]12
insilico,4049,13702,Un13702,TRUE,,O=[CH0]([cH0](:[cH0](:[cH0](:[#7]):[#6]):[cH1]:[#6]):[#6])[#8]
insilico,4050,13703,Un13703,TRUE,,[CH3][CH1]([#6])O[CH1]([CH1]([#6])O)[#8]
insilico,4051,13704,Un13704,TRUE,,[CX4][CH2][CX4]([CX3]([CX4][CH3]))
insilico,4052,13708,Un13708,TRUE,,O[CH1]1[CH1]([CH1]([CH1]([CH2]O[CH1]([CH1]([#6])O)O[#6])O[CH1]1O[cH0](:[#6]):[cH1]:[#6])O)O
insilico,4053,13712,Un13712,TRUE,,[CX4]([CX4]([CX4]))[cH0]1[cH1][cX3]([cH0]([cH1][cH1]1)[OH0][CH3])
insilico,4054,13713,Un13713,TRUE,,[CX4]([CX4]([CH2][CX4][CH1]=[CH0]([CH3])[CH3])([CH3]))[CX4]
insilico,4055,13714,Un13714,TRUE,,F[cH0]1:[cX3]:[cX3](:[cX3](:[cH0](:[cH1]1)[#6]))
insilico,4056,13715,Un13715,TRUE,,[cX3](a)[cH0]([cX3]([cX3]a))[CX4]([CX4])
insilico,4057,13717,Un13717,TRUE,,[cX3](a)[cH0]1[cX3](a)[cX3]([cH1][nH1]1)
insilico,4058,13720,Un13720,TRUE,,[CX4]([CH2][CX4]([CX4]1([CH1]([CX4])[CX4]([CX4]([CH2][CX4]1))[CH3])))
insilico,4059,13721,Un13721,TRUE,,[#6][cH0](:[#6]):[cH0](:[#6])[CH0](=O)O[CH3]
insilico,4060,13722,Un13722,TRUE,,[#6]O[cH0]1:[cH1]:[cH0]([#6]):[cH0](:[cH1]:[cH0]1O)[#6]
insilico,4061,13723,Un13723,TRUE,,[#8]=[CH0]([CH2][CH2]N[#6])[cH0](:[#6]):[cH1]:[#6]
insilico,4062,13730,Un13730,TRUE,,O=S(N[#6])(=O)[cH0]1:[cH1]:[cH1]:[cH1]:[#6]:[#6]1
insilico,4063,13731,Un13731,TRUE,,O=[CH0]([cH0](:[#6]):n:[cH1]:[#6])N
insilico,4064,13733,Un13733,TRUE,,[CX4][cH0]1[cH0]([CH2][CX4])[cX3][cX3]([cX3]([cX3]1))
insilico,4065,13736,Un13736,TRUE,,[CX4][CH2][NH1][CH2][CX4]
insilico,4066,13738,Un13738,TRUE,,[CX4][CX3][NH0]([CX3])[CX4]
insilico,4067,13739,Un13739,TRUE,,O[CH1]1[CH1](O[CH1]([#6])O[#6])[CH1](O[#6][CH1]1O)O[#6]
insilico,4068,13740,Un13740,TRUE,,[CX4]([CH3])[CX4]([CX4]([CH2][CX4]([CX4][CH2][CX4])))
insilico,4069,13743,Un13743,TRUE,,[OX2][CX4]([CH1]([CX4])[OX2])[CH2][OX2]
insilico,4070,13744,Un13744,TRUE,,O[cH0]1:[cH1]:[cH0]([CH1]=[CH1][CH0](O[#6])=O):[cH1]:[cH1]:[cH0]1O
insilico,4071,13745,Un13745,TRUE,,N[cH0](:[cH0]1:[#7]:[#6]:n([#6]):[cH0]1:[#7]):[#7]
insilico,4072,13746,Un13746,TRUE,,[CH3]O[cH0](:[cH0](:[#6])O[CH3]):[cH0](:[#6])[#6]
insilico,4073,13750,Un13750,TRUE,,O=[CH0]([cH0](:[cH1]:[cH1]:[#6]):[#6])O[CH2][#6]
insilico,4074,13755,Un13755,TRUE,,[CH3][CH1]([cH0](:[cH1]:[#6]):[cH1]:[#6])[CH3]
insilico,4075,13756,Un13756,TRUE,,[cX3](a)([cH0]([cH1][cX3]a)[CX3])[CX3][NX3]
insilico,4076,13758,Un13758,TRUE,,[cX3](a)[cH0]([cH0]([cX3]a)[OH1])[CX4]
insilico,4077,13762,Un13762,TRUE,,[CX3](=[OH0])[OH0][CX4][CH1]([CH3])[CH3]
insilico,4078,13764,Un13764,TRUE,,[CH3][CX4]([CH2][CH1]([CH1]([CX4])[OH1])[OH1])
insilico,4079,13765,Un13765,TRUE,,[OX2][cX3]([cH0]([cX3]([cH1][cX3](a)))[OH0][CH3])a
insilico,4080,13766,Un13766,TRUE,,[NX3][CH0](=[OH0])[cH0]1[cX3]([cH1][cX3]([cH1][cH1]1))
insilico,4081,13768,Un13768,TRUE,,[CH2]([#6])[CH1]([CH2][#6])N[#6]
insilico,4082,13773,Un13773,TRUE,,F[CH0]([cH0](:[cH1]:[#6]):[#7])(F)F
insilico,4083,13777,Un13777,TRUE,,[CX4]1([CX4]([CX3][CH2][CH2][CX4]1([CX4])))
insilico,4084,13779,Un13779,TRUE,,[CH2]([CX4]([CX4]))[CX4]([CX4][OX2])
insilico,4085,13785,Un13785,TRUE,,[CH2]([CH2][CH1]([CX3](=[OH0]))[NH1][CH0](=[OH0])[CX4]([CH2][CX4]))[CH2][NH0]=[CH0]([NH2])[NH2]
insilico,4086,13790,Un13790,TRUE,,[cX3]1[cH0]([cX3]([cX3][cH0]([CH2][CX4])[cH1]1))[OH0][CH3]
insilico,4087,13796,Un13796,TRUE,,[CX4]([CH2][CH2][CX3](=[OH0]))[CH1]1[CH2][CH2][CH1]2[CX4]1([CX4]([CH2][CH1]1[CH1]2[CX4]([CH2][CH1]2[CX4]1([CH2][CH2][CX4]([CH2]2)))))
insilico,4088,13801,Un13801,TRUE,,[CH3][CH0]12[CH2][CH2][CH1]([CH2][CH1]1[CH2][CH2][#6]([CH1]2[CH2][#6]))O
insilico,4089,13802,Un13802,TRUE,,[CH3][NX3][CX4]([CH2][cH0]1[cH1][cH1][cH1][cH1][cH1]1)
insilico,4090,13806,Un13806,TRUE,,[CH3][CX4]1([CH2][CX4]([CX4]([CX4]1)))
insilico,4091,13807,Un13807,TRUE,,[cH1]1:n:[cX3]:n:[cH1]:[cX3]1
insilico,4092,13809,Un13809,TRUE,,[CX4]1([CX4]([CH2][CX4]([CX4]([CX4]1)[CX4]))[CH3])
insilico,4093,13815,Un13815,TRUE,,[CX4]1[CX4][CX4]([CH0]([CX4])([CX3]=[CX3])[CH3])([CX4]([CH2][CX4]1[CH3]))
insilico,4094,13820,Un13820,TRUE,,[OX2][cH0]1[cX3]([cH1][cH0]([cH1][cH1]1)[CX4]([CX4][CX4]))
insilico,4095,13821,Un13821,TRUE,,[cX3](a)[cH0]([cX3](a)[CX3])[BrH0]
insilico,4096,13822,Un13822,TRUE,,[CH3][CH0]1([CH1]([CH2][CH2][CH0]([#6])([CH1]1[#6])[CH3])O[#6])[CH3]
insilico,4097,13823,Un13823,TRUE,,[#6][CH2][CH2][CH2][CH2]O[#6]
insilico,4098,13824,Un13824,TRUE,,[CH3][OH0][cH0]1[cH1][cH0]([cH1][cH0]([cX3]1)[OH0][CH3])[CX3](=[OH0])
insilico,4099,13825,Un13825,TRUE,,[CX4][CH2][CH2][CH2][CH2][CH2][CX3]
insilico,4100,13826,Un13826,TRUE,,[CH3]O[cH0](:[cH0](:[#6])[#8]):[cH0](:[#6])O
insilico,4101,13828,Un13828,TRUE,,[cX3]1[cX3]([cH0]([cH0]([cX3]([cX3]1))[OH0][CH3])[cX3]a)a
insilico,4102,13830,Un13830,TRUE,,[cH1]1[cH1][cX3](a)[cH0]([cX3](a)[CX3])[cX3]([cH1]1)
insilico,4103,13831,Un13831,TRUE,,[CX4]([CX4])[CH1]([CX4]([CX4]))[OH0][CH3]
insilico,4104,13836,Un13836,TRUE,,[cX3](a)([cH1][cX3]([cX3](a)[ClH0]))[CX3]
insilico,4105,13837,Un13837,TRUE,,[CH3]O[cH0]1:[cH1]:[cH0](:[cH1]:[#6]:[#6]1)[CH1]([#6])[#8]
insilico,4106,13838,Un13838,TRUE,,[CX4][CX4]([CX4])[CH0](=[OH0])[OX2]
insilico,4107,13839,Un13839,TRUE,,O[cH0]1:[cH0]([#6]):[cX3](:[cH1]:[cX3](:[cX3]1))
insilico,4108,13841,Un13841,TRUE,,[CX4]([CX4]([CX4][CX3](=[OH0])))[CX4][OH0][CX3](=[OH0])
insilico,4109,13847,Un13847,TRUE,,[CX4]([CX4])[CH2][CX3]
insilico,4110,13850,Un13850,TRUE,,[CH3][CX4][CH1]1[CH2][CH2][CH1]2[CH0]1([CX4]([CH2][CH1]([CX4]2)[CH0]([CX4][CX4])([CX4])[CH3]))[CH3]
insilico,4111,13854,Un13854,TRUE,,[cX3]1[cH1][cH0]([cH0]([cH1][cH0]1[CX4])[OX2])[OX2]
insilico,4112,13855,Un13855,TRUE,,[CX4][CX4][CH1]([CX3][OH1])[NX3]
insilico,4113,13857,Un13857,TRUE,,[CX3][NX3][CX4]([CH2][CX4]([CX4]))
insilico,4114,13859,Un13859,TRUE,,[CX4][cH0]1[cH0]([cH1][cX3]([cX3]([cX3]1)))[OH0][CH3]
insilico,4115,13872,Un13872,TRUE,,O=[CH0]([CH1]([#7])[#6])N[CH1]([CH2][CH2][#6])[CH0](=O)[#8]
insilico,4116,13874,Un13874,TRUE,,[CX4][CH1]([CX4])[CX4][CH2][CH2][CX4]
insilico,4117,13877,Un13877,TRUE,,O[cH0]1:[cH1]:[#6](:[#6]:[cH0]2O[#6]([#6][CH0]([cH0]12)=O))
insilico,4118,13881,Un13881,TRUE,,[CX4][CX4]([CX4]([CX4][CH3]))
insilico,4119,13883,Un13883,TRUE,,[#8]=[CH0]([#8])[CH2][CH2][CH2][CH2][CH2][CH2][CH2][CH2][CH2][CH2][#6]
insilico,4120,13884,Un13884,TRUE,,[cH1](:[#6]):n:[cH0](:[#6])N[#6]
insilico,4121,13886,Un13886,TRUE,,[cX3]([cX3](a))[cH0]1[nH0][cH1][cX3]([cH1][cX3]1a)
insilico,4122,13887,Un13887,TRUE,,[CX4]([CH2][OX2])[CH3]
insilico,4123,13888,Un13888,TRUE,,[CX3][cH0]1[cH1][cX3]([cH1][cH1][cH1]1)
insilico,4124,13890,Un13890,TRUE,,O=[CH0]([#8])[CH1]([CH2][CH2][CH0](=O)[#7])[#7]
insilico,4125,13891,Un13891,TRUE,,[#6][CH1]=[CH1][CH2][CH1]=[CH1][CH2][CH2][CH2][#6]
insilico,4126,13893,Un13893,TRUE,,[#8][cH0]1:[cH0](:[cH1]:[cH0]([CH1]([CH1]([#6])[#6])O):[cH1]:[cH1]1)[#8]
insilico,4127,13895,Un13895,TRUE,,[cX3](a)([cX3]a)[CH2][nX3]([cH1][cX3]a)a
insilico,4128,13896,Un13896,TRUE,,[CH2]([CX4]([CH0](=[OH0])[NH1][CX4][CX3](=[OH0])))[CH0](=[OH0])[NH2]
insilico,4129,13899,Un13899,TRUE,,O[CH1]1[CH1]([CH2]O[#6])O[CH1]([CH1]([CH1]1O[#6])[#8])[#8]
insilico,4130,13906,Un13906,TRUE,,[CX3](=[OH0])[CH1]=[CH1][cX3]([cH1][cH1][cX3](a)[OH0][CH3])a
insilico,4131,13909,Un13909,TRUE,,[OX2][cH0]1[cH1][cH0]([cH1][cX3]([cH0]1[OH0][CH3]))[CH0](=[OH0])[NX3]
insilico,4132,13913,Un13913,TRUE,,[cX3](a)[cX3]([cH0]([CH2][CX4])[cH1][cX3]a)
insilico,4133,13917,Un13917,TRUE,,[CX4]1[CX4]([CX4]([CH1]([CX4]([OH0]1))[OH0][CH1]1[CH1]([CH1]([CH1]([CH1]([OH0]1)[CX4])[OH1])[OH1])[OH1]))
insilico,4134,13918,Un13918,TRUE,,[CX3][NH1][CX3]
insilico,4135,13921,Un13921,TRUE,,[#8]=[CH0]([#6])N[CH1]([CH2][CH0](=[#8])[#8])[#6]
insilico,4136,13925,Un13925,TRUE,,[CX4]1([CH2][CX4]([CH1]([CX4]([CH3])[CH3])[CX4]([CX4]1)[CH3]))[CH3]
insilico,4137,13926,Un13926,TRUE,,[CX4][CH1]1[CX4]([CH1]([CH1]([OH0]1)[nH0]([cX3]a)[cX3](a)a)[OH1])
insilico,4138,13929,Un13929,TRUE,,[CX4]([CX4])[CX4]([cX3](a)[cH1][cX3]a)
insilico,4139,13931,Un13931,TRUE,,[CH3]O[cH0](:[#6]):[#6]
insilico,4140,13934,Un13934,TRUE,,[NX3][CX4]([CH2][cH0]1[cH1][cH1][cH1][cH1][cX3]1)
insilico,4141,13940,Un13940,TRUE,,O=[CH0]([#6])N1[CH2][CH2][CH2][CH1]1[CH0](=O)N[#6]
insilico,4142,13942,Un13942,TRUE,,[CX3](=[OH0])[cX3]([cH1][cX3]([cX3](a)[OH0][CX4]))a
insilico,4143,13944,Un13944,TRUE,,[CX4]([CH1]([CH1]([CX4]([CX3](=[OH0])))[OH1])[OH1])
insilico,4144,13946,Un13946,TRUE,,[CH2]1[#6][#6]O[CH1]1[#7]
insilico,4145,13953,Un13953,TRUE,,[CH3][cH0]1[cX3]([cX3]([cX3]([cH0]([cX3]1)[OH1])))
insilico,4146,13954,Un13954,TRUE,,O=S(N[#6])(=O)[cH0]1:[cH1]:[cH1]:[cH0](:[cH1]:[cH1]1)N
insilico,4147,13955,Un13955,TRUE,,[CX4][CH2][CX4][CH0]1([CH1]([CX4])[CH2][CH1]([CH2][CH2]1)[OH1])[CH3]
insilico,4148,13958,Un13958,TRUE,,[cX3](a)(a)[SX4](=[OH0])=[OH0]
insilico,4149,13959,Un13959,TRUE,,[NX3][CX4][cH0]([cX3]a)[cX3]a
insilico,4150,13962,Un13962,TRUE,,s1:[#6](:[cH1]:n:[cH0]1N[#6])
insilico,4151,13963,Un13963,TRUE,,[cX3]1[cH1][cH0]([cH1][cX3]([cX3]1))[CX3](=[OH0])
insilico,4152,13965,Un13965,TRUE,,[NX3][CH1]([CH2][CX4])[CH0](=[OH0])[NX3]
insilico,4153,13967,Un13967,TRUE,,[CX4]([cH0]1[cX3]([cX3]([cH0]([cX3]([cX3]1))[OH0][CH3])))[OH1]
insilico,4154,13973,Un13973,TRUE,,[#8]=[CH0]([CH2][CH2][CH2][CH2][CH2][CH2][CH2][#6])[#7]
insilico,4155,13977,Un13977,TRUE,,O=[CH0](N[CH1]([#6])[#6])[CH1]([CH2][CH2][CH0](=O)N)[#7]
insilico,4156,13985,Un13985,TRUE,,O=[CH1][#7]
insilico,4157,13987,Un13987,TRUE,,[NX3]([CX4][CH2][CH2][CH2][CH2][CX4])
insilico,4158,13991,Un13991,TRUE,,[CX4]1([CH2][CH1]([CX4])[CX4][CX4]1)[CH3]
insilico,4159,13992,Un13992,TRUE,,[CX4]([CX4]([CX4][CX4])([CX4][CH3]))[OH1]
insilico,4160,13998,Un13998,TRUE,,[CX4]([CX4]([CX4]([CX3]))[CX4]([CX4]))
insilico,4161,13999,Un13999,TRUE,,[cX3](a)[cH1][sX2]a
insilico,4162,14000,Un14000,TRUE,,[CX4][CH2][CH0](=[OH0])[NH1][cH0]1[cH1][cX3]([cX3]([cH1][cH1]1))
insilico,4163,14006,Un14006,TRUE,,[CX4]([CH2][CH2][CX4])([CX4][CH2][CX4])
insilico,4164,14012,Un14012,TRUE,,O=[CH0]([cH0]1:[cH0](:[cH1]:[cH0]([#8]):[cH1]:[cH0]1O[#6])[#8])[#6]
insilico,4165,14018,Un14018,TRUE,,I[cH0]1:[cX3](:[cX3](:[cH1]:[cH1]:[cH1]1))
insilico,4166,14021,Un14021,TRUE,,[CX4]1[CX4]([CH2][CH2][CH1]2[CX4]1([CH2][CX4]([CX4]([CX4]2([CH3])))))
insilico,4167,14022,Un14022,TRUE,,[CH3][CH0]1([#6])[CH1]([#6])[CH2][#6][#6]1
insilico,4168,14023,Un14023,TRUE,,O=[N+]([cH0](:[#6]):[cH0](:[#6])[#6])[#8-]
insilico,4169,14025,Un14025,TRUE,,[CX4]([CX4][cH0]1[cH1][cH0]([cH0]([cH1][cH1]1)[OH0][CH3])[OH0][CH3])
insilico,4170,14026,Un14026,TRUE,,O=[CH0]([#6])N[CH1]([CH0](=O)[#7])[CH2][CH2][#6]
insilico,4171,14027,Un14027,TRUE,,[#6][CH2][CH2][CH2]O[CH2][#6]
insilico,4172,14034,Un14034,TRUE,,[NX3][CH1]([CX3])[CH2][cX3](a)[cH0]1[cH1][cH1][cH1][cH1][cX3]1a
insilico,4173,14036,Un14036,TRUE,,O=[CH0](N[cH0](:[#6]):[cH1]:[cH1]:[#6])[#6]
insilico,4174,14038,Un14038,TRUE,,[CX4]([CX4][CH3])[CH2][CX4][OX2]
insilico,4175,14043,Un14043,TRUE,,[CX3][CX4]([CX4]([CX4])[CH3])
insilico,4176,14045,Un14045,TRUE,,[CX4]([CH2][NX3])[OH1]
insilico,4177,14047,Un14047,TRUE,,[CX4](a)[CH1]([CX3](=[OH0]))[NH1][CX3](=[OH0])
insilico,4178,14049,Un14049,TRUE,,[CX4][CH1]([CX3][NX3])[NH1][CX3]
insilico,4179,14052,Un14052,TRUE,,[CX4]([CH3])([CH0](=[OH0])[NH1][CX4])
insilico,4180,14054,Un14054,TRUE,,[#8]=[CH0]([#6])[cH0]1:[cH1]:n(:[cH0]2:[cH1]:[cH1]:[cH1]:[cH1]:[cH0]21)[#6]
insilico,4181,14055,Un14055,TRUE,,[CX4]([CX4]([CX4][OH1]))[OH1]
insilico,4182,14056,Un14056,TRUE,,O([#6])[CH1]([#6])[#6]
insilico,4183,14059,Un14059,TRUE,,[CX4][CH1]([CX3])[OX2]
insilico,4184,14061,Un14061,TRUE,,[cX3](a)[cH0]([nX2]a)[CH0](=[OH0])[OH1]
insilico,4185,14064,Un14064,TRUE,,[NX3]([CH2][CX4]([OX2]))[CX4]
insilico,4186,14065,Un14065,TRUE,,[CH3][cH0](:[cH1]:[#6]):[cH0](:[#6])O
insilico,4187,14066,Un14066,TRUE,,[CH3][CH2][CH2][#7]
insilico,4188,14067,Un14067,TRUE,,[CX4]([CX3](=[OH0]))[NH1][CH0](=[OH0])[CX4]([CX4])
insilico,4189,14068,Un14068,TRUE,,[cH1]1[cH0]([cH1][cX3]([cH1][cH0]1[OH1]))[OH1]
insilico,4190,14069,Un14069,TRUE,,[#8]=[CH0](O[CH2][#6])[CH1]=[CH1][cH0](:[#6]):[cH1]:[cH1]:[#6]
insilico,4191,14071,Un14071,TRUE,,[CX3](=[OH0])[CH1]1[CH2][CX4]([CH2][NH0]1[CH0](=[OH0])[CX4]([NX3]))
insilico,4192,14073,Un14073,TRUE,,[CX4]([CH2][CX4])[CX4]([CX4])([CH3])
insilico,4193,14077,Un14077,TRUE,,[CH3][CH0]1([CH2][CH2][CH1]([#6]([CH1]1[CH2][#6]))[#6])[#6]
insilico,4194,14086,Un14086,TRUE,,[CX4][CH2][CX4]([CX4][OH0][CX4])
insilico,4195,14089,Un14089,TRUE,,[#7]:[cH0](N[CH2][CH2][#7]):[cH1]:[#6]
insilico,4196,14090,Un14090,TRUE,,[CX3](=[OH0])[cH0]([cX3](a)[OX2])[cH0]([cX3]a)[OX2]
insilico,4197,14091,Un14091,TRUE,,[CX3](=[OH0])[cX3](a)[cH0]([cX3]([cX3](a)[OH1]))[OH1]
insilico,4198,14094,Un14094,TRUE,,O[CH1]1[CH1]([CH0]([#8])(O[CH1]1[CH2][#8])[#6])[#8]
insilico,4199,14099,Un14099,TRUE,,O=[CH0]([CH2][CH1]([#6])O)[cH0]1:[#6]:[cH1]:[cH0](:[cH1]:[cH0]1O)O
insilico,4200,14101,Un14101,TRUE,,[CX4][CX4]([CH2][CX4])([cH0]1[cH1][cH1][cH1][cH1][cH1]1)
insilico,4201,14109,Un14109,TRUE,,[#8][CH1]([CH2]N[#6])[CH2][#6]
insilico,4202,14111,Un14111,TRUE,,[cH1]1:[cX3](:[cX3]:[cH1]:[cH1]:n1)
insilico,4203,14114,Un14114,TRUE,,[CX4]([CH0](=[OH0])[NX3]([CX4]([CX4])))[NX3]
insilico,4204,14116,Un14116,TRUE,,O=[CH0]([CH1]([#6])O[#6])O
insilico,4205,14117,Un14117,TRUE,,[NX2]=[CX3]([cH0]1[cX3]([cH1][cH1][cX3]([cX3]1)))
insilico,4206,14118,Un14118,TRUE,,[cH1]([cX3]a)[cH1][cX3](a)[cH1][cH1][cX3]a
insilico,4207,14124,Un14124,TRUE,,[CH3]O[cH0]1:[cH1]:[cH0](:[cH1]:[cX3]:[cX3]1)[#6]
insilico,4208,14127,Un14127,TRUE,,[CX4][CH2][CH1]([CH1]([CX4])[NX3])[OH1]
insilico,4209,14129,Un14129,TRUE,,[CH3]O[cH0]1:[#6]:[#6](:[cH0](:[cH1]:[cH0]1[#6])O[CH3])
insilico,4210,14133,Un14133,TRUE,,[CH2]([#6])N([CH2][#6])[cH0]1:[cH1]:[cH1]:[cH1]:[#6]:[#6]1
insilico,4211,14135,Un14135,TRUE,,[CX4][cH0]1[cH1][cH1][cH0]([cH1][cH1]1)[FH0]
insilico,4212,14136,Un14136,TRUE,,[CH3][CH0]1([CH2][#6])[CH1]([#6])[CH2][CH1]([#6]1)O
insilico,4213,14139,Un14139,TRUE,,O[CH1]1[CH1]([CH1]([CH1](O[CH2][CH1]2[CH1]([CH1]([CH1]([#6][#8]2)O)O)O)O[CH1]1[#6])O)O
insilico,4214,14143,Un14143,TRUE,,[CH3][CH0]([#6])([CH1]([#6])O)[CH3]
insilico,4215,14146,Un14146,TRUE,,O[cH0]1:[cH1]:[cH0](:[cX3]:[cH1]:[cH0]1[#6])O[CH3]
insilico,4216,14147,Un14147,TRUE,,[CH3][OH0][cH0]1[cH0]([cH1][cH0]([cH1][cH1]1)[CX3](=[OH0]))[OX2]
insilico,4217,14148,Un14148,TRUE,,[CH3][CH1]([CH3])[CH1]([CX3])[NH1][CH0](=[OH0])[CX4]
insilico,4218,14149,Un14149,TRUE,,[#6]O[cH0]1:[cH1]:[#6]:[cH0](:[cH1]:[cH0]1O[CH3])[#6]
insilico,4219,14152,Un14152,TRUE,,[CX4][CH2][NH1][CH0](=[OH0])[CH2][CH2][CH2][CH2][CX4]
insilico,4220,14153,Un14153,TRUE,,[CX4][CX4]([cH0]1[cH1][cH1][cH0]([cH1][cH1]1)[ClH0])
insilico,4221,14158,Un14158,TRUE,,[OX2][cH0]1[cX3][cH0]([OX2])[cH0]([cX3]a)[cX3](a)[cH1]1
insilico,4222,14159,Un14159,TRUE,,[OX2][cX3]([cX3]([cH1][cX3](a)[CH2][CX4]))a
insilico,4223,14161,Un14161,TRUE,,[CX4][CH1]([CX4])[CX4]([CX3]=[CH1][CX3](=[OH0]))[CH3]
insilico,4224,14166,Un14166,TRUE,,[CX4][CX4]([CH2][CX4])([CX3](=[CX3]))
insilico,4225,14173,Un14173,TRUE,,N[CH2][CH2][CH2][CH2][CH1]([CH0](=O)N[CH1]([CH2][#6])[#6])[#7]
insilico,4226,14179,Un14179,TRUE,,O[CH1]1[CH1]([CH1](O[CH1]([CH1]1O[#6])[CH2]O)O[#6])O
insilico,4227,14181,Un14181,TRUE,,[#6]O[cH0]1:[#6](:[cH1]:[cH0]([#6]):[cH1]:[cH1]1)
insilico,4228,14182,Un14182,TRUE,,[CX4]([CH3])[CH2][CX4]([CX4]([CX3](=[OH0])))
insilico,4229,14184,Un14184,TRUE,,[OX2][cH0]([cX3](a)[CH1]1[CH1]([CH1]([CH1]([CX4]([OH0]1))[OH1])[OH1])[OH1])[cX3]([cX3](a))
insilico,4230,14187,Un14187,TRUE,,F[CH0]([cH0]1:[cH1]:[cH1]:[cX3](:[cH1]:[cX3]1))(F)F
insilico,4231,14189,Un14189,TRUE,,[CX4][CX4]([CX4][NH1][CX3](=[OH0]))
insilico,4232,14193,Un14193,TRUE,,O=[CH0]([CH1]([#6])N([#6])[#6])O
insilico,4233,14194,Un14194,TRUE,,[#6]:[cH0](:[cH1]:[#6])N[cH0](:[#7]):[#7]
insilico,4234,14200,Un14200,TRUE,,[CX4][CH1]([CX4])[OH0][CX3][CH2][CX4]
insilico,4235,14204,Un14204,TRUE,,[CH3][OH0][cH0]1[cH0]([cH1][cX3]([cH0]([cX3]1)[CX4]([CX4])))[OH1]
insilico,4236,14206,Un14206,TRUE,,[#6][CH1]([#6])O[CH1]([#6])O[CH1]([#6])[#6]
insilico,4237,14210,Un14210,TRUE,,[CH3]O[cH0]1:[cH1]:[cH0](:[cH1]:[#6]:[cH0]1O[#6])[#6]
insilico,4238,14211,Un14211,TRUE,,[CH3][CH0]1([CH2][CX4])[CX3][CX4]([CH2][CX4]([CX4]1))
insilico,4239,14216,Un14216,TRUE,,[NX3][CH1]([CX4])[CH0]([NH1][CX4][CX4])=[OH0]
insilico,4240,14225,Un14225,TRUE,,[cX3]1[cX3][nH1][cH0]2[cH0]1[cH1][cH0]([cH1][cH1]2)[OH1]
insilico,4241,14228,Un14228,TRUE,,N[cH0]1:s:[cH1]:[cX3]:n1
insilico,4242,14229,Un14229,TRUE,,[#6][CH1]([CH2][cH0](:[cH1]:[#6]):[cH1]:[#6])[#7]
insilico,4243,14230,Un14230,TRUE,,O[cH0]1:[cH1]:[cH0](O[#6]):[cH1]:[#6]:[#6]1
insilico,4244,14232,Un14232,TRUE,,[CH3]O[cH0]1:[cX3](:[cX3](:[cH0](:[cH1]:[cH1]1)[#6]))
insilico,4245,14234,Un14234,TRUE,,O=[CH0]([#7])[CH1]([#6])N[CH0](=O)[CH1]([CH2][cH0]1:[cH1]:n:[cH0]2:[cH1]:[cH1]:[cH1]:[cH1]:[cH0]21)[#7]
insilico,4246,14236,Un14236,TRUE,,[CX3](=[CH1][CX3](=[OH0]))[CX4][CH3]
insilico,4247,14237,Un14237,TRUE,,Cl[CH2][#6]
insilico,4248,14238,Un14238,TRUE,,[cX3]1[cX3]([cH0]([cH0]([cX3]([cH1]1))[CH0](=[OH0])[OH1])[OH1])
insilico,4249,14241,Un14241,TRUE,,[cX3]1[cH0]([CH2][CH2][NH0]([CX4])[CX4])[cH0]2[cH1][cH1][cH1][cH1][cH0]2[nH1]1
insilico,4250,14242,Un14242,TRUE,,[CX3][cX3]([cX3]([cX3]([cH1][cH1][cX3]a)a))a
insilico,4251,14249,Un14249,TRUE,,[OX2][cH0]1[cH0]([cH1][cX3][cH0]([CH2][CH2][NX3])[cH1]1)[OH0][CH3]
insilico,4252,14251,Un14251,TRUE,,[CX4][CH2][CH1]([CX4]([CX4]([CX4])))[OH1]
insilico,4253,14252,Un14252,TRUE,,O[CH1]1[CH1]([CH1](n2:[cH0]3:n:[#6](:[#7]:[cH0](:[cH0]3:n:[cH1]2)N))[#8][CH1]1[CH2][#8])O
insilico,4254,14265,Un14265,TRUE,,O=[CH0]([CH2][cH0](:[#6]):[#6])[#7]
insilico,4255,14267,Un14267,TRUE,,[CX3](a)(=[OH0])[cX3](a)[cH0]1[cH1][cH1][cH1][cH1][cX3]1a
insilico,4256,14271,Un14271,TRUE,,O=[CH0]([#7])[CH1]([CH2][cH0](:[#6]):[#6])[#7]
insilico,4257,14273,Un14273,TRUE,,[CX4][CH2][CH0]1([CX4][CX4]([CX4]([CX4]([CH1]1[CX4])[CH3])))[CH3]
insilico,4258,14275,Un14275,TRUE,,[CH3][CH0]([CH3])([CH3])O[CH0](=[#8])N[CH2][#6]
insilico,4259,14276,Un14276,TRUE,,[CX4][CH2][CX4][CX4]([CX4])[CX3](=[OH0])
insilico,4260,14277,Un14277,TRUE,,[CX4][CH2][CH1]1[CX4][CX4]([CH2][CX4]([CH0]1([CX4])[CH3]))
insilico,4261,14279,Un14279,TRUE,,[CX4]([CX4]([CX4]([CX4][CX3][OH1])))[OH1]
insilico,4262,14280,Un14280,TRUE,,[CX4]1([CH2][CH2][CX4]([CX4]([CH2]1))[CH0](=[OH0])[OH1])
insilico,4263,14281,Un14281,TRUE,,[CX4][CH1]([CH2][CX4][CX4])[CX4][CX4]
insilico,4264,14286,Un14286,TRUE,,[CX4][CH2][CH1]([NH1][CX4])[CX3]
insilico,4265,14287,Un14287,TRUE,,[#6]1:[#6]:n(:[cH0]2:[cH1]:[cH1]:[cH1]:[cH1]:[cH0]12)[CH2][#6]
insilico,4266,14293,Un14293,TRUE,,O=[CH0]([CH2][CH2][CH2][CH2][CH2][CH2][CH2][CH1]=[CH1][CH2][CH2][#6])O[CH2][CH1]([CH2]O)O
insilico,4267,14297,Un14297,TRUE,,[cH1]1:[cX3](:[cH1]:[cX3](:[cH1]:[cX3]1))
insilico,4268,14301,Un14301,TRUE,,[CX4][NH1][CX3][CH1]([CH3])[OX2]a
insilico,4269,14303,Un14303,TRUE,,[CH3]N([CH3])[CH2][CH2][#6]
insilico,4270,14306,Un14306,TRUE,,[CH3]O[cH0]1:[cX3](:[cH1]:[cX3]:[cH0](:[cH1]1)[#6])
insilico,4271,14311,Un14311,TRUE,,[OX2][cX3](a)[cX3]([cH1][cX3](a)[NH0+](=[OH0])[OH0-])
insilico,4272,14319,Un14319,TRUE,,[NX3][CX4][CH2][cH0]1[cH1][nX3]([cX3](a)[cH0]1[cH1][cX3]a)
insilico,4273,14321,Un14321,TRUE,,[CH3][CX4]([OH0][CX4]([CX4]))[CH3]
insilico,4274,14337,Un14337,TRUE,,[CH3][CX4][CH1]1[CX4]([CX4]([CH0]2([CX4][CX4]([CX4]([CX4]2([CX4]1))))[CH3]))
insilico,4275,14341,Un14341,TRUE,,[CH3][CH0]1([CH1]([#6][#6][CH0]([CH1]1[CH2][#6])([#6])[CH3])[#8])[#6]
insilico,4276,14344,Un14344,TRUE,,O=[CH0]([cH0]1:[cH1]:[cX3]:[cH1]:[cX3](:[cH1]1))O
insilico,4277,14350,Un14350,TRUE,,[CX3][cX3](a)[cX3]([cH1][cX3](a)[OH1])
insilico,4278,14352,Un14352,TRUE,,[#6][cH0]1:[cH1]:[cX3](:n:[cH0]2:[cH0]1:[cH1]:[cX3](:[cH1]:[cH1]2))
insilico,4279,14353,Un14353,TRUE,,[CX4]([CX4]([CH1]([CX4][CH2][CX4])[NH1][CX3]))
insilico,4280,14354,Un14354,TRUE,,[CH3][CH0]([CH1]([CH2][#6])[#6])([#6])[CH2][#6]
insilico,4281,14358,Un14358,TRUE,,[OX2][cH0]1[cH1][cX3]([cH0]([cH1][cH1]1)[CX3](=[OH0]))
insilico,4282,14368,Un14368,TRUE,,S=[CH0](N[cH0]1:[cH1]:[cH1]:[cH1]:[#6](:[#6]1))N
insilico,4283,14370,Un14370,TRUE,,[CX3](=[NH0][CH2][CH2][CX4])[NH2]
insilico,4284,14372,Un14372,TRUE,,[CH3][CH1]([CH2][#6])[CH1]([#6])O[CH0]([#6])=[#8]
insilico,4285,14374,Un14374,TRUE,,[#8]=[CH0]([cH0](:[#6]):[#6])[cH0]1:[cH1]:n(:[cH0]2:[cH1]:[cH1]:[cH1]:[cH1]:[cH0]21)[CH2][CH2][#6]
insilico,4286,14377,Un14377,TRUE,,[cX3]1[cH1][cH0]([cH1][cH0]([cX3]1)[OX2])[CH1]=[CH1][CX3](=[OH0])
insilico,4287,14379,Un14379,TRUE,,[CX4][CH2][CH1]([CX3](=[OH0]))[NH1][CH0](=[OH0])[CX4]([CH3])
insilico,4288,14384,Un14384,TRUE,,n1:[cH1]:[cH1]:[cH1]:[cX3](:[cH0]1[#7])
insilico,4289,14385,Un14385,TRUE,,[CH3][CH0]1([CH1]([CH2][CH2][#6])[#6]([CH2][CH2][CH1]1O))[CH3]
insilico,4290,14386,Un14386,TRUE,,[nX2](a)[cH0]1[cH0]([cX3](a))[nH0][cH1][nX3]1
insilico,4291,14388,Un14388,TRUE,,[CX4]([CH1]([OX2])[cX3](a)[cX3]([cX3]([cX3](a))))[OH1]
insilico,4292,14389,Un14389,TRUE,,Cl[cH0](:[cH1]:[#6]):[cH0](:[#6])[cH0](:[#7]):[#6]
insilico,4293,14390,Un14390,TRUE,,[cH1]1:[cH1]:[cX3]:[cH1]:[cH1]:[cH0]1[cH0]1:[cX3](:n:[cX3](:n1))
insilico,4294,14393,Un14393,TRUE,,O[CH1]([CH1]([CH2][#6])O)[#6]
insilico,4295,14396,Un14396,TRUE,,[cX3](a)([cH1][cH1][cX3]a)[ClH0]
insilico,4296,14398,Un14398,TRUE,,O=[CH0]([CH1]([#7])[CH2][#6])[#8]
insilico,4297,14403,Un14403,TRUE,,O[cH0]1:[cH1]:[#6]:[#6](:[cH1]:[cH1]1)
insilico,4298,14406,Un14406,TRUE,,[CX3]1[CX4][CH2][CX4]([CX4]([CH0]1([CH3])[CH3]))
insilico,4299,14409,Un14409,TRUE,,[#8][CH1]1[CH1]([CH1]([CH3])O[CH1]([#6]1)[#8])[#8]
insilico,4300,14410,Un14410,TRUE,,[CH3][OH0][cH0]1[cH1][cH1][cH0]([cH1][cH1]1)[CX4]([NX3])
insilico,4301,14415,Un14415,TRUE,,[CH3][cH0]1[cH1][cH1][cH0]([cH1][cH1]1)[SH0](=[OH0])(=[OH0])[NX3][CX4]
insilico,4302,14416,Un14416,TRUE,,[CH3][CX3][OH0][CH1]([CH2][CX4])[CX4]([CH3])
insilico,4303,14418,Un14418,TRUE,,[cX3](a)(a)[CH0]([OX2])=[OH0]
insilico,4304,14420,Un14420,TRUE,,[CH3]O[cH0]1:[cH0](:[cH1]:[#6]:[cH0](:[cH1]1)[CH1]=[CH1][#6])[#8]
insilico,4305,14423,Un14423,TRUE,,[#17][cH0](:[#6]):[cH0](:[#6])O[CH2][#6]
insilico,4306,14425,Un14425,TRUE,,[CX4]([CH3])[CH2][CX4]([CX3](=[OH0]))
insilico,4307,14426,Un14426,TRUE,,O[CH1]1[CH1]([CH1]([CH1](O[CH1]2[CH1]([CH3])O[#6]([#6]([CH1]2O)))O[CH1]1[CH2]O)O)O
insilico,4308,14428,Un14428,TRUE,,[#6][CH0]1([CH1]([CH2][CH2][#6]([#6]1))O[#6])[CH3]
insilico,4309,14431,Un14431,TRUE,,[CX4]([CX4]([CX4][OH1]))[NH2]
insilico,4310,14432,Un14432,TRUE,,[#6][CH0]12[CH2][CH2][#6]([#6]([CH0]1=[CH1][CH2][CH1]1[CH0]2([CH2][CH2][CH1]2[CH0]1([CH2][CH2][#6]([#6]2))[CH3])[CH3]))
insilico,4311,14437,Un14437,TRUE,,[#6][CH2][CH2][CH2][CH2][CH2][#7]
insilico,4312,14440,Un14440,TRUE,,[CH3][CX4][CX4]1([CH1]([CX4])[CX4]([CX4]([CH2][CH2]1))[CH3])
insilico,4313,14441,Un14441,TRUE,,[CX3](=[OH0])[CX4]1([CX4]([CH2][CH1]2[CH0]1([CH2][CX4]([CX4]([CH1]2[CX4])([CX4]([CX3])[CH3])))[CH3]))
insilico,4314,14444,Un14444,TRUE,,[#8]=[CH0](O[cH0](:[cH1]:[#6]):[cH1]:[#6])[#6]
insilico,4315,14446,Un14446,TRUE,,O[CH1]1[CH1]([CH1](O[CH1]([CH1]1[#8])[CH2]O)O[CH1]([#6])[CH1]([CH1]([#6])O)O)O
insilico,4316,14450,Un14450,TRUE,,[CH3][CH0]1([CH0](=[CH1][CH2][CH1]2[CH0]1([CH2][CH2][CH1]1[CH0]2([CH2][CH2][CH1](O[#6])[#6]1)[CH3])[CH3])[#6])[#6]
insilico,4317,14454,Un14454,TRUE,,[CH3][CH2][CH2][CH2][CH2][CH2][CH2][CH2][CH2][CH2][CH2][CH2][CH2][CH2][CH2][#6]
insilico,4318,14456,Un14456,TRUE,,[cX3](a)([cX3]a)[NH1][CH0](=[OH0])[cH0]1[cH1][cX3]([cH0]([cH1][cH1]1)[OH0][CH3])
insilico,4319,14457,Un14457,TRUE,,F[cH0]1:[cX3](:[cH1]:[cH1]:[cX3](:[cH1]1))
insilico,4320,14463,Un14463,TRUE,,F[cH0]1:[cH1]:[cH0](:[#6](:[cH1]:[cH1]1))[#9]
insilico,4321,14465,Un14465,TRUE,,[#6]:[cH1]:[cH1]:[cH0](:[#6])[CH1]([#6])O[#6]
insilico,4322,14468,Un14468,TRUE,,O=[CH0](O[#6])[cH0]1:[cH1]:[#6](:[cH0](:[cH1]:[cH1]1)N)
insilico,4323,14470,Un14470,TRUE,,[#7][CH2][CH2][cH0](:[cH1]:[cH0](:[#6])[#8]):[#6]
insilico,4324,14471,Un14471,TRUE,,[CH3][CH0]12[CH2][CH2][CH1]3[CH0]([CH2][CH2][CH1]([#8])[CH0]3([CH3])[CH3])([CH1]1[#6][CH1]=[CH0]([CH0]2([#6])[CH3])[#6])[CH3]
insilico,4325,14476,Un14476,TRUE,,[CH3][CH0]12[CH1]([CH2][CH2][#6]1)[#6]([#6]([CH2][CH2]2))
insilico,4326,14480,Un14480,TRUE,,[#6]O[cH0]1:[cH1]:[cH0]2:[cH0](:[cH1]:[cH1]1):[#7]:[#6](:[cH0]2[#6])
insilico,4327,14482,Un14482,TRUE,,[#8]=[CH0](N[CH2][CH2][#7])[cH0](:[#6]):[#6]
insilico,4328,14485,Un14485,TRUE,,O=[CH0]([#7])O[CH2][#6]
insilico,4329,14487,Un14487,TRUE,,[#6]N1[#6][#6]N([CH2][CH2]1)[cH0]1:[cH1]:[#6]:[#6](:[cH1]:[cH1]1)
insilico,4330,14489,Un14489,TRUE,,[CH3][CH0]([CH3])([CH3])O[CH0](=O)N[CH1]([CH2][#6])[#6]
insilico,4331,14490,Un14490,TRUE,,[cX3](a)(a)[CH2][CX4]([cX3](a)[cH0]([cX3]a)[CH2][CX4])
insilico,4332,14493,Un14493,TRUE,,[CX4][NH0]([CH2][CX4])[CH2][CH2][CX4]
insilico,4333,14496,Un14496,TRUE,,[CX4]([CX4][CX4][cH0]1[cH1][cH1][cH1][cH1][cX3]1)[CH3]
insilico,4334,14500,Un14500,TRUE,,[CH3][OH0][cH0]([cH1][cH0]([cX3]a)[OH1])[cX3](a)
insilico,4335,14501,Un14501,TRUE,,O[CH0]([#6])([CH0]([CH2][#6])([CH1]([#6])[#6])[CH3])[#6]
insilico,4336,14502,Un14502,TRUE,,[CH3]n(:[#6]):[#7]
insilico,4337,14503,Un14503,TRUE,,[CX4][CH2][CX4][SH0][CH2][CX4]
insilico,4338,14505,Un14505,TRUE,,[NX3][CX4]([CX4]([CX4]([CX4])))
insilico,4339,14506,Un14506,TRUE,,[CH3][cX3](a)[cH0]([cX3]a)[CX4]
insilico,4340,14507,Un14507,TRUE,,O=[CH0]([CH1]([#6])N[CH2][#6])O
insilico,4341,14509,Un14509,TRUE,,[CX3](=[OH0])[CH1]=[CH1][cH0]1[cH1][cX3]([cH0]([cH1][cH1]1)[OX2])
insilico,4342,14510,Un14510,TRUE,,[#8]=[CH0]([#6])[cH0](:[#6]):[cH0](:[cH1]:[#6])[#6]
insilico,4343,14512,Un14512,TRUE,,[CH3][cH0]1:[#6]:[#6](:[cH1]:[cH0](:[cH1]1)O[#6])
insilico,4344,14513,Un14513,TRUE,,[CX4][CX4]([CX4][CX3](=[CH1][CX3](=[OH0])))
insilico,4345,14514,Un14514,TRUE,,O[CH1]1[#6]([#6]O[CH1]1[CH2]OP(=O)(O)O)
insilico,4346,14516,Un14516,TRUE,,[CX4][CH2][CX4][CH2][CH1]([CH2][CX4])[OH1]
insilico,4347,14517,Un14517,TRUE,,[CH3]O[cH0]1:[cH0]([#6]):[cX3](:[cH1]:[cX3](:[cH1]1))
insilico,4348,14519,Un14519,TRUE,,[cX3]1[cH0]([cX3]([cH1][cH1][cH1]1))[NH1][CX3][cX3]([cH1][cX3]a)a
insilico,4349,14526,Un14526,TRUE,,O=P(O[#15])(O)O
insilico,4350,14532,Un14532,TRUE,,[OX2][CH1]1[CH1]([OH0][CH1]([CH1]([CH1]1[OH1])[OH1])[OH0][CH2][CX4])[CH2][OH1]
insilico,4351,14533,Un14533,TRUE,,[#8]=[CH0](N[CH1]([CH2][CH2][CH2][#6])[#6])[#7]
insilico,4352,14535,Un14535,TRUE,,O[CH1]1[CH1]([CH1]([CH1](O[cH0](:[cH1]:[cH1]:[#6]):[#6])O[CH1]1[CH2]O)O)O
insilico,4353,14536,Un14536,TRUE,,[#8]=[CH0]([CH2][#6])O[CH2][CH1]([#6])[#8]
insilico,4354,14539,Un14539,TRUE,,[#8]=[CH0]([CH1]([#7])[CH2][#6])N
insilico,4355,14541,Un14541,TRUE,,[CH3][CH1]([CX4][OH1])[OX2]
insilico,4356,14547,Un14547,TRUE,,[CX4]([CH3])[CX4][NH1][CX3][CX4]([CX4])
insilico,4357,14551,Un14551,TRUE,,[cX3]([cH1][cH0]([cX3]a)[CX4]([cH0]1[cX3]([cH1][cX3]([cH1][cH1]1))))a
insilico,4358,14552,Un14552,TRUE,,[CH3][CH0]1([#6])[CH1]([#6])[CH2][CH2][#6][CH1]1[CH2][#6]
insilico,4359,14553,Un14553,TRUE,,[NX3]1[CH2][CH2][CH2][CH2][CH2]1
insilico,4360,14555,Un14555,TRUE,,[CX4][CH2][CH2][CH2][NH0]([CX4])[CH2][CX4]
insilico,4361,14558,Un14558,TRUE,,[CH3][CH0]1([CH1]([CH2][CH2][CH0]2([CH1]1[CH2][CH2][CH0]1([CH1]2[CH2][CH1]=[CH0]2[CH0]1([CH2][CH2][#6]([CH1]2[CH2][#6]))[CH3])[CH3])[CH3])O)[CH3]
insilico,4362,14566,Un14566,TRUE,,O[cH0]1:[cH0]([#6]):[cH0](:[cH1]:[cH0](:[cH0]1[#6])O)[#6]
insilico,4363,14569,Un14569,TRUE,,O[CH1]1[CH1](O[CH1]([CH1]1[#8])[CH2]OP(=O)(O)[#8])[#7]
insilico,4364,14570,Un14570,TRUE,,O[CH1]1[CH1]([CH1]([CH1](O[cH0](:[#6]):[cH1]:[#6])O[CH1]1[CH2]O)O)O
insilico,4365,14571,Un14571,TRUE,,[CH2]([#7])[CH2][cH0]1:[cH1]:[#6](:[#6](:[cH1]:[cH0]1[#6]))
insilico,4366,14572,Un14572,TRUE,,[#6][CH2][CH1]=[CH1][CH2][CH2][CH2][CH2][CH2][#6]
insilico,4367,14575,Un14575,TRUE,,[cX3](a)[cX3](a)[CH2][CH1]([CX3])[NH2]
insilico,4368,14577,Un14577,TRUE,,[CH3][CH2][CH2][CX4]([CX4]([CX4]([CX3])))
insilico,4369,14578,Un14578,TRUE,,O=[CH0]([#8])[CH2][CH2][CH2][CH1]=[CH1][CH2][CH1]=[#6]
insilico,4370,14579,Un14579,TRUE,,[CH3]n(:[cH1]:[#6]):[#6]
insilico,4371,14581,Un14581,TRUE,,[cX3]1[cX3]([cH0]([cX3]([cH0]([cX3]1)[OH0][CH3]))[OH0][CH3])
insilico,4372,14583,Un14583,TRUE,,[CX3]=[CH0]([CH2][CX4]([CX4]))[CX4]
insilico,4373,14586,Un14586,TRUE,,[CX4]([CX4][CX3](=[OH0]))([CX4]([CH3]))[CH3]
insilico,4374,14588,Un14588,TRUE,,[#8][cH0]1:[cH1]:[cH0](O[#6]):[cH1]:[cH1]:[cH0]1[#6]
insilico,4375,14592,Un14592,TRUE,,O=[CH0]([#6])N[CH1]([CH0](=O)[#7])[CH1]([CH3])[CH3]
insilico,4376,14599,Un14599,TRUE,,[CX3][cH0]1[cH1][cH0]2[cH0]([cH1][cH1]1)[OH0][CH2][OH0]2
insilico,4377,14601,Un14601,TRUE,,[CH3][OH0][cH0]1[cX3]([cH1][cH0]([cH1][cH1]1)[CX4])
insilico,4378,14604,Un14604,TRUE,,[#17][cH0]1:[cH0](:[cH1]:[cH1]:[#6](:[#6]1))O[#6]
insilico,4379,14607,Un14607,TRUE,,[CX4]1[CX4]([CX4]([CH2][CH1]2[CH1]1[CX4]([CH2][CH1]([CH0]2([CX4])[CH3])[CX4])))
insilico,4380,14608,Un14608,TRUE,,O[CH1]1[CH1]([CH1](n(:[#6]):[cH0](:[#7]):[#6])O[CH1]1[CH2]O)O
insilico,4381,14609,Un14609,TRUE,,[#8][CH1]([#6])[cH0]1:[cH1]:[cH1]:[#6](:[cH1]:[cH1]1)
insilico,4382,14613,Un14613,TRUE,,O=[CH0](N([CH2][#6])[CH1]([#6])[#6])[#6]
insilico,4383,14618,Un14618,TRUE,,[CX4]([SX2])[CH1]([CX3])[NH1][CX3](=[OH0])
insilico,4384,14619,Un14619,TRUE,,[#6][cH0]1:[cX3]:[cH1]:[cX3](:[cH1]:[cH1]1)
insilico,4385,14620,Un14620,TRUE,,[NX3][CH2][CH0](=[OH0])[NH1][CH1]([CH2][CX4])[CX3](=[OH0])
insilico,4386,14621,Un14621,TRUE,,[CX4][CH2][CX4]([CH0](=[OH0])[NH1][CH1]([CH2][CH2][CH2][CH2][NH2])[CX3](=[OH0]))
insilico,4387,14622,Un14622,TRUE,,[CH3][CH0]1([CH1]([#6])[#6])[CH1]([#6]([#6]([CH2][CH2]1)))[#6]
insilico,4388,14625,Un14625,TRUE,,[CX4][NH0]([CH2][CX4])[cX3]([cH1][cX3](a))a
insilico,4389,14626,Un14626,TRUE,,[nX3](a)([cH0]1[cX3](a)[cH1][cH1][cX3]([cH1]1))[CX4]
insilico,4390,14637,Un14637,TRUE,,[CX4]1[CH2][CH2][CH1]([CX4])[NH0]([CX4])[CH2]1
insilico,4391,14642,Un14642,TRUE,,I[cH0](:[#6]):[#6]
insilico,4392,14650,Un14650,TRUE,,[#8]=[CH0](N[#6])[CH1]1[CH2][#6][#7][CH2][CH2]1
insilico,4393,14653,Un14653,TRUE,,[#8][CH1]1[CH1]([CH3])[#8][#6]([CH2][CH1]1[#8])
insilico,4394,14654,Un14654,TRUE,,[CH3][CH0]1([CH2][CH2][CH0]2([CH2][CH2][CH0]([#6][CH1]2[CH2]1)([#6])[CH3])[CH0](=O)O)[CH3]
insilico,4395,14656,Un14656,TRUE,,[CH3][CH0]1([CH2][CH2][CH1]2[CH0]([CH1]([#6][#6][CH0]2([CH1]1[#6])[CH3])[#8])([CH3])[#6])[#6]
insilico,4396,14657,Un14657,TRUE,,[#6][CH2]N([CH2][CH2][CH2][CH2][#6])[#6]
insilico,4397,14658,Un14658,TRUE,,O=[CH0]([CH2][CH2][CH2][#6])O[CH1]([CH2]O[#6])[#6]
insilico,4398,14659,Un14659,TRUE,,[#17][cH0]1:[cH1]:[cX3]:[cH1]:[cH1]:[cH1]1
insilico,4399,14660,Un14660,TRUE,,[CX4]([CX4]([CH1]([CX4][CX4])[CH3]))[CH3]
insilico,4400,14662,Un14662,TRUE,,[cX3](a)[cH0]([cH1][cX3]a)[CX3](=[OH0])
insilico,4401,14669,Un14669,TRUE,,[#6][CH0]1([CH2][#6][CH0](=[#8])[CH1]=[CH0]1[CH2][#6])[#6]
insilico,4402,14672,Un14672,TRUE,,[CX4][CH2][CH1]([CX4]([CH3])[CH3])[OX2]
insilico,4403,14675,Un14675,TRUE,,[CX4][CH1]=[CH1][CX4]([CH3])
insilico,4404,14676,Un14676,TRUE,,[cX3](a)[cH1][cX3](a)[CH2][CH2][CX4]([CX3]=[OH0])
insilico,4405,14677,Un14677,TRUE,,[CX4]1[CH2][CX4]([CX4]([CH1]([CX4]1)[CH2][CH2][CX3]))
insilico,4406,14679,Un14679,TRUE,,[#8][cH0]1:[cX3](:[cH1]:[cX3](:[cH1]:[cX3]1))
insilico,4407,14680,Un14680,TRUE,,n1:[cX3](:[cX3](:[cX3]:n1[cH0]1:[cH1]:[cH1]:[cX3](:[cH1]:[cH1]1)))
insilico,4408,14682,Un14682,TRUE,,Cl[cH0](:n:[cH1]:[#6]):[#6]
insilico,4409,14690,Un14690,TRUE,,O[CH1]([CH1](n(:[cH0]1:[#6](:[#6](:n:[cH1]:n1))):[#6])[#8])[#6]
insilico,4410,14691,Un14691,TRUE,,[CH3][CH0]12[CH1]([#6][CH1]([CH1]([CH1]1[#6])[#6])[#8])[CH2][CH1]([CH2][CH2]2)[#8]
insilico,4411,14700,Un14700,TRUE,,[#6]1:[cH1]:[cH0]([CH2]N[#6]):[cH1]:[cH1]:[#6]1
insilico,4412,14706,Un14706,TRUE,,[CX4]([CX4][CH3])[OH0][CH1]1[CH1]([CH1]([CH1]([CH1]([OH0]1)[CH2][OH1])[OH1])[OH1])[OH1]
insilico,4413,14708,Un14708,TRUE,,[#8][CH1]([cH0](:[#6]):[cH1]:[cH1]:[#6])[CH2][#7]
insilico,4414,14711,Un14711,TRUE,,N([#6])[CH2][CH2][cH0]1:[cH0](:n:[cH0]2:[cH1]:[cH1]:[cH1]:[cH1]:[cH0]21)[#6]
insilico,4415,14712,Un14712,TRUE,,[NX3][CX4][CX4][NX3]
insilico,4416,14716,Un14716,TRUE,,[#8][cH0]1:[cH1]:[cH0]([CH1]=[#6]):[#6]:[#6]:[cH0]1[#8]
insilico,4417,14720,Un14720,TRUE,,[#6][cH0]1:[cX3]:[cH1]:[cX3](:s1)
insilico,4418,14722,Un14722,TRUE,,[#6]:[cH1]:[cH1]:[cH0](:[#6])O[#6]
insilico,4419,14723,Un14723,TRUE,,O=[CH0]1[#6]=[#6][CH0]([CH2][CH2]1)([CH1]([#6])[#6])[CH3]
insilico,4420,14724,Un14724,TRUE,,[OX2][CH0](=[OH0])[CX4]([CX4][cH0]1[cH1][cH1][cX3]([cH1][cH1]1))
insilico,4421,14726,Un14726,TRUE,,[CX4]1[CH1]([CH1]([OH0][CX4]([CH1]1[OH0][CH1]1[CH1]([CH1]([CH1]([CH1]([OH0]1)[CH3])[OH1])[OH1])[OH1]))[CX4])[OH1]
insilico,4422,14728,Un14728,TRUE,,[cH1]1[cH1][cH1][cH0]2[cH0]([cH1]1)[cH0]([cH1][nX3]2)[CH0](=[OH0])[cH0]([cX3]a)[cH1][cH1][cX3]a
insilico,4423,14729,Un14729,TRUE,,N[cH0]1:n:[#6](:[#6]:[cH1]:[cH1]1)
insilico,4424,14730,Un14730,TRUE,,[CX3][cX3](a)[cH1][cX3]([cX3](a)[OH0][CH3])
insilico,4425,14731,Un14731,TRUE,,[#8][cH0]1:[cX3](:[cH1]:[cH1]:[cH1]:[cH0]1[#7])
insilico,4426,14733,Un14733,TRUE,,[CX4][NH0]([CH2][CX4])[SX4](=[OH0])(=[OH0])a
insilico,4427,14736,Un14736,TRUE,,[OX2][cH0]1[cH0]([cH1][cX3]([cH1][cH0]1[OH1]))[OH1]
insilico,4428,14738,Un14738,TRUE,,[#8][cH0]1:[cH1]:[cH0](:[cH1]:[cH0](:[cX3]1)O)[#8]
insilico,4429,14739,Un14739,TRUE,,[#6]1[#6]N([CH2][CH2][CH0]1([cH0](:[#6]):[cH1]:[#6])[#6])[#6]
insilico,4430,14745,Un14745,TRUE,,[CX4]([CX4][CX4])[CH1]([CH1]([CX4])[NX3])[OH1]
insilico,4431,14747,Un14747,TRUE,,[CH3][CH1]([CH3])[CH2][CX4]([CH0](=[OH0])[NH1][CH1]([CH2][CX4])[CX3](=[OH0]))
insilico,4432,14748,Un14748,TRUE,,[NX3][CX4]([CX3][NX3]([CX4][CH2][cH0]1[cH1][cH1][cH1][cH1][cH1]1))
insilico,4433,14754,Un14754,TRUE,,[CX3](=[SH0])[NX3][CX4]
insilico,4434,14759,Un14759,TRUE,,[#8]=[CH0]1[cH0](:[#6][#6]([cH0]2:[cH1]:[cH1]:[cH1]:[cH1]:[cH0]12)):[cH1]:[#6]
insilico,4435,14762,Un14762,TRUE,,O[CH1]1[CH1]([CH1]([CH1](O[cH0]2:[cH1]:[cH0]([#8]):[#6](:[#6](:[cH1]2)))O[CH1]1[CH2]O)O)O
insilico,4436,14766,Un14766,TRUE,,Cl[cH0]1:[cH1]:[cX3]:[cH0](:[cH1]:[cX3]1)[#17]
insilico,4437,14769,Un14769,TRUE,,Br[cH0](:[#6]):[#6]
insilico,4438,14771,Un14771,TRUE,,[cX3](a)[cH1][cH1][cX3](a)[BrH0]
insilico,4439,14772,Un14772,TRUE,,[O-][N+](=O)
insilico,4440,14774,Un14774,TRUE,,[CH3]O[cH0]1:[cH0](:[cH1]:[cH0]([CX3]=O):[cH1]:[cH0]1O)O[CH3]
insilico,4441,14775,Un14775,TRUE,,[CH3][CH0]([#8])([CH3])[CH3]
insilico,4442,14776,Un14776,TRUE,,[CH3][CH2][CH2][CH2][CH2][CH2][CH2][CH2][CH1]=[CH1][CH2][CH2][CH2][CH2][CH2][CX4]
insilico,4443,14778,Un14778,TRUE,,[CH3][CH2][CH2][CH2][CH2][CH1]=[CH1][CH2][CH1]=[CH1][CH2][CH1]=[CH1][CH2][CH1]=[CH1][CH2][#6]
insilico,4444,14779,Un14779,TRUE,,O=S(=O)[cH0]1:[cH1]:[cH1]:[cH0](:[cH1]:[cH1]1)[CH3]
insilico,4445,14780,Un14780,TRUE,,[#8]=[CH0]([#7])O[CH2][cH0]1:[cH1]:[cH1]:[cH1]:[cH1]:[cH1]1
insilico,4446,14782,Un14782,TRUE,,O=[CX3][CH0](=[CH1][CH3])[CH3]
insilico,4447,14784,Un14784,TRUE,,[CH3]O[cH0]1:[cH1]:[cH0]([CX3]=O):[cH1]:[cH1]:[cH0]1O[CH3]
insilico,4448,14785,Un14785,TRUE,,O=[CX3]([cH0]1:o:[cH1]:[cH1]:[cH1]1)
insilico,4449,14786,Un14786,TRUE,,O=[CX3][cH0]1:[cH1]:[cH1]:[cH0]2O[CH2]O[cH0]2:[cH1]1
insilico,4450,14788,Un14788,TRUE,,[CH2]1[CH2]O[CH2][CH2]N1[CX4]
insilico,4451,14790,Un14790,TRUE,,O=[CX3](O[CH2][CH3])
insilico,4452,14794,Un14794,TRUE,,[#6][CH2][CH2][CH2][CH2][CH1]=[CH1][CH2][CH1]=[CH1][CH2][CH2][#6]
insilico,4453,14795,Un14795,TRUE,,O=[CH0]([CH1]([CH2][CH2][CH2]N=[CH0](N)N)N)[#8]
insilico,4454,14797,Un14797,TRUE,,O=S(=O)([cH0]1:[cH1]:[cH1]:[cH1]:[cH1]:[cH1]1)
insilico,4455,14798,Un14798,TRUE,,O=S(=O)[cH0]1:[cH1]:[cH1]:[cH0](:[cH1]:[cH1]1)Cl
insilico,4456,14799,Un14799,TRUE,,[CX4][CH2]N([CH2][CX4])[CH2][cH0]1:[cH1]:[cH1]:[cH1]:[cH1]:[cH1]1
insilico,4457,14800,Un14800,TRUE,,O=[CX3]([CH1]=[CH1][cH0]1:[cH1]:[cH1]:[cH1]:[cH1]:[cH1]1)
insilico,4458,14801,Un14801,TRUE,,[CH3][CH2]N([CH2][CH3])[CX4]
insilico,4459,14803,Un14803,TRUE,,[CH3]O[cH0]1:[cH1]:[cH0](:[cH1]:[#6]:[cH1]1)O[CH3]
insilico,4460,14804,Un14804,TRUE,,[CH3]O[cH0]1:[cH1]:[cH1]:[cH0](:[cH1]:[cH1]1)[CX3](=O)
insilico,4461,14806,Un14806,TRUE,,[CH3][CH2]O[CH0](=O)[cH0]1:[cH1]:[#6]:[#6]:[cH1]:[cH1]1
insilico,4462,14807,Un14807,TRUE,,[CH3]O[cH0]1:[cH1]:[cH0]([CH2][CX4]):[cH1]:[cH1]:[cH0]1O[CH3]
insilico,4463,14808,Un14808,TRUE,,O=[CX3][cH0]1:s:[cH1]:[cH1]:[cH1]1
insilico,4464,14809,Un14809,TRUE,,[CH3][CH2][CH2][CH2][CH2][CH2][CH1]=[CH1][CH2][CH2][CH2][CH2][CH2][#6]
insilico,4465,14810,Un14810,TRUE,,[CH3][CH2][CH1]=[CH1][CH2][CH1]=[CH1][CH2][CH1]=[CH1][CH2][CH1]=[CH1][CH2][CH1]=[CX3]
insilico,4466,14811,Un14811,TRUE,,[CH3][CH2]N([cX3])[CH2][CH3]
insilico,4467,14813,Un14813,TRUE,,O=[CX3][cH0]1:[cH1]:[cH1]:[cH0](:[cH1]:[cH1]1)Cl
insilico,4468,14814,Un14814,TRUE,,O=[CX3]([cH0]1:[cH1]:[cH1]:[cH1]:[cH1]:[cH1]1)
insilico,4469,14815,Un14815,TRUE,,O=[CX3](O[CH3])
insilico,4470,14816,Un14816,TRUE,,O=[CH0]([cX3])O[CH3]
insilico,4471,14818,Un14818,TRUE,,O=[CH0]([cX3])O[CH2][CH3]
insilico,4472,14819,Un14819,TRUE,,[CH3]O[cH0]1:[cH1]:[cH1]:[cX3](:[cH1]:[cH1]1)
insilico,4473,14822,Un14822,TRUE,,F[cH0]1:[cH1]:[cH1]:[cX3]:[cH1]:[cH1]1
insilico,4474,14824,Un14824,TRUE,,F[cH0]1:[cH1]:[cH1]:[cH0](:[cH1]:[cH1]1)[CX3](=O)
insilico,4475,14826,Un14826,TRUE,,[cH1]1:[cH1]:[cH1]:[cH1]:[cH1]:[cH0]1[CH2]O
insilico,4476,14827,Un14827,TRUE,,[#6][CH2][CH1]([#6])[cH0]1:[cH1]:[cH1]:[cH1]:[#6]:n1
insilico,4477,14828,Un14828,TRUE,,[CH3]O[cH0]1:[cH1]:[cX3](:[cH1]:[cH0](:[cH0]1O[CH3])O[CH3])
insilico,4478,14829,Un14829,TRUE,,[CH3][CH0]([cH0](:[cH1]:[#6]):[cH1]:[#6])([CH3])[CH3]
insilico,4479,14830,Un14830,TRUE,,[CH3][CH0](=O)N[cH0]1:[cH1]:[cH1]:[cX3](:[cH1]:[cH1]1)
insilico,4480,14831,Un14831,TRUE,,[#17][cH0]1:[cH1]:[cH1]:[cH0](:[cH1]:[cH1]1)[#8]
insilico,4481,14832,Un14832,TRUE,,O=[CX3]([CH2]Cl)
insilico,4482,14833,Un14833,TRUE,,[CH3][CX3][CH2][CH2][CH1]=[CH0]([CH3])[CH3]
insilico,4483,14834,Un14834,TRUE,,N[CH0](=N[CH2][CH2][CH2][CX4])N
insilico,4484,14838,Un14838,TRUE,,[cH1]1:[cH1]:[cH1]:[cH1]:[cH1]:[cH0]1[CH2]n
insilico,4485,14843,Un14843,TRUE,,O=[CH0]1[CH1]=[CX3][CX4]([CH1]=[CH1]1)
insilico,4486,14844,Un14844,TRUE,,[CX4][CH2][cH0]1:[cH1]:[cH1]:[cH1]:[cH1]:[cH1]1
insilico,4487,14845,Un14845,TRUE,,[CH3][CH2][CH2][CH2][CH1]=[CH1][CH2][CH2][CH2][CH2][CH2][#6]
insilico,4488,14847,Un14847,TRUE,,O=[CH0](O)[CH2][CH2][CH1]([CH0](=O)O)N
insilico,4489,14848,Un14848,TRUE,,[CH3]S[CH2][CX4]
insilico,4490,14849,Un14849,TRUE,,[CX3][CH2][CH1]=[CH1][CH2][CX3]
insilico,4491,14851,Un14851,TRUE,,[CH3][CH2][CH2][CH2][CH2][CH2][CH2][CH2][CH2][CH2][CH2][CH2][CH2][CX4]
insilico,4492,14854,Un14854,TRUE,,O=[CX3]([CH2][cH0]1:[cH1]:[cH1]:[cH1]:[cH1]:[cH1]1)
insilico,4493,14857,Un14857,TRUE,,Cl[cH0]1:[cH1]:[cX3]:[cH1]:[cH1]:[cH0]1F
insilico,4494,14858,Un14858,TRUE,,Br[cH0]1:[cH1]:[cH1]:[#6]:[cH1]:[cH1]1
insilico,4495,14859,Un14859,TRUE,,O=[CH0]([CH1]([CH2][cH0]1:[cX3](:[cH1]:[cH1]:[cH1]:[cH1]1))N)O
insilico,4496,14861,Un14861,TRUE,,[CH2]1[CH2][CH2][CH2][CH2][CH1]1[#7]
insilico,4497,14863,Un14863,TRUE,,O=[CH0]1[cX3](:[cX3][CX3]([cH0]2:[cH1]:[cH1]:[cH1]:[cH1]:[cH0]12))
insilico,4498,14864,Un14864,TRUE,,[CH3]O[cH0]1:[cH0](:[cH1]:[cH0](:[cH1]:[cH0]1O)[CH0](=O)N)O[CH3]
insilico,4499,14865,Un14865,TRUE,,[CH3]O[cH0]1:[cH0](:[cH1]:[cH1]:[cH0](:[cH1]1)[CH0](=O)[#7])[#8]
insilico,4500,14866,Un14866,TRUE,,[CH3]O[cH0]1:[cH0](N):[cH1]:[cH1]:[cH1]:[cH1]1
insilico,4501,14869,Un14869,TRUE,,[CH3][CH2][CH2][CH2][CH2][CH1]=[CH1][CH2][CH1]=[CH1][CH2][CH1]=[CX3]
insilico,4502,14870,Un14870,TRUE,,O=[CX3]N([CH3])[CH3]
insilico,4503,14872,Un14872,TRUE,,O[CH1]1[CH1]([CH1](n)O[CX4]1)O
insilico,4504,14873,Un14873,TRUE,,[CH3][CH1]([CH3])[CH2][CH2][CH2][CX4]
insilico,4505,14878,Un14878,TRUE,,O=[CX3][cH0]1:[cH1]:[cH1]:[cH1]:[cH1]:[cH0]1[CH0](=O)O
insilico,4506,14879,Un14879,TRUE,,[CH3][cH0]1:[cH1]:[cH1]:[cH0](:[cH1]:[cH1]1)[CX3](=O)
insilico,4507,14881,Un14881,TRUE,,[cH1]1:o:[cH1]:[cH1]:[cX3]1
insilico,4508,14882,Un14882,TRUE,,[CH3]O[cH0]1:[cX3](:[cH1]:[cH0]([CH0](N)=O):[cH1]:[cH0]1O[CH3])
insilico,4509,14883,Un14883,TRUE,,[CX4][cH0]1:[cH1]:[cH1]:[cH1]:[cH1]:[cH1]1
insilico,4510,14884,Un14884,TRUE,,[cH1]1:[cH1]:[cH1]:[cH1]:[cH1]:[cH0]1[CX4]([cH0]1:[cH1]:[cH1]:[cH1]:[cH1]:[cH1]1)
insilico,4511,14889,Un14889,TRUE,,[CH3]O[cH0]1:[cH1]:[cH0](:[cH1]:[cX3]:[cH0]1O[CH3])[CX3](=O)
insilico,4512,14890,Un14890,TRUE,,[CH3][CH0]1([CH2][CH1]2[CH0]([CX4]([CH2][CH0]3([CH0]2=[CH1][CH2][CH1]2[CH0]3([CH2][CH2][CH1]3[CH0]2([CH2][CH2][CH1](O)[CH0]3([CH3])[CH3])[CH3])[CH3])[CH3]))([CH2][CH2]1)[CH0](=O)O)[CH3]
insilico,4513,14892,Un14892,TRUE,,O=[CX3][cH0]1:[cH1]:n:[cH1]:[cH1]:[cH1]1
insilico,4514,14893,Un14893,TRUE,,[CH2]1[#6][#6]([CH2][CH2]N1[CH2][cH0]1:[cH1]:[cH1]:[cH1]:[cH1]:[cH1]1)
insilico,4515,14894,Un14894,TRUE,,[#17][cH0]1:[cH1]:[cH1]:[cX3]:[cH1]:[cH1]1
insilico,4516,14900,Un14900,TRUE,,[CX4][CH2][CH2][CH2][CH2][CH2][CH1]=[CH1][CH2][CH1]=[CH1][CH2][CH1]=[CX3]
insilico,4517,14904,Un14904,TRUE,,[CH3]O[cH0]1:[cH1]:[cH0](:[cH1]:[cH0](:[cX3]1)O[CH3])[CH1]=[CX3]
insilico,4518,14905,Un14905,TRUE,,O=[CH0]([cH0]1:[cX3]:[cH1]:[cX3](:[cH1]:[cH1]1))O[CH2][CH3]
insilico,4519,14906,Un14906,TRUE,,O=[CX3](N1[CH2][CH2][CH2][CH2][CH2]1)
insilico,4520,14908,Un14908,TRUE,,O=[CH0](N[cX3])[CH3]
insilico,4521,14909,Un14909,TRUE,,O1[CH2]O[cH0]2:[cH0]1:[cH1]:[cH1]:[#6](:[cH1]2)
insilico,4522,14911,Un14911,TRUE,,O[CH1]1[CH1]([CH1]([CH2]OP(=O)O)O[CX4]1)O
insilico,4523,14912,Un14912,TRUE,,[#8]=[CH0]([CH1]=[#6])O[CH2][CH1]([CH1]([#6])O)[#8]
insilico,4524,14913,Un14913,TRUE,,N[CH2][CH2][cH0]1:[cH0]2:[cH0](:[cH1]:[cX3]:[cH1]:[cH1]2):n:[cH1]1
insilico,4525,14917,Un14917,TRUE,,[CH3]N1[CH2][CH2]N([CH2][CH2]1)[cX3]
insilico,4526,14918,Un14918,TRUE,,o1:[cX3](:[cH1]:[cH1]:[cH1]1)
insilico,4527,14919,Un14919,TRUE,,s1:[cH1]:[cH1]:[cH1]:[cX3]1
insilico,4528,14924,Un14924,TRUE,,[CH3]O[cH0](:[#6]):[cH0](:[#6])O[CH3]
insilico,4529,14925,Un14925,TRUE,,I[cH0]1:[cH1]:[cH1]:[cX3](:[cH1]:[cH1]1)
insilico,4530,14926,Un14926,TRUE,,N#[CH0][cH0]1:[cH1]:[cH1]:[#6]:[cH1]:[cH1]1
insilico,4531,14927,Un14927,TRUE,,O=[CH0](N[cH0]1:[cH1]:[cH1]:[cH1]:[cH1]:[cH1]1)N
insilico,4532,14933,Un14933,TRUE,,[cH1]1:[cH1]:[cH1]:[cH0]2:[cH0](:[cX3]:[cH1]:[cH1]:[cH1]2):[cX3]1
insilico,4533,14938,Un14938,TRUE,,[CH2]1[CH2]N[CH2][CH2]N1[cH0]1:[cX3](:[cH1]:[cH1]:[cH1]:[cX3]1)
insilico,4534,14939,Un14939,TRUE,,F[cH0]1:[cH0](N):[cH1]:[cH1]:[cH1]:[cH1]1
insilico,4535,14940,Un14940,TRUE,,O=[CH0]([CH2][CH1]([CX3])N)O
insilico,4536,14941,Un14941,TRUE,,O=[CH0]([CH1]=[CH1][cH0]1:[cH1]:[cH1]:[cH1]:[cX3]:[cH1]1)O
insilico,4537,14943,Un14943,TRUE,,O=[CX3][cH0]1:[cH1]:[cX3](:[cH1]:[cH0](:[cH1]1)O[CH3])
insilico,4538,14944,Un14944,TRUE,,[CH3]O[cH0]1:[cH1]:[cH1]:[cH1]:[cH1]:[#6]1
insilico,4539,14945,Un14945,TRUE,,[CH3]O[cH0]1:[cH1]:[cX3](:[cH1]:[cX3](:[cH0]1O[CH3]))
insilico,4540,14946,Un14946,TRUE,,[CH3][CX3]O[cX3]
insilico,4541,14947,Un14947,TRUE,,O=[CX3]O[CH2][cH0]1:[cH1]:[cH1]:[cX3](:[cH1]:[cH1]1)
insilico,4542,14950,Un14950,TRUE,,[CH3]O[cH0]1:[cH1]:[cH1]:[cH0](:[cH1]:[cH1]1)N
insilico,4543,14953,Un14953,TRUE,,[CH3][CH2]O[cX3]
insilico,4544,14954,Un14954,TRUE,,[CH3][CH2][cH0]1:[cH1]:[cH1]:[cX3](:[cH1]:[cH1]1)
insilico,4545,14955,Un14955,TRUE,,[CH3]O[cH0]1:[cH1]:[cH0]([CH1]=[CH1][CH0]([#8])=O):[#6]:[#6]:[cH0]1O
insilico,4546,14956,Un14956,TRUE,,[CH3][CH2][CH2][CH2][CH2][CX4]([CH2][CH2][CH2][CX3](=O))
insilico,4547,14957,Un14957,TRUE,,O=[CX3]([CH1]=[CH1][cH0]1:[cH1]:[cH0](:[cH0](O):[cH1]:[cH1]1)O)
insilico,4548,14958,Un14958,TRUE,,O[cH0]1:[cX3](:[cH1]:[cH0]([CH0](O)=O):[cH1]:[cH0]1O[CH3])
insilico,4549,14962,Un14962,TRUE,,O=[CH0]1[CH2][CH1](O[cX3](:[cX3]1))[cH0]1:[cH1]:[cH1]:[cX3](:[cH1]:[cH1]1)
insilico,4550,14968,Un14968,TRUE,,[CX4][CH2]N[CH2][CH2]N[CH2][cH0]1:[cH1]:[cH1]:[cX3](:[cH1]:[cH1]1)
insilico,4551,14969,Un14969,TRUE,,[CH2]1[CH2]N[CH2][CH2]N1[CH2][cH0]1:[cH1]:[cX3]:[cH1]:[cH1]:[cX3]1
insilico,4552,14970,Un14970,TRUE,,[CH3]O[cH0]1:[cX3](:[cH1]:[cH0](O[CH3]):[cH1]:[cX3]1)
insilico,4553,14972,Un14972,TRUE,,[CX4][CH2][CX4]([CH2][CH1]=[CH1][CH2][CH2][CH2][CH2][CH2][CH2][CX4])
insilico,4554,14973,Un14973,TRUE,,O[CH1]1[CH1]([CH1]([CH1]([CH3])O[CH1]1O[CH1]1[CH1]([CH1]([CH1](O[CH1]1O[CH1]([#6])[#6])[CH2]O)O)O)O)O
insilico,4555,14976,Un14976,TRUE,,F[cH0]1:[cH1]:[cH1]:[cH0]([cX3]):[cH1]:[cH1]1
insilico,4556,14977,Un14977,TRUE,,[CH2]1[CH2][CH2][CH2]N1[cX3]
insilico,4557,14979,Un14979,TRUE,,[CH2]1[CH2]O[CH2][CH2]N1[cX3]
insilico,4558,14981,Un14981,TRUE,,[CH3][CH2][CH2][CH2][CH2][CH2][CH2][CH2][CH1]=[CH1][CH2][CH2][CH2][CH2][CH2][CH2][CH2][CH2][CX4]
insilico,4559,14984,Un14984,TRUE,,[CH3]O[cH0]1:[cH1]:[cH1]:[cH0]([cX3]):[cH1]:[cH1]1
insilico,4560,14987,Un14987,TRUE,,[CX4][CH2][CH2][CH1]=[CH1][CH2][CH2][CH2][CH2][CH2][CX4]([CH2][CX3])
insilico,4561,14988,Un14988,TRUE,,[CH3][CH2][CH2][CH2][CH2][CH2][CH2][CX4]([CH1]=[CH1][CH2][CH2][CH2][CH2][CH2][CH2][CH2][CX3](=O))
insilico,4562,14989,Un14989,TRUE,,[CH3]O[cH0]1:[cH1]:[cH1]:[cH0](:[cH1]:[cH1]1)[CX4]
insilico,4563,14990,Un14990,TRUE,,[CH3][cH0](:[#7]):[#16]
insilico,4564,14991,Un14991,TRUE,,[CX4][CH1]=[CH1][CH2][CH1]=[CH1][CX4]([CH2][CH2][CH2][CH2][CX4])
insilico,4565,14993,Un14993,TRUE,,[CH3][CH2][CH2][CH2][CH2][CH2][CH2][CH2][CH2][CH2][CH2][CH2][CH2][CH2][CH2][CX3](=O)
insilico,4566,14994,Un14994,TRUE,,O=[CH0]([CH2][CH2][CH2][CX4])O[CH2][CX4]
insilico,4567,14996,Un14996,TRUE,,O=[CH0]([CH2][CH2][CH2][CH2][CH2][#6])[#8]
insilico,4568,15002,Un15002,TRUE,,[cH1]1:[cH1]:[cH0]2:[cH0](:[cH1]:[cH0]1[CX4])O[CH2]O2
insilico,4569,15007,Un15007,TRUE,,[CH3]O[cH0]1:[cH0](:[cH1]:[cH0]([CH1]=[CX3]):[cH1]:[cH1]1)O
insilico,4570,15009,Un15009,TRUE,,[CH3]O[cH0]1:[cH1]:[cH0](O[CH3]):[cH1]:[cH1]:[#6]1
insilico,4571,15010,Un15010,TRUE,,O=[CH0](N[cX3])[cH0]1:[cH1]:[cH1]:[cH1]:[cH1]:[cH1]1
insilico,4572,15011,Un15011,TRUE,,Cl[cH0]1:[cH1]:[cH1]:[cH1]:[cH1]:[#6]1
insilico,4573,15012,Un15012,TRUE,,[CH3][CH2][CH1]=[CH1][CX4]
insilico,4574,15014,Un15014,TRUE,,O=[CX3]([CH1]=[CH1][cH0]1:[cH1]:[cH1]:[cH0](O):[cH1]:[cH1]1)
insilico,4575,15018,Un15018,TRUE,,O=[CH0]([cH0](:[#6]):[#6])[CH2][#16]
insilico,4576,15021,Un15021,TRUE,,S[CH2][CH1]([#7])[CH0](=[#8])[#8]
insilico,4577,15025,Un15025,TRUE,,[cH1]1:[cH1]:[cH1]:[cH1]:[cH1]:[cH0]1N[CX3](N)
insilico,4578,15027,Un15027,TRUE,,[CH3][CX3](=[CH1][CH1]=[CH1][CH1]=[CX3][CX3])
insilico,4579,15033,Un15033,TRUE,,O=[CX3][CH2][CH2][CH2][CH1]=[CX3]
insilico,4580,15034,Un15034,TRUE,,O=[CH0]([CH2][CH2][CH2][CH1]=[CH1][CH2][CH1]=[CH1][CH2][CH1]=[CH1][CH2][#6])O
insilico,4581,15036,Un15036,TRUE,,[CX3][CH2][CH1]=[CH1][CH2][CH1]=[CH1][CH2][CH1]=[CH1][CH2][CH2][CX4]
insilico,4582,15037,Un15037,TRUE,,O=[CX3]([CH2][CH2][CH2][CH1]=[CH1][CH2][CH1]=[CH1][CH2][CH1]=[CH1][CH2][CH1]=[CH1][CH2][CH2][CX4])
insilico,4583,15038,Un15038,TRUE,,O[CH1]1[CH1]([CH1]([CH1](O[CH1]([#8])[#6])O[CH1]1[CH2]O)O)O
insilico,4584,15039,Un15039,TRUE,,[CH3]O[cH0]1:[cX3](:[cH1]:[cH0]([CH0](N[CX4])=O):[cH1]:[cH0]1O[CH3])
insilico,4585,15042,Un15042,TRUE,,Cl[cH0]1:[cX3](:[cH0](:[cH1]:[cH1]:[cX3]1)F)
insilico,4586,15045,Un15045,TRUE,,O[CH1]1[CH1]([CH1](O[CH1]2[CH1]([CH1]([#8])O[CH1]([CH1]2O)[CH2][#8])O)[#8][#6][CH1]1[#8])O
insilico,4587,15046,Un15046,TRUE,,O=[CX3][CH2][CH2][cH0]1:[cH1]:[cH1]:[cX3]:[cH1]:[cH1]1
insilico,4588,15050,Un15050,TRUE,,[CH3][cH0]1:[cH1]:[cH1]:[#6](:[cH1]:[cH1]1)
insilico,4589,15052,Un15052,TRUE,,[#6]=[CH1][CH2][CH1]=[CH1][CH2][CH1]=[CH1][CH2][CH2][CH2][CH2][CH2][#6]
insilico,4590,15053,Un15053,TRUE,,[CH3][CH0]1([CH1]([CH2][CH2][CH0]([CH1]([CH2][CH1]=[#6])[#6])([CH1]1[#6])[#6])[#8])[CH2]O
insilico,4591,15055,Un15055,TRUE,,N[cH0]1:[cH1]:[cH1]:[cH0](:[cH1]:[cH1]1)[#9]
insilico,4592,15057,Un15057,TRUE,,[CH3][CH2][CH2][CH2][CH2][CX4]([CX4])
insilico,4593,15058,Un15058,TRUE,,[CH2]([CH2][CH2][CH2][CH1]=[CX3])[CX4]
insilico,4594,15059,Un15059,TRUE,,O=[CH0]([CH2][CH2][CH2][CH2][CH2][CH2][CH2][CH1]=[#6])[#8]
insilico,4595,15063,Un15063,TRUE,,[#6][CH2][CH2][CH2][CH2][CH2][CH1]=[CH1][CH2][CH2][CH2][CH2][CH2][CH2][CH2][#6]
insilico,4596,15064,Un15064,TRUE,,Cl[cH0]1:[cH1]:[cH1]:[cH0]([cX3]):[cH1]:[cH1]1
insilico,4597,15067,Un15067,TRUE,,O=[CX3]N[CH2][cH0]1:[cH1]:[cH1]:[cH1]:o1
insilico,4598,15071,Un15071,TRUE,,O=[CX3]N1[CH2][CH2]N([CH2][CH2]1)[cX3]
insilico,4599,15075,Un15075,TRUE,,[CH3][cH0]1:[cH1]:[cH0](:[#6](:[#6]:[cH1]1)):[#8]
insilico,4600,15076,Un15076,TRUE,,[CH3][CH2][CH2][CH2][cX3]
insilico,4601,15078,Un15078,TRUE,,[cH1]1:[cH1]:[cH1]:[cH1]:[cH1]:[cH0]1[CH2][CH2][#6]
insilico,4602,15083,Un15083,TRUE,,[CH3][CH2][CH2][CH2][CH2][CH2][CH2][CH2][CH2][CH2][CH2][CH2][CH2][CX3](=O)
insilico,4603,15084,Un15084,TRUE,,O=[N+]([cH0]1:[cH1]:[cH1]:[cH0](:[cH1]:[cH1]1)[#6])[O-]
insilico,4604,15086,Un15086,TRUE,,[#6][CH2]n1:[cH1]:[cH1]:n:[cH1]1
insilico,4605,15087,Un15087,TRUE,,[#17][cH0]1:[cH1]:[cH1]:[cH1]:[cH0](:[#6]1)Cl
insilico,4606,15088,Un15088,TRUE,,[CH3]O[cH0]1:[cX3](:[cX3](:[cH0](Cl):[cH1]:[cX3]1))
insilico,4607,15089,Un15089,TRUE,,Cl[cH0]1:[cH1]:[cH0](:[cX3]:[cH1]:[cH1]1)[CX3](=O)
insilico,4608,15091,Un15091,TRUE,,Cl[CH2][cX3]
insilico,4609,15092,Un15092,TRUE,,N[CH2][CH2][cH0]1:[cH1]:n:[cH0]2:[cH0]1:[cH1]:[cX3]:[cH1]:[cX3]2
insilico,4610,15094,Un15094,TRUE,,[CH3]O[cH0]1:[cH1]:[cX3]:[cH0](:n):[cH1]:[cH1]1
insilico,4611,15096,Un15096,TRUE,,[#6][CH2]O[CH2][CH2]N[CH2][CH2][#7]
insilico,4612,15098,Un15098,TRUE,,N#[CH0][CH2][CX4]
insilico,4613,15102,Un15102,TRUE,,[CH2]([CX4])[CH2][CH2][CH2][CH2][CH2][CH2][CH1]=[CX3]
insilico,4614,15105,Un15105,TRUE,,[#6][CH2][CH1]=[CH1][CH2][CH2][CH2][CH2][CH2][CH2][CH2][CH2][#6]
insilico,4615,15107,Un15107,TRUE,,O[CH1]1[CH1]([CH1](n(:[cH1]:[#7]):[#6])O[CH1]1[CH2]O)O
insilico,4616,15109,Un15109,TRUE,,[CH3]O[cH0]1:[cH1]:[cH1]:[cH0]([CH2][CX4]):[cH1]:[cH1]1
insilico,4617,15111,Un15111,TRUE,,[#8]=[CH0]([#7])[cH0]1:[cH1]:[cH1]:[cH0](:[cH1]:[cH1]1)[#17]
insilico,4618,15112,Un15112,TRUE,,[CH3][CH0]([CH1]=[CH1][cX3])([CH3])O
insilico,4619,15114,Un15114,TRUE,,[cH1]1:[cX3]:[cX3](:[cX3](:[cH0]2:[cH1]:[cH1]:[cH1]:[cH1]:[cH0]12))
insilico,4620,15115,Un15115,TRUE,,[CH3][CH2][CH2][CH2][CH2][CH2][CH2][CH2][CH2][CH2][CH2][CH2][CH2][CH2][CH2][CH2][CX4]([CX3])
insilico,4621,15117,Un15117,TRUE,,[CH3][CH2][CH2][CH2]O
insilico,4622,15119,Un15119,TRUE,,Cl[CH2][CX4]
insilico,4623,15122,Un15122,TRUE,,Cl[cH0]1:[cH1]:[cH0](:[cH1]:[cH1]:[cH1]1)[CX4]
insilico,4624,15129,Un15129,TRUE,,[CH3][CH2][CH2]O
insilico,4625,15130,Un15130,TRUE,,N[CX4][cH0]1:n:[cH1]:[cH1]:[cH1]:[cH1]1
insilico,4626,15133,Un15133,TRUE,,[CH3][cH0]1:[cH1]:[cH0](:[cX3](:[cH1]:[cX3]1))[CH3]
insilico,4627,15134,Un15134,TRUE,,Br[cH0]1:[cH1]:[cH1]:[cH0]([cX3]):[cH1]:[cH1]1
insilico,4628,15135,Un15135,TRUE,,[#9][cH0]1:[cH1]:[#6]:[cH0]([CH2][#7]):[cH1]:[cH1]1
insilico,4629,15137,Un15137,TRUE,,O=[CX3]([CH2][CX4]([CH2][CH2][CH2][CH2][CH2][CH1]=[CH1][CX4]))
insilico,4630,15138,Un15138,TRUE,,[#8][cH0]1:[cH1]:[cH1]:[cH0](:[cH1]:[cX3]1)F
insilico,4631,15145,Un15145,TRUE,,[CH3]O[cH0]1:[cH0](:[cH1]:[cH1]:[cH0](:[cH1]1)[CX3])O
insilico,4632,15150,Un15150,TRUE,,O=[CX3][CH1]=[CH1][cH0]1:[cH1]:[cH1]:[cX3](:[cH1]:[cH1]1)
insilico,4633,15154,Un15154,TRUE,,[CH3]O[cH0]1:[#6]:[#6]:[cH0](:[cH1]:[cH1]1)[#16]
insilico,4634,15155,Un15155,TRUE,,O=S(=O)N[cH0]1:[cH1]:[cH1]:[cH1]:[cH1]:[cX3]1
insilico,4635,15157,Un15157,TRUE,,O=[CX3]([cH0]1:[cH1]:[cH0](:[cH0](O):[cH1]:[cH1]1)O[CX4])
insilico,4636,15158,Un15158,TRUE,,[CH3][CH2]O[cH0]1:[cH1]:[cX3](:[cH0](:[cH1]:[cH1]1)[#7])
insilico,4637,15159,Un15159,TRUE,,F[CH0]([cH0](:[#6]):[cH1]:[#7])(F)F
insilico,4638,15161,Un15161,TRUE,,[CH3][CH1]([CH2][CH1]([#7])[CH0](O)=O)[CH3]
insilico,4639,15162,Un15162,TRUE,,O=[N+]([cH0]1:[cH1]:[cH1]:[cH0](:[cX3]:[cH1]1)[#8])[O-]
insilico,4640,15163,Un15163,TRUE,,O[CH1]1[CH1]([CH1](O[CH1]2[CH1]([CX4])O[CX4]([CH1]([CH1]2O)O))O[CH1]([CX4]1)[CH2]O)O
insilico,4641,15165,Un15165,TRUE,,O=[CX3]N[CH1]1[CH2][CH2][CH2][CH2][CH2]1
insilico,4642,15170,Un15170,TRUE,,O=[CH0]([CH1]=[CH1][cH0]1:[cX3](:[cH1]:[cX3]:[cH1]:[cH1]1))O
insilico,4643,15171,Un15171,TRUE,,F[cH0]1:[cH1]:[cH1]:[cX3](:[cH0](:[cX3]):[cH1]1)
insilico,4644,15172,Un15172,TRUE,,O=[CH0]([CX4]N)N[CH1]([CH2][CH2][CH2]N=[CX3]N)[CX3](=O)
insilico,4645,15173,Un15173,TRUE,,[CH3]O[cH0]1:[#6]:[cH0](:[cH1]:[cH0](:[cH1]1)[CH0](=O)[#7])O[CH3]
insilico,4646,15174,Un15174,TRUE,,[CH3]O[cH0]1:[cH1]:[cH0](:[cH1]:[cH0](O):[cX3]1)[CX3](=O)
insilico,4647,15178,Un15178,TRUE,,[#8]=[CH0]([cH0]1:[cH1]:[cH1]:[cH0](:[cH1]:[cH1]1)Cl)[#6]
insilico,4648,15182,Un15182,TRUE,,Br[cH0]1:[cH1]:[#6]:[cH1]:[cH1]:[cH1]1
insilico,4649,15183,Un15183,TRUE,,O=[CH0](N[cH0]1:[cH1]:[cH1]:[cH1]:[cH1]:[cH1]1)[cX3]
insilico,4650,15191,Un15191,TRUE,,[CH2]=[CH1][CH2][#7]
insilico,4651,15193,Un15193,TRUE,,O=[CH0](O[CH2][cH0]1:[cH1]:[cH1]:[cH1]:[cH1]:[cH1]1)N[CX4]([CX3](=O))
insilico,4652,15194,Un15194,TRUE,,F[cH0](:[cH0](:[#6])[CH0](=O)[#8]):[#6]
insilico,4653,15198,Un15198,TRUE,,O=[N+]([cH0]1:[cH1]:[cH1]:[cH1]:[cH1]:[#6]1)[O-]
insilico,4654,15201,Un15201,TRUE,,[CH3][CH2][CH2][CH2][CH2][CH2][CH2][CH2][CH2][CH2][CH2][CH2][CH2][CH2][CX4]([CX4])
insilico,4655,15212,Un15212,TRUE,,[CH2]=[CH1][CH2][CH2][CH2][CH2][CH2][CH2][CX4]
insilico,4656,15213,Un15213,TRUE,,O=[CH0]([cH0]1:[cH1]:[cH1]:[cX3](:[cH1]:[cH1]1))[CH2][CX4]
insilico,4657,15214,Un15214,TRUE,,O[cH0]1:[cH1]:[cH0]([CX3]):[cH1]:[cH1]:[cH0]1O[CH3]
insilico,4658,15216,Un15216,TRUE,,N[cH0](:[cH0](:[#6])[CH0](=O)O[CH3]):[#6]
insilico,4659,15217,Un15217,TRUE,,[CH3]O[CH0](=O)[cH0]1:[cH1]:[cH1]:[cH1]:[#6]:[#6]1
insilico,4660,15218,Un15218,TRUE,,[CH3][cH0]1:[cX3]:[cH1]:[cH1]:[cH1]:[cH1]1
insilico,4661,15220,Un15220,TRUE,,[CH3]O[cH0]1:[cX3]:[cX3](:[cH1]:[cH0](:[cH1]1)[CX3])
insilico,4662,15228,Un15228,TRUE,,[CH3]O[cH0]1:[cH1]:[cH0]([CH1]=[CX3]):[cH1]:[cH1]:[cH0]1O
insilico,4663,15230,Un15230,TRUE,,[#8]=[CH0]([cH0](:[cH1]:[#6]):[cH1]:[#6])[#7]
insilico,4664,15238,Un15238,TRUE,,O=[CH0](O[#6])[CH2][CH2][CH2][CH2][CH2][CH2][CH2][CH2][CH2][CH2][CH2][CH2][CH2][#6]
insilico,4665,15240,Un15240,TRUE,,O=[CX3]N[cH0]1:n:[cX3](:[cH1]:s1)
insilico,4666,15241,Un15241,TRUE,,I[cH0](:[cH1]:[#6]):[cH1]:[#6]
insilico,4667,15251,Un15251,TRUE,,[cH1]1:[cH1]:[cH1]:[cH1]:[cH1]:[cH0]1[CH2][cX3]
insilico,4668,15252,Un15252,TRUE,,[CX4][CH2][CH2][CH2][CH1]=[CH1][CH2][CH1]=[CH1][CH2][CH1]=[CH1][CX4]
insilico,4669,15258,Un15258,TRUE,,[CH3]O[cH0]1:[cH1]:[cH0]([CX4]):[cH1]:[cH1]:[cH0]1O
insilico,4670,15260,Un15260,TRUE,,O=[CH0]([cH0]1:[cH1]:[cH1]:[cX3]:[cH1]:[cH1]1)O
insilico,4671,15261,Un15261,TRUE,,O=[CH0]([CH2][CH2][CH2][CH2][CH2][CH2][CH2][CH2][CH2][CX4])O
insilico,4672,15266,Un15266,TRUE,,[cH1]1:[cH1]:[cH1]:[cH1]:[cH0]2:[cH0]1:[cX3]:[cH1]:n2
insilico,4673,15267,Un15267,TRUE,,[cH1]1:[cH0]2:[cH0](:[cH0](:[cX3]:n2)[CX4]):[cX3](:[cH1]:[cX3]1)
insilico,4674,15268,Un15268,TRUE,,[CX4][CH2]N([CH2][CX4])[CH2][CX4]
insilico,4675,15269,Un15269,TRUE,,[CX4][CH1]1[CH2][CH2]N([CH2][CH2]1)[CX4]
insilico,4676,15272,Un15272,TRUE,,O=[CH0]([CX4][CH2][CX4])O
insilico,4677,15274,Un15274,TRUE,,O=[CH0]([CH2][CX4])[CX4]([CH3])([CH3])
insilico,4678,15286,Un15286,TRUE,,O=[CX3]([CH2]O[cH0]1:[cH1]:[cH1]:[cX3](:[cH1]:[cH1]1))
insilico,4679,15287,Un15287,TRUE,,O=[CH0]([cX3])O[CH2][CX3](=O)
insilico,4680,15293,Un15293,TRUE,,O=[CX3]([CH2]O[cH0]1:[cH1]:[cH1]:[cH1]:[cH1]:[cX3]1)
insilico,4681,15300,Un15300,TRUE,,[cH1]1:[cH1]:[cH0]([CH2]S[cX3]):[cH1]:[cH1]:[cX3]1
insilico,4682,15303,Un15303,TRUE,,Br[cH0]1:[cX3](:[cH1]:[cH1]:[cH1]:[cH1]1)
insilico,4683,15307,Un15307,TRUE,,[CH3]O[cH0]1:[cH1]:[cH0]2:[cH0](:n:[cX3](:[cH0]2[CX4])):[cH1]:[cH1]1
insilico,4684,15311,Un15311,TRUE,,[cH1]1:[cH1]:n:[cH0]2:[cH0](:[cX3]:[cH1]:[cX3](:[cH1]2)):[cX3]1
insilico,4685,15314,Un15314,TRUE,,O=[CH0]([CX4]N)O[CH2][CH3]
insilico,4686,15321,Un15321,TRUE,,[CH3]O[cH0]1:[cH0](:[cH0](:[cH1]:[cH0]([CX3]):[cX3]1)O[CH3])O[CH3]
insilico,4687,15327,Un15327,TRUE,,O=[CX3]([CH2][CH3])
insilico,4688,15332,Un15332,TRUE,,O=[CH0]([CH1]([CH2][cH0]1:[cH1]:[cH1]:[cH1]:[cH1]:[cH1]1)N[CH0](=O)[CX4]N)O
insilico,4689,15336,Un15336,TRUE,,[CH3]O[CH0](=[#8])[CH2][CH2][#6]
insilico,4690,15337,Un15337,TRUE,,[CH3][CH2]n
insilico,4691,15339,Un15339,TRUE,,[CH3][CH2][CH2][CH2][CH2][CH1]=[CH1][CH2][CH1]=[CH1][CH2][CH2][CH2][CH2][CH2][CH2][CH2][CH2][#6]
insilico,4692,15342,Un15342,TRUE,,[#6][N+]([#6])([CH3])[#6]
insilico,4693,15343,Un15343,TRUE,,O[CH2][CH2][CH2][CH2][CH2][#6]
insilico,4694,15344,Un15344,TRUE,,[CX4]N([CH2][cH0]1:[cH1]:[cH1]:[cH1]:[cH1]:[cH1]1)
insilico,4695,15352,Un15352,TRUE,,[CH3]O[cH0]1:[cH1]:[cX3](:[cX3](:[cH1]:[cH0]1[CX3](=O)))
insilico,4696,15353,Un15353,TRUE,,O=[CX3][cH0]1:[cX3](:[cH1]:[cH1]:[cH1]:[cH0]1O[CH3])
insilico,4697,15365,Un15365,TRUE,,[#8]=[CH0]([CH1]([#7])[CH2][CH2][#6])O
insilico,4698,15368,Un15368,TRUE,,O=[CH0]([CH1]([CH2][cH0]1:[cH1]:[cH1]:[#6](:[cH1]:[cH1]1))N)O
insilico,4699,15369,Un15369,TRUE,,[CH3][CH2][CH2][cX3]
insilico,4700,15379,Un15379,TRUE,,[CH3]n
insilico,4701,15384,Un15384,TRUE,,O=[CX3]([CX4][CH2][CH2][CX4])
insilico,4702,15385,Un15385,TRUE,,[CH3]O[cH0]1:[cH0](:[cH1]:[#6]:[#6]:[cH0]1[#8])O[CH3]
insilico,4703,15386,Un15386,TRUE,,O=[CX3]([CH1]([CH2][CH2][CX4])N)
insilico,4704,15390,Un15390,TRUE,,N#[CX2]
insilico,4705,15401,Un15401,TRUE,,[CH3]O[cH0]1:[cX3](:[cH1]:[cH0]([CX3]):[cH1]:[cX3]1)
insilico,4706,15402,Un15402,TRUE,,[CH3]O[cH0]1:[cX3](:[cH1]:[cH0]([CX3]=O):[cH1]:[cX3]1)
insilico,4707,15403,Un15403,TRUE,,O=[CH0](N[CX4][CX3])[CH1]([CH2][CH2][CH0](=O)N)N
insilico,4708,15406,Un15406,TRUE,,Cl[cH0]1:[cH1]:[cX3](:[cH0](O):[cH1]:[cH1]1)
insilico,4709,15409,Un15409,TRUE,,[#8]=[CH0]([CH2][CH2][#6])O
insilico,4710,15410,Un15410,TRUE,,F[CH0]([cH0]1:[cX3](:[cX3](:[cH1]:[cX3](:[cH1]1))))(F)F
insilico,4711,15414,Un15414,TRUE,,[#6][cH0]1:n:[cH0]2:[cH0](:s1):[cH1]:[cH1]:[cX3](:[cH1]2)
insilico,4712,15417,Un15417,TRUE,,N[cH0]1:[cH1]:[cH0](:[cH1]:[cH1]:[cH1]1)O[CX4]
insilico,4713,15425,Un15425,TRUE,,[CH3][CH2][CH2][CH2][CH2][CH2][CH2][CH2][CH1]=[CH1][CH2][CH2][CH2][CH2][CH2][CH2][CH2][CX4]
insilico,4714,15429,Un15429,TRUE,,O=[CX3][CX3][CH0]#N
insilico,4715,15440,Un15440,TRUE,,O=[CH0]([CX4][CX4])N[CH1]([CX3](=O))[CH2][cH0]1:[cH1]:n:[cH0]2:[cH1]:[cH1]:[cH1]:[cH1]:[cH0]21
insilico,4716,15444,Un15444,TRUE,,[#6][CH2]N([CH2][#6])[cH0](:[#7]):[#7]
insilico,4717,15450,Un15450,TRUE,,[cH1]1:[cX3]:[cX3](:[cH1]:[cH0]2:[cH0]1:[cH1]:[cH1]:[cH1]:[cH1]2)
insilico,4718,15452,Un15452,TRUE,,[CX4]N1[CH2][CH2]N([CH2][CH2]1)[CH2][CX4]
insilico,4719,15453,Un15453,TRUE,,[CH3]O[cH0](:[cH1]:[cH1]:[#6]):[#6]
insilico,4720,15457,Un15457,TRUE,,[cH1]1:[cH0](P):[cH1]:[cX3](:[cH1]:[cX3]1)
insilico,4721,15459,Un15459,TRUE,,[cH1]1:[cH1]:[cH0]([CH2][CH2]N):[cH1]:[cH1]:[cX3]1
insilico,4722,15460,Un15460,TRUE,,O=[CX3](N[CH2][CH2][cH0]1:[cH1]:[cH1]:[cX3](:[cX3]:[cH1]1))
insilico,4723,15470,Un15470,TRUE,,O=[CX3]([CX4][CH2][CH2][CH2]N)
insilico,4724,15478,Un15478,TRUE,,[cH1]1:[cH1]:[cH1]:[cH1]:[cH1]:[cH0]1[CH2]N[cX3]
insilico,4725,15479,Un15479,TRUE,,[CH3][CX4][CH2][CH3]
insilico,4726,15488,Un15488,TRUE,,O[CH1]1[CH1]([CH1]([CH1](O[cH0]2:[cX3](:[cX3]:[cH1]:[cX3](:[cH1]2)))O[CH1]1[CH2]O)O)O
insilico,4727,15497,Un15497,TRUE,,O=[CX3][CH1]([cH0]1:[cH1]:[cH1]:[cH1]:[cH1]:[cH1]1)N
insilico,4728,15498,Un15498,TRUE,,[CH3][cH0](:[cH0](:[#6])Br):[#6]
insilico,4729,15501,Un15501,TRUE,,[CH3]S[CH2][CH2][CX4]([CH0](=O)N[CX4][CX3](=O))
insilico,4730,15504,Un15504,TRUE,,[CH3]O[cH0]1:[cH1]:[cH0]([CH1]=[CH1][CX3]=O):[cH1]:[cX3](:[cX3]1)
insilico,4731,15505,Un15505,TRUE,,O=[N+]([cH0](:[cH1]:[cH1]:[#6]):[#6])[#8-]
insilico,4732,15518,Un15518,TRUE,,N[CH0](=N[CH2][CH2][CH2][CH1]([#6])N[CH0](=[#8])[#6])N
insilico,4733,15522,Un15522,TRUE,,n1:[cH0]2:[cH1]:[cH1]:[cH1]:[cH1]:[cH0]2:n:[cX3]:[cX3]1
insilico,4734,15523,Un15523,TRUE,,O=[CX3]([CX4]([CH2][CH2][CH2][CH2][CH2][CH2][CH2][CH2][CH2][CX4]))
insilico,4735,15532,Un15532,TRUE,,[CX4][CH2][CH2][CH2][CH2][CH2][cX3]
insilico,4736,15552,Un15552,TRUE,,F[CH0]([cH0](:[#6]):[#6])(F)F
insilico,4737,15553,Un15553,TRUE,,[CH3]O[cH0]1:[cH1]:[cH0]([CX3]):[cH1]:[cH0](:[cX3]1)O[CH3]
insilico,4738,15556,Un15556,TRUE,,[CX4][CH2][CH2][CX4][CH2][CH2][CX4]
insilico,4739,15569,Un15569,TRUE,,[CH3]O[cH0]1:[#6]:[#6]:[cH1]:[cH1]:[cH0]1O[#6]
insilico,4740,15570,Un15570,TRUE,,[CH3]O[cH0]1:[cH1]:[cH1]:[cH1]:[cX3](:[cH0]1O)
insilico,4741,15573,Un15573,TRUE,,[CH3]O[cH0](:[cH1]:[cH0]([CH2][#7]):[#6]):[#6]
insilico,4742,15574,Un15574,TRUE,,O=[CH0](N[cH0]1:[cH1]:[cH1]:[cX3]:[cH1]:[cH1]1)[cH0]1:[cH1]:[cX3](:[cX3](:[cH1]:[cH1]1))
insilico,4743,15578,Un15578,TRUE,,[CH3]O[cH0]1:[cH1]:[cX3](:[cH1]:[cX3](:[cH1]1))
insilico,4744,15580,Un15580,TRUE,,[#17][cH0]1:[cH1]:[cH1]:[#6]:[#6]:[cH0]1[CH2][#7]
insilico,4745,15582,Un15582,TRUE,,n1:[cX3](:[cX3]:s:[cH0]1[cH0]1:[cX3](:[cH1]:[cX3](:[cH1]:[cH1]1)))
insilico,4746,15583,Un15583,TRUE,,[CH3][cH0]1:n:[cX3]:s:[cX3]1
insilico,4747,15589,Un15589,TRUE,,N[CX4]([CX4]([CH2][CH2][CH2][CH2][CH2][CH2][CH2][CH2][CH2][CX4]))
insilico,4748,15590,Un15590,TRUE,,O=[CH0]([CH2][CX4])NO
insilico,4749,15598,Un15598,TRUE,,[CH3][CX4][cH0]1:[cH1]:[cH1]:[cH1]:[cH1]:[cH1]1
insilico,4750,15601,Un15601,TRUE,,O=[CH0]([CX4][CH2][CH2][CX4])O
insilico,4751,15603,Un15603,TRUE,,[CH3][cH0]1:[cH1]:[cX3](:[cH0](:[cH1]:[cH1]1)S(=O)(=O)N)
insilico,4752,15606,Un15606,TRUE,,N[CH2][CH2][CH2][CH1]([#7])[CH0](=[#8])[#8]
insilico,4753,15628,Un15628,TRUE,,[#6][CH2][CH2][CH2][CH2][CH2][CH2][CH2][CH2][CH1]=[CH1][CH2][CH2][#6]
insilico,4754,15640,Un15640,TRUE,,O=[CH0](N)[cH0]1:[cH1]:[cX3](:[cH0](:[cH1]:[cH1]1)O[CH3])
insilico,4755,15658,Un15658,TRUE,,[#8]=[CH0]([CH2][CH2][CH2][CH2][CH2][CH2][CH2][CH2][CH2][#6])[#7]
insilico,4756,15659,Un15659,TRUE,,O=[CH0]([CH2][CH2][CH2][CH2][CH2][CH2][CH2][CH2][CH2][CH2][CH2][CH2][CX4])N
insilico,4757,15661,Un15661,TRUE,,[CH3]O[cH0]1:[cH0](:[cX3](:[cH1]:[cH0]([CX3]):[cX3]1))O[CH3]
insilico,4758,15662,Un15662,TRUE,,[CH3]O[cH0]1:[cH1]:[cH0]([#7]):[cX3](:[cH1]:[cH0]1O[CH3])
insilico,4759,15663,Un15663,TRUE,,[CX4][CH1]=[CH1][CH2][CH1]=[CH1][CH2][CH1]=[CH1][CH2][CH1]=[CH1][CX4]
insilico,4760,15667,Un15667,TRUE,,O=[CH0]([CX4])N[CH1]([CH2][CH2][CX3])[CX3](=O)
insilico,4761,15671,Un15671,TRUE,,O=S(N([CH2][CX4])[CH2][CX4])(=O)[cH0]1:[cH1]:[cH1]:[cX3](:[cH1]:[cH1]1)
insilico,4762,15672,Un15672,TRUE,,F[cH0]1:[#6](:[#6]:[cH0]([#16]):[cH1]:[cH1]1)
insilico,4763,15678,Un15678,TRUE,,[CH3][cH0]1:[cH1]:[cX3](:[cH0](:[cH1]:[cH1]1)[cX3])
insilico,4764,15683,Un15683,TRUE,,[#17][cH0]1:[cH1]:[cH0](:[cX3](:[cH1]:[cH1]1))[#7]
insilico,4765,15691,Un15691,TRUE,,O=[CH0]([CX4])N[CH1]([CH2][CH2]S[CH3])[CX3](=O)
insilico,4766,15702,Un15702,TRUE,,N[cH0]1:[cH1]:[cH1]:[cH0](:[cH1]:[cH0]1[#6])Cl
insilico,4767,15713,Un15713,TRUE,,O[cH0]1:[cX3](:[cH1]:[cH0]([CX3]):[cH1]:[cH0]1O)
insilico,4768,15715,Un15715,TRUE,,Cl[cH0](:[#7]):[cH1]:[#6]
insilico,4769,15731,Un15731,TRUE,,[#8]=[CH0]([CH1]([CH2][cH0](:[#6]):[#6])N)[#8]
insilico,4770,15742,Un15742,TRUE,,[CH3][CH1]([CX4][CH0](=O)O)[CH2][CH3]
insilico,4771,15748,Un15748,TRUE,,N[CH2][CH2]O[cH0]1:[cH1]:[cH1]:[cX3]:[cH1]:[cH1]1
insilico,4772,15756,Un15756,TRUE,,O=[CH0]([CH2]S[cH0](:[#7]):[#7])N
insilico,4773,15757,Un15757,TRUE,,[#6][CH0]12[CH2][CH2][CH0](=O)[#6]=[CH0]1[#6][CH2][CH1]([CH1]2[#6])[#6]
insilico,4774,15781,Un15781,TRUE,,[cH1]1:[cH1]:[cX3](:[cH1]:[cH1]:[cH0]1O[CH2][CH2][CX4])
insilico,4775,15789,Un15789,TRUE,,[CH3]O[cH0]1:[cH0](:[cH1]:[cX3](:[cX3](:[cH1]1)))[#8]
insilico,4776,15790,Un15790,TRUE,,O=[CH0](N([#6])[CH2][#6])[CH3]
insilico,4777,15796,Un15796,TRUE,,F[cH0]1:[#6]:[#6]:[cH1]:[cH1]:[cH1]1
insilico,4778,15797,Un15797,TRUE,,[CX4][CH1]=[CH1][CH2][CX4]([CX4]([CH2][CH2][CX4]([CH2][CX4])))
insilico,4779,15810,Un15810,TRUE,,[CH3]S
insilico,4780,15817,Un15817,TRUE,,O=[CH0]([CX4][CH2][CH2][CX3])O
insilico,4781,15818,Un15818,TRUE,,[CH2]1[CH2][CH2][#6]:[#6]1
insilico,4782,15825,Un15825,TRUE,,[CH3][CH2]N([cH0]1:[cH1]:[cH1]:[cX3](:[cH1]:[cH1]1))
insilico,4783,15832,Un15832,TRUE,,[#6][CH1]=[CH1][CH2][CH1]=[CH1][CH2][CH2][CH2][CH2][CH2][CH2][CH2][CH2][#6]
insilico,4784,15833,Un15833,TRUE,,[#6][CH2][CH1]=[CH1][CH2][CH2][CH2][CH2][#6]
insilico,4785,15840,Un15840,TRUE,,[CH3][CH0]1([#6])[CH0](=[CH1][#6])[#6][#6][CH1]([CH1]1[#6])[#6]
insilico,4786,15842,Un15842,TRUE,,[cH1]1:[cH1]:[cH1]:[cH1]:[cH0](:[cX3]1)O[CH2][CX4]
insilico,4787,15847,Un15847,TRUE,,[CH3][CX4]1(O[cX3](:[cX3][CH2][CH2]1))
insilico,4788,15852,Un15852,TRUE,,F[cH0]1:[cX3]:[cX3](:[cX3](:[cH1]:[cH1]1))
insilico,4789,15887,Un15887,TRUE,,[CH3][CH0]12[CH1]([CH2][CH2][CH1]1[#6])[CH1]([CH1]([CH2][CH2]2)[#6])[CH2][#6]
insilico,4790,15900,Un15900,TRUE,,[CH3][CH2]O[CX3]([CX4][CH2][CX4])
insilico,4791,15908,Un15908,TRUE,,[CH3][CX4]([CX4]([CX4]([CX4]O)))
insilico,4792,15923,Un15923,TRUE,,O=[CX3]([CX4]([CH2][CH2][CH2][CX3]))
insilico,4793,15932,Un15932,TRUE,,O=[CX3][CX3]O[CH3]
insilico,4794,15969,Un15969,TRUE,,n1:[cH1]:[cX3]:n:[cH1]:[cX3]1
insilico,4795,15972,Un15972,TRUE,,O=[CH0]([#7])[CH2][#6]
insilico,4796,15975,Un15975,TRUE,,O=[CX3]([CH2][CH2][CX4])
insilico,4797,15977,Un15977,TRUE,,O=[CH0]([CH2][CH2][CH2][CH2][CH2][CX4])N
insilico,4798,15978,Un15978,TRUE,,O=[CH0]([CH2][CX4][CX3](=O))O
insilico,4799,15979,Un15979,TRUE,,[#8]=[CH0]([CH1]([CH2][cH0]1:[cH0]2:[cH0](:[cH1]:[cH1]:[#6](:[#6]2)):[#7]:[cH1]1)[#7])[#8]
insilico,4800,16004,Un16004,TRUE,,[CH3][CX4]([CH3])[CH3]
insilico,4801,16008,Un16008,TRUE,,[CH3]O[cH0]1:[cH1]:[cH0]([CX3]):[cX3](:[cH1]:[cH0]1O[CH3])
insilico,4802,16011,Un16011,TRUE,,[CH3][CH0]1([#6]([#6]1))[CH3]
insilico,4803,16012,Un16012,TRUE,,[CH3]O[cH0]1:[cH1]:[cH1]:[cH0](:[cH1]:[cH1]1)[cH0](:[#6]):o:[#6]
insilico,4804,16013,Un16013,TRUE,,O=[CX3][CX4][CH2][cH0]1:[cH1]:[cX3](:[cH0](:[cH1]:[cH1]1)O)
insilico,4805,16033,Un16033,TRUE,,O=[CH0]([CH1]=[CH1][cX3])[cX3]
insilico,4806,16034,Un16034,TRUE,,[#8][cH0]1:[cH1]:[cH1]:[cH0](:[cH1]:[cH0]1[#6])[#17]
insilico,4807,16035,Un16035,TRUE,,Cl[cH0]1:n:[cX3](:[cH1]:[cX3]:[cX3]1)
insilico,4808,16037,Un16037,TRUE,,O[cH0]1:[cH1]:[#6]:[cH0]([CH2][CH1]([#7])[#6]):[cH1]:[cH1]1
insilico,4809,16063,Un16063,TRUE,,[CH3][CX4]([CH0](=O)[CX4])
insilico,4810,16074,Un16074,TRUE,,N[cH0](:[cH0](:[cH1]:[#6])Br):[#6]
insilico,4811,16105,Un16105,TRUE,,[CH3][CH0]([#6])([CH3])[cH0]1:[cH1]:[#6](:[cH0](:[cH1]:[cH1]1)[#6])
insilico,4812,16106,Un16106,TRUE,,O=[CH0]([CH2][CH2][CX4])O[CX4]
insilico,4813,16107,Un16107,TRUE,,[#6][CH2][CH2][CH2][CH2][CH0](=[#8])O[CH1]([#6])[#6]
insilico,4814,16108,Un16108,TRUE,,O=[CH0](O[CH1]([CX4])[CX4])[CH2][CX4]
insilico,4815,16123,Un16123,TRUE,,[CH3][cH0](:[cH0](:[cH1]:[#6])[#16]):[#6]
insilico,4816,16124,Un16124,TRUE,,Cl[cH0]1:[cH1]:[cX3](:[cH0](N[CX4]):[cH1]:[cH1]1)
insilico,4817,16127,Un16127,TRUE,,[CH3]N([CH2][CH2]O)[CH3]
insilico,4818,16128,Un16128,TRUE,,[#9][cH0]1:[cH1]:[cX3]:[cX3](:[cH1]:[cX3]1)
insilico,4819,16136,Un16136,TRUE,,[CH3]O[cH0]1:[cX3](:[cH1]:[cH0]([CH1]=[CX3]):[cH1]:[cX3]1)
insilico,4820,16149,Un16149,TRUE,,[cH1]1:[cH1]:[cH0]([CX3]):[cH1]:[cH1]:[cH0]1[cX3]
insilico,4821,16161,Un16161,TRUE,,[CX3]=[CH1][CH2][CH1]=[CH1][CH2][CH2][CH2][CH2][CH2][CH2][CH2][CH2][CH2][CH2][CH2][CX3]
insilico,4822,16171,Un16171,TRUE,,O=[CH0]([CH1]([CH2][#6])N[CH0](=O)[CH1]([#6])N)O
insilico,4823,16177,Un16177,TRUE,,O=[CH0]([#6])N[CH1]([#6])[CH2][#6]
insilico,4824,16178,Un16178,TRUE,,[#6]=[CH1][CH2][CH1]=[CH1][CH2][CH1]=[CH1][CH2][CH2][CH2][CH2][CH2][CH2][CH2][#6]
insilico,4825,16180,Un16180,TRUE,,O=[CH0]1[CH1]=[#6][#6]([CH2][CH2]1)
insilico,4826,16181,Un16181,TRUE,,[cH1]1:[cH1]:[cH1]:[cH1]:[cH1]:[cH0]1[CH2]N[CX3]
insilico,4827,16187,Un16187,TRUE,,O=[CX3]([CH2][CH2][CH2][CH2][CH2][CH2][CX4]([CX4]))
insilico,4828,16190,Un16190,TRUE,,O=[CH0]([CX4]1[CH2][CH2]N[CH2][CH2]1)N
insilico,4829,16222,Un16222,TRUE,,[CH2]([CX4])[CX4][CH2][CH2][CH2][CH2][CH2][CX4]
insilico,4830,16226,Un16226,TRUE,,[CX4][CH2][CH2][CH2][CH2][CH2][CH2][CX4]([CX4]([CH1]=[CX3]))
insilico,4831,16230,Un16230,TRUE,,O=[CH0](O)[CH1]=[CX3]([CH3])
insilico,4832,16233,Un16233,TRUE,,[CH2]([#6])[CH1]=[CH1][CH2][CH1]=[CH1][CH2][CH2][CH2][CH2][CH2][#6]
insilico,4833,16236,Un16236,TRUE,,n1:[cH0](:[cX3](:[cX3]:n:[cH1]1))N[CH2][CX4]
insilico,4834,16257,Un16257,TRUE,,[CH3]O[cH0](:[cH0](:[cH1]:[#6])N):[#6]
insilico,4835,16265,Un16265,TRUE,,O=[CX3]([cH0]1:[cH1]:[cH0](:[cX3]:[cX3](:[cH1]1))O[CH3])
insilico,4836,16266,Un16266,TRUE,,[CH3]O[cH0]1:[cH1]:[cH0](:[cH1]:[cX3]:[cH0]1O)[CX3](=O)
insilico,4837,16277,Un16277,TRUE,,O=[CH0](N)[CH2][CH2][CX3](=O)
insilico,4838,16299,Un16299,TRUE,,[CX3]=[CH1][CH2][CH2][CH2][CH2][CH2][CX4]([CX4])
insilico,4839,16300,Un16300,TRUE,,O[CH1]1[CH1]([CH1]([CH1]([CH2]O)O[CH1]1O[CX4])O)O
insilico,4840,16302,Un16302,TRUE,,[#8]=[CH0]([cH0](:[#6]):[cH1]:[#6])N[CH1]([#6])[CH0](=[#8])O
insilico,4841,16308,Un16308,TRUE,,O=S(=O)[cH0]1:[cH1]:[cX3](:[cX3](:[cH1]:[cH1]1))
insilico,4842,16310,Un16310,TRUE,,O=[CX3]([cH0]1:[cX3](:[cH1]:[cX3](:[cH0](n):[cH1]1)))
insilico,4843,16319,Un16319,TRUE,,[cH1]1:[cH1]:[cX3]:[cH1]:[cH1]:[cH0]1O[CH2][cX3]
insilico,4844,16323,Un16323,TRUE,,[#6][CH2]N([CH2][CH2][#7])[CH2][CH3]
insilico,4845,16333,Un16333,TRUE,,[#8]=[CH0](O[CH2][CH2][#6])[CH2][#6]
insilico,4846,16343,Un16343,TRUE,,O=[CX3]([CH1]([CH2][CH2][CX4])N[CH0](=O)[CX4]([CX4]))
insilico,4847,16350,Un16350,TRUE,,O=[CH0]([CH2][CH2][CH2][#6])O
insilico,4848,16353,Un16353,TRUE,,[CH3]O[cH0](:[cH1]:[cH0](:[#6]):o:[#6]):[#6]
insilico,4849,16365,Un16365,TRUE,,[CH3][CX4]([CX4])[CX4]O
insilico,4850,16369,Un16369,TRUE,,O=[CH0]([CX4]([CH2][CX4])N)O
insilico,4851,16372,Un16372,TRUE,,Br[cH0]1:[cH1]:[cH0](:[cX3](:[cH1]:[cH1]1))[CX4]
insilico,4852,16388,Un16388,TRUE,,[#7][CH1]([CH2][CH2][#6])[#6]
insilico,4853,16410,Un16410,TRUE,,O=[CH0]([CX4]([CX4]))N[CH2][CX4]
insilico,4854,16411,Un16411,TRUE,,O=[CH0](N[CH2][CH2][CH2][#6])[#6]
insilico,4855,16421,Un16421,TRUE,,[CH3][CH2]N[CH0](=O)[CX4]
insilico,4856,16422,Un16422,TRUE,,O[cH0]1:[cH1]:[cH0](:[cH1]:[cH0](:[#6]1)[CH2][#6])[#8]
insilico,4857,16423,Un16423,TRUE,,O=[CH0]([#7])[CH2][CH2][cH0](:[#6]):[#6]
insilico,4858,16424,Un16424,TRUE,,[CH3][CH2][CH2][CH2][CX4][CX3]
insilico,4859,16428,Un16428,TRUE,,[#7][cH0]1:[cH1]:[cH1]:[cH0](:[cH1]:[cH1]1)N
insilico,4860,16434,Un16434,TRUE,,[cH1]1:[cH1]:[cX3](:[cH1]:[cH1]:[cH0]1N[cH0]1:[cX3](:[cH1]:[cX3](:[cH1]:[cH1]1)))
insilico,4861,16447,Un16447,TRUE,,O=P
insilico,4862,16458,Un16458,TRUE,,[CH3][CX4][CX4]([CH2][CX4])O
insilico,4863,16471,Un16471,TRUE,,[cH1]1:[cH1]:[cH0](:[cH1]:[cH1]:[cX3]1)N=[CX3]
insilico,4864,16472,Un16472,TRUE,,O=[CX3][CH2][CH2][CH2][CX4]
insilico,4865,16490,Un16490,TRUE,,O=[CH0]([CH2][CH2][CH2][CH2][CH2][CH2][CH2][CH2][CH2][CX4])N[CH2][CX4]
insilico,4866,16495,Un16495,TRUE,,[CH3][CH2][CH2][CX4]([CX3](=O))
insilico,4867,16498,Un16498,TRUE,,N[CX4]([CH2][cH0]1:[cH1]:n:[cH0]2:[cH0]1:[cH1]:[cH1]:[cX3](:[cH1]2))
insilico,4868,16515,Un16515,TRUE,,[CX4][cH0]1:[cH1]:[cH1]:[cH1]:o1
insilico,4869,16517,Un16517,TRUE,,[#8][cH0]1:[cH1]:[cH1]:[cH0](:[cH1]:[#6]1)[CH2][CH1]([CH0](=[#8])[#8])N
insilico,4870,16518,Un16518,TRUE,,O=[CH0]([CX4]([CH2][cH0]1:[cH1]:[cH1]:[cH0](O):[cH1]:[cH1]1))O
insilico,4871,16523,Un16523,TRUE,,[CH3]O[cH0]1:[cH1]:[cH0](:[cH1]:[cH0](:[#6]1)O[CH3])[#6]
insilico,4872,16543,Un16543,TRUE,,O[cH0]1:[cH1]:[cH0](O):[cH1]:[cH1]:[cH0]1[CX3](=O)
insilico,4873,16562,Un16562,TRUE,,[CH3][CH0]([CH2][CX4])=[CH1][CH2]O
insilico,4874,16569,Un16569,TRUE,,O=[CX3]([CX4]([CX4]([cH0]1:[cH1]:[cH1]:[cX3]:[cH1]:[cH1]1)))
insilico,4875,16586,Un16586,TRUE,,N[CH2][cH0]1:[cH1]:[cH1]:[cH1]:[cX3](:[cH1]1)
insilico,4876,16587,Un16587,TRUE,,[CH3]N([cH0]1:[cX3](:[cX3](:[cX3](:[cX3](:[cX3]1)))))[CX3](=O)
insilico,4877,16591,Un16591,TRUE,,[CH2]1[CH2][CX4]1([cX3])
insilico,4878,16595,Un16595,TRUE,,[CH3]O[cH0](:[#6]):[cH1]:[cH0](:[#6])N
insilico,4879,16602,Un16602,TRUE,,O=[N+]([cH0]1:[cH1]:[cX3](:[cH0](N[CX4]):[cH1]:[cH1]1))
insilico,4880,16604,Un16604,TRUE,,F[cH0]1:[cX3](:[cX3]:[cH0](:[cX3](:[cX3]1))F)
insilico,4881,16610,Un16610,TRUE,,[CH3]O[cH0]1:[cH0]([#6]):[cH0](:[cH1]:[#6](:[cH1]1))[#8]
insilico,4882,16614,Un16614,TRUE,,O[cH0]1:[cH1]:[cX3](:[cH0]([#6]):[cX3](:[cH1]1))
insilico,4883,16628,Un16628,TRUE,,O=[CX3][cH0]1:[cH1]:[cH1]:[cH0](:[cH1]:[cH1]1)N[CX4]
insilico,4884,16635,Un16635,TRUE,,O=[CH0]([#6])N[CH2][cH0](:[#6]):[cH1]:[cH1]:[#6]
insilico,4885,16653,Un16653,TRUE,,O=[CH0]([CH2][CX4])N([CH2][CX4])[CH2][CX4]
insilico,4886,16659,Un16659,TRUE,,[CH3]O[cH0]1:[cH1]:[cH0]([CX4]([CX4][CX4])):[cH1]:[cH1]:[cX3]1
insilico,4887,16708,Un16708,TRUE,,N[CH2][CH2][CH2][#7]
insilico,4888,16733,Un16733,TRUE,,[CH3][CH2][CH2][CH2][CH2][CH2][CH2][CH2][CH2][CH2][#6]
insilico,4889,16768,Un16768,TRUE,,[CH2]1[CX4][CH2][CH1]([CH2][CX4]1)[CX4]
insilico,4890,16786,Un16786,TRUE,,[CH3][CH2][CH2][CX4]([CX4]O)
insilico,4891,16794,Un16794,TRUE,,[#8]=[CH0]([CH2][CH2][CH2][#6])N[CH1]([#6])[CH0]([#8])=[#8]
insilico,4892,16795,Un16795,TRUE,,O=[CH0]([#6])O[CH2][cH0]1:[cH1]:[cH1]:[#6](:[cH1]:[cH1]1)
insilico,4893,16809,Un16809,TRUE,,[#8][cH0]1:[cH1]:[cH1]:[cH0](:[cH1]:[#6]1)[CH2][#6]
insilico,4894,16814,Un16814,TRUE,,O[CH1]([CX4])[CX4]([CX4]O)
insilico,4895,16822,Un16822,TRUE,,N[CH1]([CH2][CX3](=O))[CH0](=O)O
insilico,4896,16825,Un16825,TRUE,,O=[CH0]([CH1]([CH2][CH2][CH2][CH2][#7])[#7])[#7]
insilico,4897,16828,Un16828,TRUE,,O=[CX3][CH1](N)[CX4]([CH2][CH0](=O)N)
insilico,4898,16952,Un16952,TRUE,,[CH3][cH0](:[cH0](:[#6])[CH2][#6]):[#6]
insilico,4899,16958,Un16958,TRUE,,[cH1]1:[cX3](:[cH1]:[cH0]2:[cH0](:[cX3]1):n:[cH1]:[cH0]2[CX4])
insilico,4900,16965,Un16965,TRUE,,O[cH0]1:[cH0](:[cH0](:[cH1]:[cH0]([CX4]):[cX3]1)O)[CX4]
insilico,4901,16973,Un16973,TRUE,,O[cH0]1:[cX3](:[cH1]:[cX3](:[cH1]:[cH0]1[CH2]O))
insilico,4902,16980,Un16980,TRUE,,[CH3][CH2][CH2][CH2][CH2][#6]
insilico,4903,16981,Un16981,TRUE,,O=[CH0]([CH2][CH2][CH1]=[CH1][CH2][CX3])O
insilico,4904,16995,Un16995,TRUE,,O=[CH0]([CH2][CX4]([CX4]([CX4])))O
insilico,4905,17004,Un17004,TRUE,,O=[CH0](O[CX4])[CX4][CH3]
insilico,4906,17024,Un17024,TRUE,,[CX3]=[CH1][CH2][CH1]=[CH1][CH2][CH1]=[CH1][CH2][CH1]=[CH1][CH2][CH2][CH2][CH2][CX4]
insilico,4907,17035,Un17035,TRUE,,[cH1]1:n:[cX3]:n:[cH0]1[CX4]
insilico,4908,17044,Un17044,TRUE,,O=[CH0](O[#6])[CH2][#6]
insilico,4909,17063,Un17063,TRUE,,[CX4][CH2][CH2][CX4]([CX4]([CH2][CH2][CX4]))
insilico,4910,17074,Un17074,TRUE,,[CH3]O[cH0]1:[cH1]:[cH0](:[cH1]:[cX3]:[cX3]1)[CH0](=O)N
insilico,4911,17111,Un17111,TRUE,,O=[CX3]([CH2][CX4](N))
insilico,4912,17138,Un17138,TRUE,,O[cH0]1:[cH1]:[#6]:[#6](:[cH1]:[cH0]1O[#6])
insilico,4913,17145,Un17145,TRUE,,[CH3][CH0]([CH3])([CH3])O[CX3]N
insilico,4914,17152,Un17152,TRUE,,[CX4][CH2]N1[CH2][CH2][CH2][CH2][CX4]1
insilico,4915,17157,Un17157,TRUE,,[#6][CH0]([#6])([CH0](=O)[#8])N
insilico,4916,17164,Un17164,TRUE,,[#6][CH2][CH2][CH2][CH2][CH2][CH2][CH2][#6]
insilico,4917,17178,Un17178,TRUE,,N[CH2][CH2][CH2][CH2][CH1]([CH0](=[#8])[#8])N[#6]
insilico,4918,17192,Un17192,TRUE,,O=[CH0](O)[CH1]([CX4])N
insilico,4919,17205,Un17205,TRUE,,N1[CX4]([CX4](S[CX4]1))
insilico,4920,17224,Un17224,TRUE,,[CH2]([CX4])[CX4]([CH1]=[CH1][CH2][CH1]=[CH1][CX4])
insilico,4921,17229,Un17229,TRUE,,[CX3][CH2][CH1]=[CH1][CH2][CX4]([CX4]([CH2][CX4]([CH2][CX4])))
insilico,4922,17233,Un17233,TRUE,,O[cH0]1:[cX3](:[cH0](:[cX3](:[cX3]:[cH0]1[#6]))[#6])
insilico,4923,17239,Un17239,TRUE,,O=[CX3](N[CH2][CH2][cH0]1:[cX3]:n:[cH0]2:[cH0]1:[cH1]:[cX3](:[cH1]:[cH1]2))
insilico,4924,17255,Un17255,TRUE,,O=[CH0]([CH1]=[CH1][cH0]1:[cH1]:[cH0](O):[cX3](:[cX3](:[cH1]1)))O
insilico,4925,17257,Un17257,TRUE,,O[CH2][CX4](N[CX3]([CH2][CH2][CH2][CH2][CH2][CH2][CX4]))
insilico,4926,17269,Un17269,TRUE,,[#6][CH2][CH1]([CH1]([#6])[CH0](=O)[#8])[#8]
insilico,4927,17273,Un17273,TRUE,,O=[CH0]([CX4]([CH2][cH0]1:[cH1]:[cH0](:[cX3](:[cH1]:[cH1]1))O))O
insilico,4928,17279,Un17279,TRUE,,O[cH0]1:[cX3]:[cH1]:[cH0](:[cX3](:[cX3]1))[CH1]=O
insilico,4929,17281,Un17281,TRUE,,O[cH0]1:[cX3]:[cH0](:[cH1]:[cX3](:[cH1]1))O
insilico,4930,17285,Un17285,TRUE,,O[CH0]([#6])([CH1]([#6])[CH2][CH2][#6])[#6]
insilico,4931,17301,Un17301,TRUE,,[CH3]O[cH0]1:[cX3](:[cH1]:[cH0]([CX3]):[cH1]:[cH0]1O[CH3])
insilico,4932,17318,Un17318,TRUE,,O=[CH0]([CH2][CH2][CH2][CH2][CH2][CH2][CH2][CX4])N
insilico,4933,17346,Un17346,TRUE,,O[CH1]([CH1]([CH0]([#6])([#6])[CH3])[#6])[#6]
insilico,4934,17353,Un17353,TRUE,,[#8]=[CH0]1[#6][#6][cH0](:[cH0]1:[cH1]:[#6]):[#6]
insilico,4935,17363,Un17363,TRUE,,O=[CH0](N[CX4]([CH2][CX4]))N
insilico,4936,17378,Un17378,TRUE,,[cH1]1:[cX3]:[cH1]:[cH1]:[cH0]2:[cH0]1:[cH0](:[cH1]:n2)[CH2][CX4]([CX3])
insilico,4937,17410,Un17410,TRUE,,O=[CH0](O)[CH1]([CH2][CH0](=O)O)N
insilico,4938,17414,Un17414,TRUE,,[#8]=[CH0]([CH2][CH2][CH2][CH2][CH2][CH2][CH2][CH2][CH2][CH2][CH2][#6])N
insilico,4939,17449,Un17449,TRUE,,O=[CH0]([cH0]1:[cH1]:[cH1]:[cX3](:[cH1]:[cH1]1))N[cH0]1:[cX3](:[cH1]:[cH1]:[cX3](:[cH1]1))
insilico,4940,17452,Un17452,TRUE,,[CH2]([CH2][CH2][CH2][CH2][CH1]=[CH1][CH2][#6])[CH2][CH2][CH2][CH2][#6]
insilico,4941,17473,Un17473,TRUE,,[CH3]O[cH0]1:[cH0](:[cH1]:[cH0](:[cH1]:[cH0]1O)[CX3])O[CH3]
insilico,4942,17484,Un17484,TRUE,,[#8][cH0]1:[cH1]:[cH0]([CH1]=[CH1][#6]):[cH1]:[cH1]:[cH0]1[#8]
insilico,4943,17492,Un17492,TRUE,,O=[CH0](O)[CH1]([CH2][CH2][CX4])N[CX3](=O)
insilico,4944,17504,Un17504,TRUE,,O[cH0]1:[cH0](:[cH1]:[cH0]([CX3]=O):[cH1]:[cH0]1O[CH3])O[CH3]
insilico,4945,17508,Un17508,TRUE,,O=[CX3]([CH1]([CH2][cH0]1:[cH1]:[cH1]:[cH0](:[cH1]:[cH1]1)O)N)
insilico,4946,17534,Un17534,TRUE,,O([cX3])[CX4]([CX4](O))
insilico,4947,17550,Un17550,TRUE,,[CX4][CH2][CX4]O[CH1]1[CX4]([CX4]([CX4]([CX4](O1))))
insilico,4948,17557,Un17557,TRUE,,[CH2]([cH0](:[#6]):[#16])[#6]
insilico,4949,17583,Un17583,TRUE,,[CH3]S[CX4]
insilico,4950,17591,Un17591,TRUE,,O=[CX3]([cH0]1:[cH1]:[cH0](O):[cH0](:[cH0](:[cH1]1)O[CX4])O[CX4])
insilico,4951,17606,Un17606,TRUE,,[#6][CH2][CH1]([#7])[#6]
insilico,4952,17611,Un17611,TRUE,,[#6][CH2][CH2][CH2][CH2][CH2][CH2][CH1]=[CH1][CH2][#6]
insilico,4953,17612,Un17612,TRUE,,O=[CH0]([CH2][CH2][CH1]([CX3](=O))N[CH0](=O)[CX4]([CX4]))N
insilico,4954,17621,Un17621,TRUE,,[CH3]O[cH0]1:[cH0](:[cX3]:[cH1]:[cH0](:[cX3]1)[CX3](=O))O[CH3]
insilico,4955,17639,Un17639,TRUE,,O=[CX3](O[CH1]1[CX4]([CX4]([CX4]([CX4]([CX4]1)))))
insilico,4956,17669,Un17669,TRUE,,O=[CX3]([cH0]1:[cH1]:[cH0](O):[cX3](:[cX3](:[cH1]1)))
insilico,4957,17676,Un17676,TRUE,,Br[cH0]1:[cH1]:[cX3]:[cX3](:[cH1]:[cX3]1)
insilico,4958,17693,Un17693,TRUE,,O[CX4][CX4]F
insilico,4959,17705,Un17705,TRUE,,O=[CH0]([CX4]N[CH0](=O)[CX4]([CX4]))O
insilico,4960,17711,Un17711,TRUE,,O=[CH0]([CX4])N[CH1]([CX3](=O))[CH2][CH0](=O)N
insilico,4961,17716,Un17716,TRUE,,O=[CX3]([CH2][CH2][CX4]([CX3](=O)))
insilico,4962,17717,Un17717,TRUE,,[CH3][CX4]([CX4][CX4]([CH2][CX3]=[CH1][CX4]))
insilico,4963,17738,Un17738,TRUE,,O[cH0]1:[cH1]:[cH1]:[cH0](:[#6]:[#6]1)[CH1]=[CH1][CH0](=O)O[#6]
insilico,4964,17747,Un17747,TRUE,,O=[CH0](N[CX4])O[CH2][CH1]1[cH0]2:[cH1]:[cH1]:[cH1]:[cH1]:[cH0]2[cH0]2:[cH1]:[cH1]:[cH1]:[cH1]:[cH0]12
insilico,4965,17786,Un17786,TRUE,,F[CX4]
insilico,4966,17789,Un17789,TRUE,,[#8]1:[#6]:[cH1]:[cH1]:[cH0]1[CH1]=[#6]
insilico,4967,17796,Un17796,TRUE,,[CH1]([#6])=[CH1][CH2][CH2][CH2][CH2][CH2][#6]
insilico,4968,17798,Un17798,TRUE,,[#6]O[cH0]1:[cH1]:[cH0](:[cH1]:[cH0](:[cH0]1O[CH3])[#8])[CH0](=O)N[#6]
insilico,4969,17824,Un17824,TRUE,,O=[CH0]([CH2][CH2][CH2][#7])O
insilico,4970,17825,Un17825,TRUE,,[CH3][CH2][CH2][CH2][CH2][#7]
insilico,4971,17832,Un17832,TRUE,,[CX4][CH2][CH2][CH2][CH2][CH2][CH2][CX3]N[CX4]([CH2][CX4])
insilico,4972,17835,Un17835,TRUE,,O[CH1]([#6])[CH1]([#8])[#6]
insilico,4973,17839,Un17839,TRUE,,O=[CH0]([#6])O[CH2][CH3]
insilico,4974,17850,Un17850,TRUE,,O=[CX3]N[CX4]([CH2][CH2][CH2]N)
insilico,4975,17852,Un17852,TRUE,,O=[CH0](N[CX4]([CH2][CX4]))[CX4]([CH2][CX4])
insilico,4976,17858,Un17858,TRUE,,[CH3]O[cH0]1:[cX3](:[cH1]:[cX3]:[cX3]:[cH1]1)
insilico,4977,17865,Un17865,TRUE,,O=[CH0]([CH2][CH2][CH2][CH2][CH2][CH2][#6])N[CH2][CH2][#6]
insilico,4978,17868,Un17868,TRUE,,O[CX4]([CH2][CH2][CH2][CH2][CH2][CX4])
insilico,4979,17880,Un17880,TRUE,,[CH2]1[CH1]2[CH2][CH1]3[CH2][CX4]([CH2]2)([CH2][CH1]1[CX4]3)
insilico,4980,17893,Un17893,TRUE,,O=[CH0]([CH1]1O[CH1]([CH1]([CH1]([CH1]1[#8])O)[#8])O[#6])O
insilico,4981,17910,Un17910,TRUE,,O=[CH0](N[CH1]([CH2][CH2][CX4])[CX3])[CX4]([CH2][CX4])
insilico,4982,17927,Un17927,TRUE,,[CH2]([CH2][CH2][CH2][#6])[CH2][CH2][#6]
insilico,4983,17937,Un17937,TRUE,,O=[CH0]([CX4]([CH2][CX4]))N[CH1]([CH2][CH0](=O)N)[CX3](=O)
insilico,4984,17945,Un17945,TRUE,,N[CX4]([CX4]([CX4]([CH2][CX3])))
insilico,4985,17959,Un17959,TRUE,,O=[CH0]([CX4]([CH2][CX4]))N[CH1]([CH2][CX3](=O))[CX3](=O)
insilico,4986,17963,Un17963,TRUE,,O=[CH0]([CX4]([CH2][CX4]))N[CH1]([CH2][CH2][CX3](=O))[CX3](=O)
insilico,4987,17970,Un17970,TRUE,,[CH3]S[CH2][CH2][CH1]([CX3])N[CH0](=O)[CX4]([CH2][CX4])
insilico,4988,17976,Un17976,TRUE,,O=[CX3]([CH1]([CH2][CH2][CH2]N)N[CH0](=O)[CX4]([CH2][CX4]))
insilico,4989,17983,Un17983,TRUE,,[CX4][CH2][CH2][CH2][CH2][CH2][CH2][CH2][CH2][CH2][CX3]N[CX4]([CH2][CX4])
insilico,4990,17985,Un17985,TRUE,,O=[CH0](N[CH2][CH2][CH2][CH2][#6])[CH2][CH2][#6]
insilico,4991,17987,Un17987,TRUE,,[#6][CH2][CH2][CH2][CH0](=O)N
insilico,4992,17989,Un17989,TRUE,,O=[CH0](N[CX4]([CH2][cH0]1:[cH0]2:[cH0](:[cH1]:[cH1]:[cH1]:[cH1]2):n:[cH1]1))[CX4]([CH2][CX4])
insilico,4993,17990,Un17990,TRUE,,[cH1]1:[cH1]:[cH0]([CH2][CH2]N[CX4]):[cH1]:[cH1]:[cX3]1
insilico,4994,18006,Un18006,TRUE,,[CH3][CH2][CH2][CH2][CX4](N)
insilico,4995,18008,Un18008,TRUE,,[CX4][CH2][CH2][CH2][CH2][CX3]N[CX4]([CH2][CH2][CX4])
insilico,4996,18013,Un18013,TRUE,,O=[CH0]([CH2][CH2][CX4])N[CH1]([CH2][CX4])[CX3](=O)
insilico,4997,18015,Un18015,TRUE,,O=[CH0]([CH2][CH2][CH2][CX4])N[CH2][CH2][CX4]
insilico,4998,18018,Un18018,TRUE,,O=[CH0]([CX4]([CH2][CX4]))N[CX4]([CH2][CH2][CH0](=O)O)
insilico,4999,18023,Un18023,TRUE,,[CH3][CX4]N[CX3][CH2][CX4]